tree
version=v4
num_class=1
num_tree_per_iteration=1
label_index=0
max_feature_idx=128
objective=regression
feature_names=order_item_id_count order_id_nunique customer_id_nunique product_id_nunique quantity_sum quantity_mean quantity_std unit_price_mean unit_price_std unit_price_min unit_price_max discount_amount_sum discount_amount_mean discount_amount_std line_revenue_sum line_revenue_mean line_revenue_std line_cogs_sum line_cogs_mean line_cogs_std category_Casual_count category_GenZ_count category_Outdoor_count category_Streetwear_count segment_Activewear_count segment_All-weather_count segment_Balanced_count segment_Everyday_count segment_Performance_count segment_Premium_count segment_Standard_count segment_Trendy_count region_CENTRAL_count region_EAST_count region_WEST_count payment_apple_pay_count payment_bank_transfer_count payment_cod_count payment_credit_card_count payment_paypal_count source_direct_count source_email_campaign_count source_organic_search_count source_paid_search_count source_referral_count source_social_media_count promo_ratio legacy_ratio return_ratio review_ratio items_per_order revenue_per_order revenue_per_customer discount_ratio year month day day_of_week day_of_year week_of_year quarter month_sin month_cos day_of_week_sin day_of_week_cos day_of_year_sin day_of_year_cos is_weekend is_month_start is_month_end is_quarter_start is_quarter_end is_year_start is_year_end week_of_month Revenue_lag_1 Revenue_lag_7 Revenue_lag_14 Revenue_lag_28 Revenue_lag_56 Revenue_lag_365 Revenue_rolling_mean_7 Revenue_rolling_std_7 Revenue_rolling_min_7 Revenue_rolling_max_7 Revenue_rolling_mean_14 Revenue_rolling_std_14 Revenue_rolling_min_14 Revenue_rolling_max_14 Revenue_rolling_mean_28 Revenue_rolling_std_28 Revenue_rolling_min_28 Revenue_rolling_max_28 Revenue_rolling_mean_56 Revenue_rolling_std_56 Revenue_rolling_min_56 Revenue_rolling_max_56 Revenue_rolling_mean_365 Revenue_rolling_std_365 Revenue_rolling_min_365 Revenue_rolling_max_365 Revenue_expanding_mean Revenue_expanding_std Revenue_diff_1 Revenue_diff_7 Revenue_diff_28 Revenue_diff_365 order_id_nunique_lag_1 order_id_nunique_lag_7 order_id_nunique_lag_28 order_id_nunique_rolling_mean_7 order_id_nunique_rolling_std_7 order_id_nunique_rolling_min_7 order_id_nunique_rolling_max_7 order_id_nunique_rolling_mean_28 order_id_nunique_rolling_std_28 order_id_nunique_rolling_min_28 order_id_nunique_rolling_max_28 customer_id_nunique_lag_1 customer_id_nunique_lag_7 customer_id_nunique_lag_28 customer_id_nunique_rolling_mean_7 customer_id_nunique_rolling_std_7 customer_id_nunique_rolling_min_7 customer_id_nunique_rolling_max_7 customer_id_nunique_rolling_mean_28 customer_id_nunique_rolling_std_28 customer_id_nunique_rolling_min_28 customer_id_nunique_rolling_max_28
feature_infos=[8:885] [8:803] [8:791] [6:275] [29:3879] [3.2222222222222223:5.375] [1.6929340332764418:2.775615319895826] [1871.2078005865103:10320.571250000001] [1482.385678706966:6127.2716012409255] [392.56999999999999:4558.71] [6440.79:43056] [0:2623653.7599999998] [0:6167.6661111111107] [0:5908.4578227041893] [279813.94:20905271.350000001] [6880.1422580645167:55063.135000000002] [9028.2619828924999:45324.940129501643] [236576.31017282695:16535857.667637881] [7959.9803763684022:48705.179811356691] [11108.800891798286:41285.115695112938] [0:53] [0:101] [0:590] [6:574] [0:552] [0:51] [1:117] [1:294] [0:171] [0:63] [0:16] [0:101] [1:273] [3:433] [1:265] [0:93] [0:58] [0:142] [3:488] [0:135] [0:80] [0:106] [2:241] [1:210] [0:108] [0:188] none [0.056603773584905662:1] [0:0.171875] none [1:1.3251748251748252] [8786.9981647940076:55063.135000000002] [8853.3151320754732:55063.135000000002] [0:0.25000009586737071] [2012:2021] [1:12] [1:31] [0:6] [1:366] [1:53] [1:4] [-1:1] [-1:1] [-0.97492791218182362:0.97492791218182362] [-0.90096886790241903:1] [-0.99999073973619013:0.99999073973619013] [-0.99996295911626554:1] [0:1] [0:1] [0:1] [0:1] [0:1] none none [1:5] [0:20905271.350000001] [0:20905271.350000001] [0:20905271.350000001] [0:20905271.350000001] [0:20905271.350000001] [0:20905271.350000001] [0:15492940.461428571] [0:6818553.61880315] [0:11068078.01] [0:20905271.350000001] [0:11567926.203571428] [0:6262511.7690872084] [0:7114017.6699999999] [0:20905271.350000001] [0:9635178.658214286] [0:4693864.3938977662] [0:5600677.6299999999] [0:20905271.350000001] [0:9287516.7628571428] [0:4051543.2297920547] [0:5123547.9400000004] [0:20905271.350000001] [0:5828140.2387397261] [0:3270502.5427157404] [0:5123547.9400000004] [0:20905271.350000001] [0:5192128.0778320748] [0:2815339.7811853262] [-11361301.290000001:10642453.030000001] [-14766450.25:12746766.600000001] [-10776011.920000002:16431270.23] [-11523589.17:10515847.93] [0:803] [0:803] [0:803] [0:595.85714285714289] [0:272.68279146639395] [0:386] [0:803] [0:375] [0:181.28011517739654] [0:211] [0:803] [0:791] [0:791] [0:791] [0:589.57142857142856] [0:267.53281952651969] [0:384] [0:791] [0:372.03571428571428] [0:178.42684093526219] [0:209] [0:791]
tree_sizes=2864 2729 2744 2747 2738 2761 2764 2766 2760 2757 2765 2773 2753 2756 2752 2770 2768 2759 2748 2767 2747 2757 2756 2761 2779 2758 2752 2770 2779 2773 2773 2769 2782 2763 2762 2769 2772 2757 2772 2770 2758 2748 2757 2772 2776 2777 2766 2746 2763 2759 2773 2769 2773 2745 2757 2772 2769 2753 2761 2757 2771 2773 2771 2747 2776 2755 2773 2763 2760 2771 2779 2761 2770 2754 2765 2762 2757 2764 2771 2774 2789 2759 2785 2780 2791 2759 2779 2766 2770 2769 2785 2784 2778 2777 2783 2784 2790 2779 2784 2759 2764 2770 2766 2790 2792 2766 2796 2776 2774 2802 2775 2794 2800 2796 2783 2783 2785 2791 2800 2788 2789 2791 2801 2797 2799 2779 2788 2807 2785 2791 2807 2800 2796 2784 2790 2797 2790 2801 2808 2794 2802 2791 2784 2812 2784 2800 2811 2813 2801 2797 2776 2796 2800 2815 2810 2803 2804 2797 2810 2785 2792 2805 2807 2781 2781 2806 2810 2789 2798 2811 2789 2799 2808 2800 2787 2821 2810 2790 2786 2801 2794 2797 2803 2801 2804 2809 2798 2803 2806 2796 2805 2796 2799 2778 2797 2803 2814 2801 2805 2817 2798 2780 2812 2795 2802 2826 2797 2829 2798 2797 2809 2807 2811 2803 2801 2779 2793 2803 2800 2806 2779 2766 2772 2761 2771 2802 2763 2786 2789 2782 2797 2791 2784 2772 2797 2802 2783 2794 2788 2796 2798 2792 2797 2778 2793 2788 2788 2807 2790 2775 2783 2788 2801 2779 2800 2796 2771 2791 2796 2814 2813 2798 2794 2785 2812 2810 2800 2786 2819 2799 2803 2801 2789 2783 2797 2799 2791 2811 2777 2804 2763 2787 2798 2768 2784 2801 2792 2784 2800 2800 2785 2793 2795 2780 2791 2788 2795 2783 2797 2794 2775

Tree=0
num_leaves=31
num_cat=0
split_feature=23 23 23 33 23 23 23 8 8 4 51 23 1 4 23 52 52 52 51 10 23 104 59 23 4 23 23 51 51 23
split_gain=1.18403e+16 2.52524e+15 2.08199e+15 5.11382e+14 3.98765e+14 3.75777e+14 2.634e+14 1.42679e+14 1.27203e+14 9.4251e+13 7.82084e+13 6.96001e+13 6.76664e+13 5.8612e+13 5.47736e+13 4.76906e+13 4.68065e+13 4.35688e+13 3.39172e+13 2.70955e+13 2.63295e+13 2.62123e+13 2.36033e+13 2.11465e+13 2.1016e+13 2.0593e+13 2.03545e+13 1.68198e+13 1.52521e+13 1.48367e+13
threshold=143.50000000000003 252.50000000000003 66.500000000000014 290.00000000000006 98.500000000000014 203.50000000000003 37.500000000000007 2231.3360851114458 3085.9984689786875 1228.0000000000002 18833.925329536531 304.50000000000006 200.50000000000003 645.50000000000011 51.500000000000007 21999.468654336739 20045.913118842367 25357.665922104672 23542.357602739728 12080.215000000002 24.500000000000004 2857192.6450000005 26.500000000000004 83.500000000000014 456.50000000000006 233.50000000000003 178.50000000000003 23803.318309605635 27478.673362438731 121.50000000000001
decision_type=2 2 2 2 2 2 2 2 2 2 2 2 2 2 2 2 2 2 2 2 2 2 2 2 2 2 2 2 2 2
left_child=2 5 6 8 13 9 20 -6 22 15 -7 -10 17 18 -8 -2 -11 -9 -4 -15 -1 27 -3 -21 -16 -12 -18 -14 -17 -19
right_child=1 3 4 -5 7 10 14 12 11 16 25 -13 21 19 24 28 26 29 -20 23 -22 -23 -24 -25 -26 -27 -28 -29 -30 -31
leaf_value=4231482.196679851 4436315.1371899331 4679623.7350284755 4313978.9417862874 4923064.0217592446 4327673.1092852317 4514941.9712784747 4292591.6746287886 4392168.6422648476 4720348.8790590875 4482396.0798150608 4607911.4400284747 4829145.7477665702 4432612.2724567186 4327146.4998409748 4305507.9739151942 4483022.6466843188 4524958.0312216571 4421609.8252530079 4355272.1328772353 4366830.1292949039 4262165.1520156544 4507408.683778475 4602806.8975284752 4393608.5438033855 4331211.2939198446 4654073.7903856179 4559264.1963520041 4464878.027528475 4519663.2475284748 4454027.9058761317
leaf_weight=109 45 20 64 39 37 20 319 124 49 41 78 21 92 25 128 77 88 120 223 136 195 20 20 161 210 35 85 72 45 50
leaf_count=109 45 20 64 39 37 20 319 124 49 41 78 21 92 25 128 77 88 120 223 136 195 20 20 161 210 35 85 72 45 50
internal_value=4.40221e+06 4.58626e+06 4.34368e+06 4.7675e+06 4.38988e+06 4.53372e+06 4.28965e+06 4.42227e+06 4.71234e+06 4.50846e+06 4.60608e+06 4.75299e+06 4.42959e+06 4.36249e+06 4.30745e+06 4.48031e+06 4.53043e+06 4.41471e+06 4.34606e+06 4.37714e+06 4.25116e+06 4.45337e+06 4.64122e+06 4.38135e+06 4.32148e+06 4.62221e+06 4.54181e+06 4.44678e+06 4.49654e+06 4.43114e+06
internal_weight=2748 663 2085 149 1124 514 961 515 110 381 133 70 478 609 657 167 214 294 287 322 304 184 40 297 338 113 173 164 122 170
internal_count=2748 663 2085 149 1124 514 961 515 110 381 133 70 478 609 657 167 214 294 287 322 304 184 40 297 338 113 173 164 122 170
is_linear=0
shrinkage=1


Tree=1
num_leaves=31
num_cat=0
split_feature=17 17 17 17 17 28 17 8 16 11 8 16 17 17 23 17 17 17 8 12 16 0 12 12 17 12 16 8 17 11
split_gain=1.10125e+16 2.21517e+15 1.95243e+15 4.77919e+14 3.79293e+14 3.24705e+14 2.27616e+14 1.07602e+14 1.03849e+14 9.21894e+13 7.52813e+13 6.66239e+13 6.0435e+13 5.81224e+13 5.44047e+13 4.66601e+13 4.18469e+13 4.03648e+13 3.09417e+13 2.85817e+13 2.83168e+13 2.56998e+13 2.28106e+13 2.18017e+13 1.97099e+13 1.85362e+13 1.54806e+13 1.38248e+13 1.20472e+13 1.14702e+13
threshold=4915333.7592282919 8627148.6160498969 2960692.2671528547 6493074.0246926341 1901698.4277875919 107.50000000000001 3984816.6710545993 2729.575091652524 16562.392612511103 11525.000000000002 2646.8606781891317 15463.320297730852 1357790.4545647905 2399159.6525239204 396.00000000000006 7451832.8693387052 5635743.6231700974 3363983.8368084594 2758.3461649531168 2097.7095804109595 18036.410609583672 537.50000000000011 745.2606960152799 1908.3825781770922 5918992.0314961793 762.72858232824694 18213.229970185919 2394.7956108174444 4387297.7968687611 139532.16
decision_type=2 2 2 2 2 2 2 2 2 2 2 2 2 2 2 2 2 2 2 2 2 2 2 2 2 2 2 2 2 2
left_child=2 3 4 9 12 8 10 -5 -3 16 -4 27 -1 26 -7 25 -2 29 -11 -17 -15 -10 28 -19 -20 -9 -6 -8 -13 -12
right_child=1 5 6 7 13 14 11 15 21 18 17 22 -14 20 -16 19 -18 23 24 -21 -22 -23 -24 -25 -26 -27 -28 -29 -30 -31
leaf_value=-152639.08577806124 104609.19835858587 234632.30525000003 -74722.544849537036 91880.592421875001 -109422.88289473683 436060.60000000003 -52798.96484375 206056.66329365081 327179.08981481486 21238.109901012074 -22226.366220315089 38388.977049512985 -116491.79844858155 -84271.804241071441 552684.71125000005 264398.52716346155 151317.38158602151 8798.4213949800742 72583.118595297026 199342.45700000002 -53289.17761115772 399980.46590909094 24173.50448700527 -19748.409379834469 112368.35236111112 158304.75 -83489.778322784812 1629.4760942731587 64479.984113018334 -48385.688793103451
leaf_weight=196 99 25 54 20 76 20 20 63 27 22 151 77 282 98 20 52 93 198 101 25 298 22 106 101 45 30 237 28 104 58
leaf_count=196 99 25 54 20 76 20 20 63 27 22 151 77 282 98 20 52 93 198 101 25 298 22 106 101 45 30 237 28 104 58
internal_value=1678.36 179003 -54820.6 137426 -96891.3 379598 851.546 201582 317557 103565 -18594.4 33474.3 -131314 -73684.1 494373 214488 127233 -12628.1 76516.1 243276 -60956.6 359865 42593.2 -844.488 84845.7 190653 -89786.6 -21049 53380.5 -29485.9
internal_weight=2748 664 2084 550 1187 114 897 190 74 360 562 335 478 709 40 170 192 508 168 77 396 49 287 299 146 93 313 48 181 209
internal_count=2748 664 2084 550 1187 114 897 190 74 360 562 335 478 709 40 170 192 508 168 77 396 49 287 299 146 93 313 48 181 209
is_linear=0
shrinkage=0.05


Tree=2
num_leaves=31
num_cat=0
split_feature=14 14 14 14 14 14 14 17 17 14 14 17 17 14 17 11 11 11 11 11 11 14 14 14 11 14 14 14 14 14
split_gain=1.01683e+16 2.20289e+15 1.91093e+15 3.82587e+14 3.36074e+14 3.10852e+14 2.5549e+14 5.9602e+13 5.54562e+13 5.27299e+13 5.23471e+13 5.23422e+13 5.22229e+13 4.11866e+13 3.20338e+13 1.73119e+13 1.47391e+13 1.37263e+13 1.2385e+13 1.19401e+13 1.04743e+13 1.15031e+13 8.66466e+12 7.49893e+12 7.28875e+12 6.26072e+12 5.92103e+12 5.6909e+12 5.6265e+12 5.48105e+12
threshold=5806402.6400000006 3199830.3500000006 10096738.675000003 4403483.3050000006 7517238.2400000012 1945081.7200000002 12728648.100000003 6945085.2162939114 3120048.173920243 14140236.715000002 2549459.0750000007 4218473.2713876376 5467533.2402921366 1318468.4400000002 9150342.0772241913 906351.63 317186.13500000007 672821.29000000015 869743.45500000019 257324.82000000004 1124440.1900000002 9404515.5200000014 4039136.1900000004 853742.67500000016 372692.48500000004 3554297.3350000004 4950915.4050000003 4834575.5750000002 6338146.290000001 7081283.6150000012
decision_type=2 2 2 2 2 2 2 2 2 2 2 2 2 2 2 2 2 2 2 2 2 2 2 2 2 2 2 2 2 2
left_child=1 5 4 8 12 13 14 -6 25 -8 19 27 28 23 -4 29 -12 26 22 -7 21 -9 -10 -1 -15 -3 -13 -5 -2 -14
right_child=2 3 6 11 7 10 9 20 18 -11 16 17 15 24 -16 -17 -18 -19 -20 -21 -22 -23 -24 -25 -26 -27 -28 -29 -30 -31
leaf_value=-165178.48000000001 77244.563694852943 -45529.002120535719 286092.8125 12021.234480882727 165024.14966216218 -95215.829899364413 419794.92142857146 202551.3131818182 -16923.342563140275 531842.88095238095 -67351.932426330794 34760.50946212469 114555.59776234569 -121536.13107798166 356705.13620689657 167442.21298076923 -43610.778879310346 75831.70771780303 26020.244773437502 -75451.070519911518 256248.77250000002 241468.06465517241 -733.16016894354334 -141791.72052752294 -101983.49426229508 -29464.222955607478 54841.435901717567 30078.279668674702 99093.161057692312 134494.12979166667
leaf_weight=50 68 140 36 92 74 236 21 55 206 21 263 51 81 218 29 26 87 66 25 113 20 29 138 109 61 107 131 83 52 60
leaf_count=50 68 140 36 92 74 236 21 55 206 21 263 51 81 218 29 26 87 66 25 113 20 29 138 109 61 107 131 83 52 60
internal_value=1594.44 -47717.8 189188 4909.28 145349 -95808.9 379703 199324 -20233.1 475819 -75113.9 41523.3 111873 -128836 317597 129953 -61450.6 56298 -7959.02 -88816.4 223730 215987 -10428.4 -149146 -117261 -38569.8 49214.4 20585.4 86712.3 123040
internal_weight=2748 2176 572 1039 465 1137 107 178 616 42 699 423 287 438 65 167 350 248 369 349 104 84 344 159 279 247 182 175 120 141
internal_count=2748 2176 572 1039 465 1137 107 178 616 42 699 423 287 438 65 167 350 248 369 349 104 84 344 159 279 247 182 175 120 141
is_linear=0
shrinkage=0.05


Tree=3
num_leaves=31
num_cat=0
split_feature=14 14 14 14 14 14 14 14 14 23 14 14 11 14 3 14 11 11 11 11 11 11 11 14 11 23 14 11 14 14
split_gain=9.17832e+15 1.91499e+15 1.78746e+15 3.32213e+14 3.19094e+14 2.81104e+14 2.30579e+14 5.3418e+13 5.08399e+13 4.9481e+13 4.7422e+13 4.41011e+13 3.32633e+13 3.17512e+13 2.84763e+13 2.09251e+13 1.8411e+13 1.70558e+13 1.60191e+13 1.51796e+13 1.48278e+13 1.16413e+13 1.13463e+13 1.12635e+13 7.78613e+12 7.31938e+12 6.64373e+12 6.38158e+12 4.58038e+12 4.52629e+12
threshold=5722429.330000001 3199830.3500000006 10096738.675000003 7517238.2400000012 4403483.3050000006 2101589.8650000007 12728648.100000003 1477257.2100000002 6582315.8150000004 384.00000000000006 8856888.4400000032 3852308.1700000004 672821.29000000015 2706566.6400000001 210.50000000000003 5054398.2350000013 918282.91500000015 388582.72000000003 768312.44500000018 448599.76000000007 428499.82000000007 266749.78500000009 333603.37500000006 971816.72000000009 422223.27000000008 247.00000000000003 8213804.3350000009 228660.78500000003 7081283.6150000012 3472564.8000000003
decision_type=2 2 2 2 2 2 2 2 2 2 2 2 2 2 2 2 2 2 2 2 2 2 2 2 2 2 2 2 2 2
left_child=1 5 3 8 11 7 14 23 20 -8 16 17 15 21 -4 27 26 29 28 -13 -2 -7 -15 -1 -9 -12 -5 -6 -10 -3
right_child=2 4 6 10 12 13 9 24 18 -11 25 19 -14 22 -16 -17 -18 -19 -20 -21 -22 -23 -24 -25 -26 -27 -28 -29 -30 -31
leaf_value=-152842.0883802817 75249.45924586778 -43738.15031988189 273820.73684210528 150503.5675 15155.021722854395 -84206.253442796617 395108.48250000004 -107759.07587851405 108066.6827425373 503772.91704545461 212363.41097560979 -10042.809135804755 71097.699267578122 -60079.948152043275 340978.25648148148 45797.890121644297 209490.453125 -11838.108218417326 160827.48200000002 18851.214247881358 111801.67361111111 -64861.810290948284 -34165.199439858487 -128745.51429738564 -86315.035784313732 248662.97440476192 178714.62968750001 35853.6018382353 127171.48029661019 -30724.558211436171
leaf_weight=71 121 127 38 60 138 236 20 249 67 22 41 198 64 208 27 149 24 91 25 59 36 116 53 153 51 21 32 51 59 141
leaf_count=71 121 127 38 60 138 236 20 249 67 22 41 198 64 208 27 149 24 91 25 59 36 116 53 153 51 21 32 51 59 141
internal_value=1514.72 -46419.6 175711 134979 3392.57 -91018.4 360718 -117908 103553 452028 189358 -19221.5 38044.9 -68032.7 301717 31786.4 170490 -30540.9 124267 -3409.55 83630.9 -77831.4 -54817.6 -136383 -104114 224658 160316 20740.4 117013 -36891.4
internal_weight=2748 2155 593 486 1018 1137 107 524 308 42 178 616 402 613 65 338 116 359 151 257 157 352 261 224 300 62 92 189 126 268
internal_count=2748 2155 593 486 1018 1137 107 524 308 42 178 616 402 613 65 338 116 359 151 257 157 352 261 224 300 62 92 189 126 268
is_linear=0
shrinkage=0.05


Tree=4
num_leaves=31
num_cat=0
split_feature=23 23 23 2 23 23 23 51 8 23 15 16 2 8 1 23 16 2 16 51 51 23 23 89 3 66 62 23 23 23
split_gain=7.86666e+15 1.68043e+15 1.38518e+15 3.47815e+14 2.76659e+14 2.4837e+14 1.69546e+14 7.98919e+13 6.73026e+13 6.41297e+13 6.15427e+13 5.86639e+13 5.80809e+13 4.16409e+13 3.32652e+13 3.24428e+13 3.067e+13 3.06535e+13 2.90427e+13 2.73118e+13 2.69093e+13 2.27419e+13 1.85293e+13 1.55682e+13 1.38065e+13 1.37828e+13 1.36028e+13 1.13411e+13 1.08427e+13 9.76272e+12
threshold=143.50000000000003 252.50000000000003 65.500000000000014 538.50000000000011 106.50000000000001 203.50000000000003 37.500000000000007 20528.32197697421 2231.3360851114458 168.50000000000003 21002.587167812395 16417.485482697168 132.50000000000003 2300.4561555379819 440.50000000000006 51.500000000000007 16635.938230561205 225.50000000000003 19775.095574315837 25555.073510132777 23342.894849333989 89.500000000000014 23.500000000000004 4580217.4953571437 131.50000000000003 0.1500498401600889 -0.5 233.50000000000003 122.50000000000001 78.500000000000014
decision_type=2 2 2 2 2 2 2 2 2 2 2 2 2 2 2 2 2 2 2 2 2 2 2 2 2 2 2 2 2 2
left_child=2 5 6 7 12 9 22 -3 -6 18 -5 -7 19 -14 -9 -8 -11 20 26 -4 -10 -15 -1 -20 -23 -17 -2 -13 -22 -21
right_child=1 3 4 10 8 11 15 14 17 16 -12 27 13 21 -16 25 -18 -19 23 29 28 24 -24 -25 -26 -27 -28 -29 -30 -31
leaf_value=-140057.62864583332 19517.623275756836 186876.07285714289 -66182.340998641317 353213.93920454546 -53457.327644230776 96660.6796875 -87790.120155760203 248775.20723684214 4405.7239476913064 64261.319531250003 468990.40520833334 171918.89054054057 -77515.483250000005 -23589.006009580236 319206.71416666667 -79869.164807242996 117997.68193108976 61846.788142641133 115726.31228448276 -41883.925414540819 24107.357811530284 -4953.2379372209825 -113501.24059495193 73236.035416666666 31249.865001260085 -57856.435796543345 61603.26770833334 206461.96250000002 47875.141116648709 -20751.708671762754
leaf_weight=96 32 35 92 22 26 24 319 38 117 32 24 74 25 187 30 107 156 62 29 147 107 175 208 84 31 212 48 35 87 87
leaf_count=96 32 35 92 22 26 24 319 38 117 32 24 74 25 187 30 107 156 62 29 147 107 175 208 84 31 212 48 35 87 87
internal_value=1438.98 151460 -46265.7 299307 -9268.16 108602 -91157.5 248256 24322.6 88066.7 413619 167429 -27282.5 -14945.2 279848 -76515.1 108851 29744.2 67820.8 -43101.6 23344.4 -10964.9 -121887 84140.6 494.802 -65240 44769 183011 34766.1 -34027.1
internal_weight=2748 663 2085 149 1143 514 942 103 399 381 46 133 744 418 68 638 188 373 193 326 311 393 304 113 206 319 80 109 194 234
internal_count=2748 663 2085 149 1143 514 942 103 399 381 46 133 744 418 68 638 188 373 193 326 311 393 304 113 206 319 80 109 194 234
is_linear=0
shrinkage=0.05


Tree=5
num_leaves=31
num_cat=0
split_feature=17 17 17 17 17 17 17 8 11 16 16 17 16 17 17 17 17 17 85 17 11 11 11 16 11 17 61 17 9 12
split_gain=7.00591e+15 1.42904e+15 1.34437e+15 2.77377e+14 2.17979e+14 2.15786e+14 2.06766e+14 6.48919e+13 5.41678e+13 5.21689e+13 5.20042e+13 4.33079e+13 3.88463e+13 3.37965e+13 2.97092e+13 2.96897e+13 2.33211e+13 1.90526e+13 1.90323e+13 1.7329e+13 1.65139e+13 1.56422e+13 1.30396e+13 1.26098e+13 1.13328e+13 1.07178e+13 1.0405e+13 7.44334e+12 6.6812e+12 6.07594e+12
threshold=4985195.9123749891 8627148.6160498969 2850164.5590494461 6493074.0246926341 11519607.891599217 1799702.3868254579 3744539.1584290178 3075.9868035403952 5104.3500000000013 14609.547610818612 18319.045598820998 2399159.6525239204 16417.485482697168 7317181.11548742 1226603.0043662118 4299546.2987716803 5635743.6231700974 9994525.9041994978 3705640.7303571431 3202111.1364044701 954330.33000000019 15421.220000000003 9091.5650000000023 17806.671344160812 297392.5450000001 5976594.1228404893 -0.6830127018922193 2133755.5907708504 643.28500000000008 1956.972578789952
decision_type=2 2 2 2 2 2 2 2 2 2 2 2 2 2 2 2 2 2 2 2 2 2 2 2 2 2 2 2 2 2
left_child=2 3 5 8 7 14 12 -3 16 28 20 23 26 -12 -1 24 -2 -9 -10 -14 -5 -17 -13 -7 -11 -20 -4 -25 -8 -21
right_child=1 4 6 10 -6 11 9 17 18 15 13 22 19 -15 -16 21 -18 -19 25 29 -22 -23 -24 27 -26 -27 -28 -29 -30 -31
leaf_value=-128815.98358208957 86602.001095360829 201833.22175000003 -75469.977556818179 84514.069375000006 428485.45000000001 -92015.906889204547 -7751.8795800781263 270048.05603448272 18775.109359886534 22970.992545984969 157430.30217391305 -42785.58636934674 -28509.022843924584 209711.11964285714 -100087.13437500001 54367.14608671172 122044.13588483146 327871.85892857146 61029.75228230338 -3370.8761330593838 144946.85264423079 26956.569531250003 -62829.626231751827 -77006.328108108122 -962.62556966145848 93688.936194196431 -40190.803097587719 -61323.109204101565 -44306.501187500005 -22798.923272235581
leaf_weight=134 97 25 33 20 29 88 25 29 21 158 69 199 179 56 274 111 89 28 89 178 26 98 137 185 72 35 57 128 25 52
leaf_count=134 97 25 33 20 29 88 25 29 21 158 69 199 179 56 274 111 89 28 89 178 26 98 137 185 72 35 57 128 25 52
internal_value=-662.259 148314 -43476.3 112416 310664 -80349.5 -743.841 268996 85702 22362.3 164125 -64199.3 -23386.9 180852 -109523 27873.8 103561 298453 62793.4 -16842.7 118672 41514.3 -50958.3 -75294.1 15478.7 70248.1 -53126.5 -70592.7 -26029.2 -7763.3
internal_weight=2746 613 2133 502 111 1145 988 82 331 489 171 737 499 125 408 439 186 57 145 409 46 209 336 401 230 124 90 313 50 230
internal_count=2746 613 2133 502 111 1145 988 82 331 489 171 737 499 125 408 439 186 57 145 409 46 209 336 401 230 124 90 313 50 230
is_linear=0
shrinkage=0.05


Tree=6
num_leaves=31
num_cat=0
split_feature=17 17 17 17 17 17 17 8 11 51 52 8 17 17 17 17 17 17 8 85 17 65 8 17 61 13 11 11 17 11
split_gain=6.32283e+15 1.28971e+15 1.2146e+15 2.50332e+14 2.2269e+14 1.96726e+14 1.65477e+14 5.8565e+13 4.89317e+13 4.4682e+13 4.40856e+13 3.49151e+13 3.32047e+13 2.93047e+13 2.80951e+13 2.35036e+13 2.25808e+13 2.08002e+13 1.89286e+13 1.85219e+13 1.7195e+13 1.47083e+13 1.35793e+13 9.79573e+12 9.49496e+12 9.20752e+12 7.89609e+12 5.42766e+12 5.37538e+12 5.3413e+12
threshold=4985195.9123749891 8627148.6160498969 2737444.0388783137 6493074.0246926341 3744539.1584290178 11519607.891599217 1749533.4922035635 3075.9868035403952 12600.000000000002 23109.014569672134 21556.687308270681 3262.9338869526114 2197148.2265067915 7317181.11548742 4387297.7968687611 3164897.6385604641 1226603.0043662118 5635743.6231700974 2394.7956108174444 3705640.7303571431 9994525.9041994978 -0.021515898191483831 2614.6816242883256 5976594.1228404893 -0.6830127018922193 2553.1125402888142 5104.3500000000013 110470.16500000002 4355260.2922024103 310964.54000000004
decision_type=2 2 2 2 2 2 2 2 2 2 2 2 2 2 2 2 2 2 2 2 2 2 2 2 2 2 2 2 2 2
left_child=2 3 6 8 11 7 16 -3 17 21 18 24 26 -11 -12 27 -1 -2 -6 -10 -9 -5 -14 -21 -4 -24 -8 -13 -20 -17
right_child=1 5 4 9 10 -7 12 20 19 13 14 15 22 -15 -16 29 -18 -19 28 23 -22 -23 25 -25 -26 -27 -28 -29 -30 -31
leaf_value=-122375.18521455224 82245.35261479592 191741.56425000002 -70944.735896381593 84274.118593749998 -42702.451041666674 407061.18362068967 -70405.567418323873 256545.64655172417 14748.909282226565 150511.04765625001 19494.716523397194 -25726.590080054011 -93285.02982954547 200780.46108490566 48676.752436342591 -4511.4706616460062 -96714.370089285716 115537.96736111111 -3302.153507972831 57731.766015625006 311478.26964285714 138311.42738970587 -48593.031852213549 89004.488247767862 -39392.158435058598 -67320.975036764707 -86917.679979674809 -42924.791455078128 18240.189510569853 -22271.284461805557
leaf_weight=134 98 25 38 20 24 29 176 29 20 64 212 162 22 53 135 196 238 90 67 88 28 34 288 35 64 85 123 64 51 54
leaf_count=134 98 25 38 20 24 29 176 29 20 64 212 162 22 53 135 196 238 90 67 88 28 34 288 35 64 85 123 64 51 54
internal_value=-629.146 140898 -41302.5 106795 -3589.88 295131 -79050.6 255546 81416.9 155919 21244.1 -24600 -64627.7 173283 30848 -18911.3 -105958 98183.3 -2224.32 59374.3 283530 118298 -55112.3 66630.5 -51147 -52860.8 -77198.2 -30596.9 6008.52 -8347.59
internal_weight=2746 613 2133 502 1067 111 1066 82 331 171 489 578 694 117 347 476 372 188 142 143 57 54 395 123 102 373 299 226 118 250
internal_count=2746 613 2133 502 1067 111 1066 82 331 171 489 578 694 117 347 476 372 188 142 143 57 54 395 123 102 373 299 226 118 250
is_linear=0
shrinkage=0.05


Tree=7
num_leaves=31
num_cat=0
split_feature=14 14 14 14 14 14 14 17 14 14 17 17 17 17 11 11 11 11 11 14 14 11 17 14 14 14 14 14 14 14
split_gain=5.8577e+15 1.20486e+15 1.19318e+15 2.47688e+14 2.1286e+14 1.65538e+14 1.58084e+14 4.58939e+13 3.28397e+13 3.08331e+13 3.04273e+13 2.87333e+13 2.52064e+13 2.37247e+13 9.25111e+12 8.95842e+12 8.31372e+12 7.86514e+12 6.46725e+12 6.28904e+12 5.86911e+12 5.79341e+12 5.13283e+12 5.11146e+12 5.07704e+12 4.88455e+12 4.62192e+12 3.97711e+12 3.38396e+12 2.87517e+12
threshold=5633711.9800000014 10096738.675000003 3282574.0950000002 7703103.2400000012 2101589.8650000007 4403483.3050000006 13161770.050000003 5328222.5304739391 1373107.7150000003 2619691.8000000003 7059132.1781536629 9150342.0772241913 3202111.1364044701 4143039.4830511785 409315.63500000007 1124440.1900000002 906351.63 696460.42500000016 430448.12000000005 7252111.3050000006 1798738.0150000004 261718.65000000002 873949.29612052871 9404515.5200000014 3922911.9050000007 6044394.3050000006 4024703.9450000008 3666277.1200000006 2976368.7000000007 8381096.5600000015
decision_type=2 2 2 2 2 2 2 2 2 2 2 2 2 2 2 2 2 2 2 2 2 2 2 2 2 2 2 2 2 2
left_child=2 3 4 7 8 12 11 25 22 21 29 -3 27 -7 28 23 19 -15 26 -9 -10 -6 -1 -12 -20 -2 -14 -4 -11 -5
right_child=1 6 5 10 9 13 -8 16 20 14 15 -13 18 17 -16 -17 -18 -19 24 -21 -22 -23 -24 -25 -26 -27 -28 -29 -30 -31
leaf_value=-129013.27558139536 50508.11880122951 222836.60698529414 -31557.232709854015 127858.50083333334 -69853.003522727275 14911.601426138528 396112.95982142864 87549.926983695652 -93627.025650289026 -52508.139825581398 157718.04053030303 285355.23375000001 -19865.771096286528 34743.656864190256 -26626.662373991934 209611.16375000001 123575.0470982143 57144.493149038462 -5598.1794135816172 108235.12731481482 -80425.439977134156 -55388.035643564355 -109065.99321705427 186763.03660714289 14245.76620202443 69097.366071428565 -4091.6961505074792 -18553.120593143205 -42250.88632036424 149589.80108695652
leaf_weight=43 61 34 137 45 220 164 28 115 173 172 33 40 77 159 62 20 28 52 66 54 164 101 129 28 63 84 117 103 151 23
leaf_count=43 61 34 137 45 220 164 28 115 173 172 33 40 77 159 62 20 28 52 66 54 164 101 129 28 63 84 117 103 151 23
internal_value=-597.688 138551 -38923.3 106067 -71628.2 3439.83 294920 82626.4 -96275.7 -53858.3 159869 256630 -13702.8 29176.7 -44317.2 180571 98340.3 40264.2 -4583.25 94159.4 -87202.5 -65301.7 -114053 171050 4093.05 61277.1 -10352.5 -25976.3 -47713 135209
internal_weight=2746 593 2153 491 1215 938 102 342 509 706 149 74 563 375 385 81 197 211 323 169 337 321 172 61 129 145 194 240 323 68
internal_count=2746 593 2153 491 1215 938 102 342 509 706 149 74 563 375 385 81 197 211 323 169 337 321 172 61 129 145 194 240 323 68
is_linear=0
shrinkage=0.05


Tree=8
num_leaves=31
num_cat=0
split_feature=14 14 14 14 14 14 14 14 14 14 14 14 14 11 11 11 11 11 14 11 11 14 11 23 14 11 23 14 14 14
split_gain=5.28657e+15 1.08765e+15 1.07684e+15 2.00917e+14 1.92106e+14 1.60691e+14 1.49784e+14 3.2289e+13 3.22687e+13 2.97603e+13 2.78269e+13 2.51688e+13 2.48243e+13 1.76507e+13 1.15243e+13 9.78765e+12 9.77001e+12 8.4365e+12 8.03958e+12 7.71041e+12 7.6341e+12 5.92965e+12 5.22855e+12 5.12689e+12 4.53534e+12 4.3246e+12 4.2805e+12 3.80783e+12 3.66416e+12 2.98834e+12
threshold=5633711.9800000014 9833263.2000000011 3282574.0950000002 7517238.2400000012 2101589.8650000007 13161770.050000003 4475928.2350000003 6582315.8150000004 11466360.420000002 1461146.8050000004 2619691.8000000003 8856888.4400000032 3974646.0050000004 415197.94000000006 837213.75500000012 590926.33500000008 397550.65500000009 320990.88500000007 4950915.4050000003 233533.03500000003 462251.63000000006 926733.90500000014 261718.65000000002 280.50000000000006 8083024.8600000003 419756.45000000001 239.50000000000003 5113834.1250000009 5977386.3950000014 3666277.1200000006
decision_type=2 2 2 2 2 2 2 2 2 2 2 2 2 2 2 2 2 2 2 2 2 2 2 2 2 2 2 2 2 2
left_child=2 3 4 7 9 8 12 15 23 21 22 14 16 18 24 28 29 -12 -8 -9 -14 -1 -6 -3 -5 -11 -13 -15 -2 -4
right_child=1 5 6 11 10 -7 13 19 -10 25 17 26 20 27 -16 -17 -18 -19 -20 -21 -22 -23 -24 -25 -26 -27 -28 -29 -30 -31
leaf_value=-120827.71108490566 47556.901510416668 200359.96209677419 -29111.705087425595 114276.13022959184 -66360.353437500002 376307.31160714291 11885.838576766306 88170.031761363643 277146.41484375001 -84145.50035377359 -46278.438720034253 162945.4142857143 -4612.2052410925226 38863.627098214281 166503.424375 86833.835661764722 -5372.1101851497797 -28986.301948924731 30002.145604723286 116055.74003906251 16580.059649122806 -101320.1543367347 -52618.633415841585 232830.26500000001 136813.65121951219 -67218.776136363638 193231.54625000001 58523.462088815788 63580.904936079547 -18481.130501003441
leaf_weight=53 60 31 168 49 220 28 115 110 32 265 292 28 167 70 20 34 83 93 131 32 57 147 101 20 41 44 20 38 88 109
leaf_count=53 60 31 168 49 220 28 115 110 32 265 292 28 167 70 20 34 83 93 131 32 57 147 101 20 41 44 20 38 88 109
internal_value=-567.804 131623 -36977.1 99127.5 -68046.8 272730 3267.83 76584.5 237789 -91461.9 -51165.4 145355 -12288.1 28930.8 132172 62642.2 -20419.7 -42101.4 21533.1 94454.1 780.469 -106490 -62036.6 213093 124543 -81735.2 175565 45781 57084.7 -24928.6
internal_weight=2746 593 2153 482 1215 111 938 324 83 509 706 158 584 354 110 182 360 385 246 142 224 200 321 51 90 309 48 108 148 277
internal_count=2746 593 2153 482 1215 111 938 324 83 509 706 158 584 354 110 182 360 385 246 142 224 200 321 51 90 309 48 108 148 277
is_linear=0
shrinkage=0.05


Tree=9
num_leaves=31
num_cat=0
split_feature=14 14 14 14 14 14 14 23 14 17 17 17 17 14 17 11 11 11 11 11 27 11 11 14 14 14 14 14 17 14
split_gain=4.77205e+15 1.01496e+15 9.39764e+14 2.22774e+14 1.54922e+14 1.43956e+14 1.06615e+14 7.27343e+13 2.51186e+13 2.32585e+13 2.3161e+13 2.24744e+13 2.15737e+13 1.92165e+13 1.66215e+13 1.03197e+13 8.09312e+12 7.15386e+12 6.64661e+12 5.26237e+12 4.78799e+12 4.04135e+12 3.80912e+12 3.20319e+12 3.17101e+12 2.84171e+12 2.81863e+12 2.7168e+12 2.63451e+12 2.47202e+12
threshold=5545905.1750000007 8856888.4400000032 3132242.8150000009 11466360.420000002 4263380.2850000011 1945081.7200000002 6878534.3750000009 384.00000000000006 2524512.3500000006 6222083.8969143955 4018907.3297834718 8298934.6693056589 3017783.9160960182 1217598.8400000001 5135975.7318696612 1056709.1450000003 683668.46000000008 813074.47000000009 313308.67500000005 244887.66500000004 166.50000000000003 364930.7950000001 837213.75500000012 3974646.0050000004 8381096.5600000015 9581969.9700000007 4654439.7300000014 5977386.3950000014 788225.5292612575 1666405.6350000002
decision_type=2 2 2 2 2 2 2 2 2 2 2 2 2 2 2 2 2 2 2 2 2 2 2 2 2 2 2 2 2 2
left_child=2 6 5 11 12 13 14 20 19 -8 26 25 -4 28 27 24 -12 23 -10 -7 -5 29 -16 -14 -11 -3 -6 -2 -1 -15
right_child=1 3 4 7 10 8 9 -9 18 15 16 -13 17 21 22 -17 -18 -19 -20 -21 -22 -23 -24 -25 -26 -27 -28 -29 -30 -31
leaf_value=-120267.75833333333 43427.225996376816 153083.47112068965 -29518.787348568283 251024.76500000001 2622.4528984808153 -66806.003061995973 92045.319985465117 385104.10000000003 -47923.782480694987 113868.55496323531 27341.226155598957 211787.70795454548 -15873.068418678871 -91194.522840073536 71651.812683823533 159099.891875 49022.525613839287 11974.482622931986 -32018.417498224433 -53539.473802570094 285622.41875000001 -72898.352052238813 94177.2597826087 -5614.752690836589 134398.69134615385 175847.82307692309 15143.025067349139 58040.702595338982 -103134.5904494382 -80808.645707070711
leaf_weight=30 69 29 227 20 93 248 86 20 259 68 186 44 208 136 102 20 56 34 88 107 20 67 23 120 26 26 87 59 89 99
leaf_count=30 69 29 227 20 93 248 86 20 259 68 186 44 208 136 102 20 56 34 88 107 20 67 23 120 26 26 87 59 89 99
internal_value=-539.414 122542 -35837.5 231227 -867.399 -67319.9 84394.6 307250 -53456.5 111677 22256.1 185153 -17434.6 -90436.4 62827.8 126486 32358.4 -9857.01 -43890.1 -62807.4 268324 -83730.8 75796.5 -12120 119547 163845 8674.06 50163.1 -107454 -86819.2
internal_weight=2746 612 2134 159 1011 1123 453 60 702 200 422 99 589 421 253 114 242 362 347 355 40 302 125 328 94 55 180 128 119 235
internal_count=2746 612 2134 159 1011 1123 453 60 702 200 422 99 589 421 253 114 242 362 347 355 40 302 125 328 94 55 180 128 119 235
is_linear=0
shrinkage=0.05


Tree=10
num_leaves=31
num_cat=0
split_feature=17 17 17 17 17 17 17 8 8 17 12 12 17 17 12 17 17 8 81 8 17 12 12 17 17 8 12 33 17 12
split_gain=4.31055e+15 9.25771e+14 8.10382e+14 2.32749e+14 1.55183e+14 1.32893e+14 9.98672e+13 5.48473e+13 3.48613e+13 3.10479e+13 3.03239e+13 2.93674e+13 2.4466e+13 2.43852e+13 2.12075e+13 1.79739e+13 1.38337e+13 1.26495e+13 1.2349e+13 1.09384e+13 9.73634e+12 9.34678e+12 8.10574e+12 7.46567e+12 6.36496e+12 6.07577e+12 5.78565e+12 5.5039e+12 5.33436e+12 3.95633e+12
threshold=4985195.9123749891 8505605.658978669 2986708.9858339862 12317822.278103312 2030426.8028879415 6493074.0246926341 4143039.4830511785 3075.9868035403952 2694.5340643481777 1476992.3632290279 1.0000000180025095e-35 1.0000000180025095e-35 9994525.9041994978 3526498.6354982411 92.958717285945085 2487449.0715019992 5867018.6641113413 2785.3940598414688 3315533.9292857149 2865.5455441087038 7451832.8693387052 2108.6448474025979 99.606457166686553 5918992.0314961793 944951.12042487238 2900.5049220350315 2097.7095804109595 96.500000000000014 7154265.7789197834 127.42294926505454
decision_type=2 2 2 2 2 2 2 2 2 2 2 2 2 2 2 2 2 2 2 2 2 2 2 2 2 2 2 2 2 2
left_child=2 5 4 7 9 10 8 -3 27 24 16 20 -9 26 -8 25 -2 -12 -16 -13 -7 -15 -17 -19 -1 -6 -10 -4 -21 -11
right_child=1 3 6 -5 15 11 14 12 13 29 17 19 -14 21 18 22 -18 23 -20 28 -22 -23 -24 -25 -26 -27 -28 -29 -30 -31
leaf_value=-109586.29819711538 71215.277401859508 154979.71996527779 -56201.614823717951 380597.94021739135 -76357.040000000008 130416.43705357144 39848.616887842472 202197.9371527778 -11125.742739376907 -65159.530327868859 14338.626562500001 69444.787634858629 261341.77316176472 10949.385265286452 -19045.805690917969 -29141.955924479171 100578.98312500001 47616.356116615854 19501.566980178959 95766.150694444455 165715.44458333333 -9414.4142596905058 -44432.442889636077 73747.483384146341 -89623.291933139539 -50600.089993106623 -27200.642390422083 -24924.499431818185 126649.5040948276 -76467.072388059707
leaf_weight=52 121 36 39 23 25 56 146 36 205 183 21 21 34 203 25 192 60 82 123 27 30 78 158 41 172 272 77 22 29 134
leaf_count=52 121 36 39 23 25 56 146 36 205 183 21 21 34 203 25 192 60 82 123 27 30 78 158 41 172 272 77 22 29 134
internal_value=1069.3 117294 -32981.4 236417 -60246 85804.8 2302.2 205132 -9017.67 -80008.3 67326.4 122648 230925 -5127.58 26328 -43721.4 80949.1 50203.5 12990.2 100219 142730 5296.8 -36044.5 56326.7 -94257.6 -52768.2 -15515 -44921.3 111759 -69939.4
internal_weight=2723 617 2106 129 1188 488 918 106 624 541 325 163 70 563 294 647 181 144 148 77 86 281 350 123 224 297 282 61 56 317
internal_count=2723 617 2106 129 1188 488 918 106 624 541 325 163 70 563 294 647 181 144 148 77 86 281 350 123 224 297 282 61 56 317
is_linear=0
shrinkage=0.05


Tree=11
num_leaves=31
num_cat=0
split_feature=14 14 14 14 14 14 14 17 17 14 14 14 17 17 53 53 53 53 34 14 45 14 14 53 14 12 14 14 14 17
split_gain=4.01036e+15 8.81522e+14 8.20983e+14 1.51537e+14 1.41282e+14 1.38582e+14 1.30406e+14 2.82211e+13 2.65834e+13 2.17631e+13 2.11972e+13 2.099e+13 1.79128e+13 1.65289e+13 8.22063e+12 6.98923e+12 6.00084e+12 5.52531e+12 5.14105e+12 4.22017e+12 4.1861e+12 4.05868e+12 3.91783e+12 3.60956e+12 3.28182e+12 3.14997e+12 2.47868e+12 2.38638e+12 2.21144e+12 1.93009e+12
threshold=5931215.1700000009 3282574.0950000002 10096738.675000003 14140236.715000002 2082339.8400000003 4549772.7000000002 7937846.3600000003 5545146.0725733377 9522891.6925473548 2607419.1200000006 3922911.9050000007 1373107.7150000003 4299546.2987716803 7237796.667473482 0.14843384239279375 0.063187833192801274 0.11111111157484634 0.14843384239279375 155.50000000000003 7369507.9100000011 91.500000000000014 1779378.8350000002 853742.67500000016 0.13636364379181168 2927592.9900000007 638.05065556978241 6450940.495000001 4888363.4250000007 5221351.3500000006 5801400.6330159735
decision_type=2 2 2 2 2 2 2 2 2 2 2 2 2 2 2 2 2 2 2 2 2 2 2 2 2 2 2 2 2 2
left_child=1 4 6 8 11 10 7 26 -4 25 16 22 27 -8 19 -12 -3 24 -10 -9 -15 -13 -1 28 -11 -6 -2 -7 -14 -25
right_child=2 5 3 -5 9 12 13 14 18 17 15 21 23 20 -16 -17 -18 -19 -20 -21 -22 -23 -24 29 -26 -27 -28 -29 -30 -31
leaf_value=-106608.69702380952 52334.387585616438 -22117.450520306174 186564.76428571431 370125.22261904762 -58004.688009868427 10041.049643132717 118312.70905172413 79013.811360981315 229068.43150000001 -43616.394390060246 -4998.2766365988209 -77014.636959876545 26097.920667613638 144767.42111486488 118967.30312500001 12279.119357882726 -7097.6143737122256 -21090.257301682694 262626.37023809523 95245.023046875009 171252.39800000002 -65580.798657718129 -89026.57093023257 40087.720442708334 -33775.14716401734 -47683.393104338844 66248.408223684222 21722.375937500001 38205.436731770831 60356.980298913055
leaf_weight=42 73 247 35 21 190 81 58 107 25 166 171 162 55 37 20 89 91 52 21 64 25 149 129 24 173 121 57 95 120 23
leaf_count=42 73 247 35 21 190 81 58 107 25 166 171 162 55 37 20 89 91 52 21 64 25 149 129 24 173 121 57 95 120 23
internal_value=1015.84 -29267.9 122597 250434 -58429.6 5398.14 93029.3 76405.2 219403 -44117.8 -9817.32 -79273.7 28259.6 137499 88636.2 915.909 -18073.6 -36266.3 244388 85088.7 155447 -71536.7 -93345 37704.3 -38594.2 -53989 58435.2 16346.3 34400.2 50006.7
internal_weight=2723 2180 543 102 1184 996 441 321 81 702 598 482 398 120 191 260 338 391 46 171 62 311 171 222 339 311 130 176 175 47
internal_count=2723 2180 543 102 1184 996 441 321 81 702 598 482 398 120 191 260 338 391 46 171 62 311 171 222 339 311 130 176 175 47
is_linear=0
shrinkage=0.05


Tree=12
num_leaves=31
num_cat=0
split_feature=17 17 17 17 17 17 17 7 8 8 17 17 17 10 11 17 12 17 88 11 17 11 17 52 8 51 53 9 17 53
split_gain=3.5136e+15 7.81973e+14 6.31128e+14 2.02114e+14 1.15255e+14 1.08137e+14 8.58065e+13 5.28111e+13 3.39742e+13 3.13922e+13 2.9759e+13 2.36748e+13 1.94409e+13 1.93341e+13 1.9305e+13 1.79261e+13 1.1665e+13 1.0181e+13 8.32385e+12 7.94187e+12 7.80645e+12 7.00532e+12 6.93067e+12 6.73478e+12 6.62345e+12 5.46427e+12 5.2807e+12 5.08315e+12 4.60845e+12 4.56905e+12
threshold=4915333.7592282919 8298934.6693056589 2886887.0555297812 12317822.278103312 1861766.8577924843 6103365.8978930907 3831142.9087839532 4114.8328605769238 2785.3940598414688 2614.6816242883256 9994525.9041994978 6945085.2162939114 2446633.6159277349 12080.215000000002 12600.000000000002 1334783.3031730813 745.2606960152799 3409741.6148520014 5609842.2200000016 696460.42500000016 4299546.2987716803 632725.67000000004 5467533.2402921366 23685.939541020285 2694.5340643481777 21064.995893295894 0.038355622156893816 674.88000000000011 4597388.3440772044 0.073660754879893556
decision_type=2 2 2 2 2 2 2 2 2 2 2 2 2 2 2 2 2 2 2 2 2 2 2 2 2 2 2 2 2 2
left_child=2 5 4 7 15 14 13 -3 -7 -8 27 21 24 -4 22 -1 20 26 -16 -13 -11 -10 -2 -12 -6 -14 -15 -9 -18 -19
right_child=1 3 6 -5 12 8 9 10 11 16 23 19 25 17 18 -17 28 29 -20 -21 -22 -23 -24 -25 -26 -27 -28 -29 -30 -31
leaf_value=-88367.081470588237 55518.744521604945 108617.17414062501 -45493.659600694446 344931.3336956522 -78885.475312500013 39263.935966796875 -32456.140902217739 152422.83374999999 99933.337171052641 18190.180195630084 210224.42391304346 136025.666015625 -47281.720703125 -12836.291267257773 11024.075809151786 -67655.010147601468 4836.3898747314452 3001.1040710922362 45563.460664441751 103255.69158653847 36393.937617533193 71730.796169354842 76139.376600609758 249896.70375000002 -49289.409338768121 -31008.923895676693 -27965.984384412652 184964.93958333333 24154.056993140246 -13015.36475758272
leaf_weight=170 81 20 45 23 20 20 31 20 76 123 23 64 64 189 21 271 125 129 103 26 113 31 82 20 345 266 83 30 41 68
leaf_count=170 81 20 45 23 20 20 31 20 76 123 23 64 64 189 21 271 125 129 103 26 113 31 82 20 345 266 83 30 41 68
internal_value=965.046 103430 -30517.3 209825 -55646 74720.5 -373.517 182326 101356 16024.6 198177 107659 -42959.7 -14187.5 54581.8 -75639.3 19763.1 -11183.7 39714 126559 26906.4 91762.5 65892.3 228677 -50911.1 -34164.9 -17453.1 171948 9607.62 -2527.42
internal_weight=2723 640 2083 136 1136 504 947 113 217 433 93 197 695 514 287 441 402 469 124 90 236 107 163 43 365 330 272 50 166 197
internal_count=2723 640 2083 136 1136 504 947 113 217 433 93 197 695 514 287 441 402 469 124 90 236 107 163 43 365 330 272 50 166 197
is_linear=0
shrinkage=0.05


Tree=13
num_leaves=31
num_cat=0
split_feature=14 14 14 14 14 14 14 14 17 17 14 17 17 14 11 11 11 14 11 11 11 11 23 14 39 14 14 14 14 14
split_gain=3.27287e+15 7.20024e+14 6.70296e+14 1.32805e+14 1.26756e+14 1.06816e+14 9.68365e+13 2.37924e+13 2.27195e+13 2.11461e+13 1.71902e+13 1.4377e+13 1.37468e+13 1.32236e+13 9.22136e+12 5.70503e+12 4.96476e+12 4.53408e+12 4.44637e+12 4.10869e+12 4.0887e+12 4.06932e+12 3.63357e+12 3.25365e+12 3.07303e+12 2.556e+12 2.10207e+12 2.04054e+12 1.93025e+12 1.53047e+12
threshold=5931215.1700000009 3398121.5850000004 10096738.675000003 2223852.1350000002 14140236.715000002 7937846.3600000003 4549772.7000000002 1477257.2100000002 5545146.0725733377 9522891.6925473548 2832822.2850000006 4387297.7968687611 7317181.11548742 4024703.9450000008 954330.33000000019 403450.38000000006 349752.65000000008 1079374.3150000002 297392.5450000001 287160.10500000004 712848.08000000007 422223.27000000008 264.50000000000006 7302660.2250000006 92.500000000000014 5054398.2350000013 8478943.4600000028 6450940.495000001 1970981.5600000003 730735.54500000004
decision_type=2 2 2 2 2 2 2 2 2 2 2 2 2 2 2 2 2 2 2 2 2 2 2 2 2 2 2 2 2 2
left_child=1 3 5 7 9 8 13 17 27 -4 19 25 26 15 23 -3 -12 29 -15 -5 -13 28 -14 -10 -11 -8 -7 -2 -9 -1
right_child=2 6 4 10 -6 12 11 21 14 24 16 20 22 18 -16 -17 -18 -19 -20 -21 -22 -23 -24 -25 -26 -27 -28 -29 -30 -31
leaf_value=-103089.43988095238 47330.040496575348 -17071.461523829694 168593.71357142858 -47414.281712062257 335730.03690476192 99859.850000000006 11570.775801401291 -66977.723285714281 69133.982082201095 207792.6015625 -31652.590866815473 30491.05054944013 132963.61571428573 -2642.6927529155346 105929.43987068965 -1176.2647419132597 -17217.204407051282 -76530.445253759404 12615.843897153254 -35381.775334821425 46457.144346590911 -49951.195217803033 159679.48750000002 83438.391696428575 233663.71988636363 23542.532201086957 117845.15976562501 59954.578618421059 -58452.802774532713 -87471.803729838721
leaf_weight=21 73 249 35 257 21 33 126 175 92 24 252 148 35 138 29 73 78 133 73 98 55 66 20 70 22 69 32 57 107 62
leaf_count=21 73 249 35 257 21 33 126 175 92 24 252 148 35 138 29 73 78 133 73 98 55 66 20 70 22 69 32 57 107 62
internal_value=916.794 -26441.1 110751 -51250 226262 84034.5 6841.86 -69218.1 68989 197882 -36455.9 25502.9 124281 -7092.68 79963.2 -13467.9 -28240.6 -82253.1 2636.33 -44092.6 34816.8 -61127.4 142678 75314.9 220166 15806.9 108714 52865.4 -63743.1 -91423.3
internal_weight=2723 2180 543 1249 102 441 931 564 321 81 685 398 120 533 191 322 330 216 211 355 203 348 55 162 46 195 65 130 282 83
internal_count=2723 2180 543 1249 102 441 931 564 321 81 685 398 120 533 191 322 330 216 211 355 203 348 55 162 46 195 65 130 282 83
is_linear=0
shrinkage=0.05


Tree=14
num_leaves=31
num_cat=0
split_feature=14 14 14 14 14 14 14 17 17 14 17 17 17 14 11 11 11 9 11 11 14 8 14 0 11 14 14 14 17 14
split_gain=2.95454e+15 6.66555e+14 5.80992e+14 1.19639e+14 1.14397e+14 9.85231e+13 8.76165e+13 2.53638e+13 1.90843e+13 1.68169e+13 1.56235e+13 1.35168e+13 1.1997e+13 1.04109e+13 7.80091e+12 5.30835e+12 4.78652e+12 4.63908e+12 3.76317e+12 3.15695e+12 3.07809e+12 2.92405e+12 2.86314e+12 2.79441e+12 2.23282e+12 2.02176e+12 1.95298e+12 1.91429e+12 1.90479e+12 1.79849e+12
threshold=5633711.9800000014 10096738.675000003 3132242.8150000009 7703103.2400000012 14140236.715000002 4263380.2850000011 1874736.4100000004 5426119.500460566 9522891.6925473548 2524512.3500000006 7059132.1781536629 4043258.8075019359 3017783.9160960182 1217598.8400000001 918282.91500000015 688704.47500000009 869743.45500000019 624.53500000000008 305775.39500000008 228660.78500000003 9134142.3500000015 3177.1752657156799 6044394.3050000006 620.00000000000011 351174.50500000006 5221351.3500000006 2326700.0600000005 4676728.4000000013 788225.5292612575 3539880.7200000002
decision_type=2 2 2 2 2 2 2 2 2 2 2 2 2 2 2 2 2 2 2 2 2 2 2 2 2 2 2 2 2 2
left_child=2 3 6 7 8 12 13 22 -3 19 -5 27 -4 28 21 25 29 -12 -11 26 -19 -9 -2 -10 -15 -13 -8 -7 -1 -14
right_child=1 4 5 10 -6 11 9 14 23 18 17 15 16 24 -16 -17 -18 20 -20 -21 -22 -23 -24 -25 -26 -27 -28 -29 -30 -31
leaf_value=-94959.454435483873 35386.913776041671 160164.0275 -22489.907993985067 95114.951086956527 318943.53690476192 2803.2375485864018 -55876.036115506329 50633.894812500002 197862.7285 -37107.643171296302 147182.89375000002 17312.980993156125 -15478.895057003998 -68888.501693349754 92697.359926470599 38605.531222587721 14829.680131392044 105497.25596590909 -25280.709240591401 -42863.854223632814 129364.51357142859 69218.217504528977 49282.584213917529 222603.56369047624 -58240.715528846165 27524.38525390625 -46615.333356741576 13018.731398809525 -80410.074466463411 -7087.7279811243861
leaf_weight=31 60 35 226 69 21 101 158 25 25 243 22 123 86 203 34 57 22 22 93 128 35 138 97 21 65 80 89 84 82 248
leaf_count=31 60 35 226 69 21 101 158 25 25 243 22 123 86 203 34 57 22 22 93 128 35 138 97 21 65 80 89 84 82 248
internal_value=870.954 98423.4 -26935.4 74746.9 214949 61.5924 -52325.5 58964.1 187987 -41957.8 112498 17772.3 -13480.1 -71672.9 70912 25122.9 -7760.36 127680 -33834.1 -49236.7 120153 66367.9 43972.1 209157 -66306 21337.2 -52539.2 7441.62 -84401.5 -9248.33
internal_weight=2723 604 2119 502 102 1027 1092 354 81 711 148 445 582 381 197 260 356 79 336 375 57 163 157 46 268 203 247 185 113 334
internal_count=2723 604 2119 502 102 1027 1092 354 81 711 148 445 582 381 197 260 356 79 336 375 57 163 157 46 268 203 247 185 113 334
is_linear=0
shrinkage=0.05


Tree=15
num_leaves=31
num_cat=0
split_feature=14 14 14 14 14 14 14 14 17 17 14 17 17 14 11 11 9 14 11 11 11 11 23 14 14 8 14 14 8 17
split_gain=2.62574e+15 6.05274e+14 5.06435e+14 1.05924e+14 8.85716e+13 8.65722e+13 7.72312e+13 1.96014e+13 1.42671e+13 1.32335e+13 1.30924e+13 1.2362e+13 1.12234e+13 1.10613e+13 6.26306e+12 4.70571e+12 3.93455e+12 3.92927e+12 3.65523e+12 3.53773e+12 3.43112e+12 2.88607e+12 2.56705e+12 2.23869e+12 2.02295e+12 1.94103e+12 1.80827e+12 1.50434e+12 1.37519e+12 1.34657e+12
threshold=5862416.2850000011 3350137.6000000006 9833263.2000000011 2223852.1350000002 13161770.050000003 4549772.7000000002 7703103.2400000012 1536813.4900000002 5426119.500460566 4218473.2713876376 11466360.420000002 3299728.6812273995 6945085.2162939114 2832822.2850000006 918282.91500000015 715774.3600000001 624.53500000000008 1127071.4750000003 349752.65000000008 279628.39000000007 428499.82000000007 430448.12000000005 280.50000000000006 4008924.3050000002 3826266.8850000002 3177.1752657156799 3715882.3600000008 9015487.0200000014 2614.6816242883256 700319.04837766744
decision_type=2 2 2 2 2 2 2 2 2 2 2 2 2 2 2 2 2 2 2 2 2 2 2 2 2 2 2 2 2 2
left_child=1 3 6 7 10 11 8 17 -2 -7 22 26 -8 19 25 -11 -14 29 -15 -5 28 23 -4 -13 -23 -10 -3 -18 -9 -1
right_child=2 5 4 13 -6 9 12 20 14 15 -12 21 16 18 -16 -17 27 -19 -20 -21 -22 24 -24 -25 -26 -27 -28 -29 -30 -31
leaf_value=-92869.566562500011 45131.948480504594 -19250.049654103055 140179.15714285715 -42746.530894308948 265430.64032258064 11883.562948854815 88128.12112068967 -67996.756473214293 49457.447187500002 26434.161764952962 191579.1866935484 -13436.022587890628 135601.97916666669 -29315.203053085774 89335.320043103449 42640.433712923732 99660.569047619065 -68309.701810344835 -16022.720667613636 -31959.718210227278 -45163.648195422538 -2779.7763349374136 163002.63153409094 -986.67025085449222 10173.940119839892 66180.821183206106 -10988.984854171526 116335.659375 -56302.285226117892 -78307.913392857154
leaf_weight=20 109 131 28 246 31 161 58 28 20 186 31 50 21 239 29 59 21 145 66 110 71 48 22 130 81 131 134 38 246 77
leaf_count=20 109 131 28 246 31 161 58 28 20 186 31 50 21 239 29 59 21 145 66 110 71 48 22 130 81 131 134 38 246 77
internal_value=-103.296 -24060.1 98924 -47153.8 193557 5349.09 74102.2 -62611.4 59408.1 23019.2 166050 -7149.28 104875 -33426.7 68053.1 30336.9 117016 -73520.7 -26438.8 -39413.5 -54959.1 -354.072 150221 -4444.82 5353.95 63965.8 -15072.8 110400 -57497.3 -81310.3
internal_weight=2767 2228 539 1248 112 980 427 587 289 406 81 574 138 661 180 245 80 242 305 356 345 309 50 180 129 151 265 59 274 97
internal_count=2767 2228 539 1248 112 980 427 587 289 406 81 574 138 661 180 245 80 242 305 356 345 309 50 180 129 151 265 59 274 97
is_linear=0
shrinkage=0.05


Tree=16
num_leaves=31
num_cat=0
split_feature=14 14 14 14 14 14 14 17 17 14 17 17 14 17 14 14 11 11 11 11 11 11 11 32 9 17 17 14 11 14
split_gain=2.37086e+15 5.94374e+14 3.99909e+14 1.24025e+14 7.34334e+13 6.48689e+13 6.0483e+13 3.17505e+13 1.51002e+13 9.98094e+12 9.97673e+12 9.79269e+12 8.50968e+12 8.2813e+12 7.57572e+12 4.49808e+12 4.04477e+12 4.00562e+12 3.69154e+12 3.61445e+12 2.55061e+12 2.39173e+12 2.2508e+12 1.89325e+12 1.77758e+12 1.61764e+12 1.51935e+12 1.37237e+12 1.32498e+12 1.29173e+12
threshold=5172247.290000001 8856888.4400000032 3029492.0050000004 13161770.050000003 6582315.8150000004 1874736.4100000004 4039136.1900000004 8298934.6693056589 6143588.3201914486 2398245.0800000005 3831142.9087839532 4755449.7077401951 1217598.8400000001 2839294.6550588235 11466360.420000002 7937846.3600000003 760728.26000000013 1040348.1250000001 292087.39000000007 779877.2350000001 954330.33000000019 244887.66500000004 349752.65000000008 150.00000000000003 680.32500000000016 5867018.6641113413 700319.04837766744 9581969.9700000007 504835.57000000007 4315459.120000001
decision_type=2 2 2 2 2 2 2 2 2 2 2 2 2 2 2 2 2 2 2 2 2 2 2 2 2 2 2 2 2 2
left_child=2 4 5 7 11 12 13 27 25 21 29 -2 26 -4 23 20 -13 28 -11 -15 -10 -7 -14 -9 -17 -6 -1 -3 -12 -8
right_child=1 3 6 -5 8 9 10 14 15 18 17 16 22 19 -16 24 -18 -19 -20 -21 -22 -23 -24 -25 -26 -27 -28 -29 -30 -31
leaf_value=-88226.089062500003 25393.78035326087 107317.22840909092 -23579.668684895834 252159.11250000002 56695.796303353658 -49655.116525423735 -4687.6772959116342 139292.02499999999 71624.641193181829 -36775.702783018867 10984.294137412624 39767.898743206526 -62235.014440639272 -12637.446290559947 182000.22661290324 107911.60000000001 57030.122361111105 35587.368206521744 -25735.304282134435 4067.8109422471789 92108.301488095254 -40012.362716584161 -51762.234048507467 160547.56281250002 89320.20694444445 69535.744821428569 -73129.653250000003 122517.18888888891 19000.499839743592 3825.4110243661062
leaf_weight=20 115 33 204 31 82 177 74 22 55 265 152 138 219 322 31 20 45 23 106 36 21 101 67 20 36 35 100 27 78 112
leaf_count=20 115 33 204 31 82 177 74 22 55 265 152 138 219 322 31 20 45 23 106 36 21 101 67 20 36 35 100 27 78 112
internal_value=-98.1312 78605.6 -27315.2 162096 53573.7 -48795 -4676.67 141104 73615.2 -38988.8 9229.43 36827.6 -64470.5 -15539.3 163252 85207.5 44012.7 15692.3 -33621.3 -10957.6 77284.6 -46151.8 -59781.6 149414 95960 60536.8 -75645.7 114157 13702.8 438.483
internal_weight=2767 711 2056 164 547 1055 1001 133 249 649 439 298 406 562 73 132 183 253 371 358 76 278 286 42 56 117 120 60 230 186
internal_count=2767 711 2056 164 547 1055 1001 133 249 649 439 298 406 562 73 132 183 253 371 358 76 278 286 42 56 117 120 60 230 186
is_linear=0
shrinkage=0.05


Tree=17
num_leaves=31
num_cat=0
split_feature=23 23 23 28 23 4 2 52 15 15 16 2 8 23 34 23 23 23 3 15 12 52 7 81 2 16 2 32 52 16
split_gain=2.02423e+15 4.51315e+14 3.71343e+14 9.58005e+13 7.25821e+13 6.71344e+13 5.01388e+13 3.18399e+13 2.25022e+13 1.94656e+13 1.85873e+13 1.3134e+13 1.22407e+13 1.16176e+13 1.12507e+13 1.08776e+13 1.00934e+13 7.19656e+12 7.06169e+12 7.4104e+12 6.80092e+12 6.04972e+12 5.98387e+12 5.60583e+12 5.41548e+12 3.94232e+12 6.29052e+12 3.79718e+12 3.30149e+12 2.71785e+12
threshold=143.50000000000003 266.50000000000006 74.500000000000014 123.50000000000001 44.500000000000007 1415.0000000000002 180.50000000000003 18471.954376350794 19377.497668147797 21871.330947471513 15692.998229601326 93.500000000000014 2300.4561555379819 91.500000000000014 143.50000000000003 30.500000000000004 214.50000000000003 173.50000000000003 151.50000000000003 20685.015746685167 1642.173805916306 28096.300569540483 4718.6812663086248 3866910.225000001 327.50000000000006 21271.429491488005 167.50000000000003 141.50000000000003 29080.477728989204 23154.639470693885
decision_type=2 2 2 2 2 2 2 2 2 2 2 2 2 2 2 2 2 2 2 2 2 2 2 2 2 2 2 2 2 2
left_child=2 5 4 7 15 9 10 -3 20 23 -4 22 -8 29 27 -1 -10 -11 19 -14 -7 -15 -6 -2 -22 26 -13 -9 -21 -12
right_child=1 3 6 -5 11 8 12 14 16 17 13 25 18 21 -16 -17 -18 -19 -20 28 24 -23 -24 -25 -26 -27 -28 -29 -30 -31
leaf_value=-67611.837951388894 3004.4846819196428 89854.257744565228 -35279.916432291669 254537.45054347828 -65663.281510416666 31446.132924107143 -22745.948007812502 129836.94768518519 74675.780226293107 44686.758632812503 -18670.5627373274 -37510.673974021083 4475.2554444979778 -5968.1934658792998 182151.85491071432 -51790.155451642342 101999.55470679014 64681.984678819455 33520.334515487943 18194.730548650568 49613.297826086957 8561.1457591181224 -39370.357343750002 31471.427561981825 85188.211875000008 -23289.41664761179 -18953.715659102185 156608.26923076922 38495.416276041673 -8644.5440431836632
leaf_weight=180 21 23 60 23 24 21 20 27 58 120 129 166 113 149 28 274 81 72 57 121 23 138 220 98 20 246 63 26 24 142
leaf_count=180 21 23 60 23 24 21 20 27 58 120 129 166 113 149 28 274 81 72 57 121 23 138 220 98 20 246 63 26 24 142
internal_value=-93.2246 77790.8 -23575.7 162194 -42411 56936.2 -392.182 141772 79302.5 42337 -8836 -32527.7 15184.8 -5992.56 156514 -58063.1 90598.3 52185 17593.1 14074.2 54769.4 1018.04 -41956.5 26447.8 66159.8 -27684.3 -32405.5 142970 21554.8 -13417.1
internal_weight=2767 641 2126 127 1173 514 953 104 203 311 618 719 335 558 81 454 139 192 315 258 64 287 244 119 43 475 229 53 145 271
internal_count=2767 641 2126 127 1173 514 953 104 203 311 618 719 335 558 81 454 139 192 315 258 64 287 244 119 43 475 229 53 145 271
is_linear=0
shrinkage=0.05


Tree=18
num_leaves=31
num_cat=0
split_feature=14 14 14 14 2 14 14 14 17 14 11 17 17 14 14 11 11 11 66 8 11 14 11 11 14 17 14 14 14 14
split_gain=1.93784e+15 4.22142e+14 3.9212e+14 7.58304e+13 7.01616e+13 6.39335e+13 6.11958e+13 1.59225e+13 1.58828e+13 1.08358e+13 1.07724e+13 9.55316e+12 8.4629e+12 7.19442e+12 4.68039e+12 4.04916e+12 3.66024e+12 3.37927e+12 3.00957e+12 2.78282e+12 2.63029e+12 2.5918e+12 2.24973e+12 1.9278e+12 1.69642e+12 1.58496e+12 1.57008e+12 1.52618e+12 1.48866e+12 1.22278e+12
threshold=5545905.1750000007 9833263.2000000011 3132242.8150000009 7517238.2400000012 579.50000000000011 4263380.2850000011 1874736.4100000004 12077159.125000002 5241424.5380387809 2430031.7550000004 504835.57000000007 6848655.291086413 3105261.7887478354 1178902.4800000002 4864356.2500000009 906351.63 1103782.5650000002 292087.39000000007 -0.82389248692129191 3075.9868035403952 813074.47000000009 4912660.6100000013 472989.24000000005 349752.65000000008 3505965.7100000004 4778111.1997032324 8856888.4400000032 2849474.3150000004 6960804.8650000012 3539880.7200000002
decision_type=2 2 2 2 2 2 2 2 2 2 2 2 2 2 2 2 2 2 2 2 2 2 2 2 2 2 2 2 2 2
left_child=2 3 6 8 7 12 13 18 25 22 14 -5 24 -1 -7 19 26 27 -3 -10 29 -12 -8 -15 -4 -2 -13 -11 -21 -14
right_child=1 4 5 11 -6 10 9 -9 15 17 21 16 20 23 -16 -17 -18 -19 -20 28 -22 -23 -24 -25 -26 -27 -28 -29 -30 -31
leaf_value=-69411.936458333337 26530.008145491804 115750.4425 -20761.607021297772 73058.369140625 248616.68690476191 4033.6099418554413 -43707.900259279479 174953.49772727274 33985.459609375001 -34534.517006215472 20295.533420138891 83165.830769230786 -12740.238824103861 -56514.790462662342 16044.678101405203 71142.083165322591 117163.628125 -21627.180028044873 139712.79342105263 49389.155632267444 8228.0954759597789 35223.370543981488 -33465.445714285714 -46881.698087686571 -12827.233994306145 37351.018256578951 98599.419305555566 -27226.012645656781 59209.619821428569 -5052.0922602335613
leaf_weight=108 61 20 157 64 21 178 229 33 20 181 63 26 68 231 149 31 20 117 38 86 32 54 70 67 118 76 45 118 70 216
leaf_count=108 61 20 157 64 21 178 229 33 20 181 63 26 68 231 149 31 20 117 38 86 32 54 70 67 118 76 45 118 70 216
internal_value=-88.5634 78512.4 -22363.7 58822.8 166237 -172.13 -42852.8 147226 45739.1 -34049.6 14165.1 87860 -10943.3 -58355.9 9506.54 54479.5 98269.9 -28831.2 131450 51544.6 -5361.67 27185.3 -41310 -54349 -17357 32532.9 92947.7 -31650.2 53795.8 -6892.92
internal_weight=2767 611 2156 499 112 1035 1121 91 344 715 444 155 591 406 327 207 91 416 58 176 316 117 299 298 275 137 71 299 156 284
internal_count=2767 611 2156 499 112 1035 1121 91 344 715 444 155 591 406 327 207 91 416 58 176 316 117 299 298 275 137 71 299 156 284
is_linear=0
shrinkage=0.05


Tree=19
num_leaves=31
num_cat=0
split_feature=14 14 14 14 14 14 14 17 17 17 14 17 14 17 14 14 11 11 11 11 11 11 14 11 32 9 17 14 17 14
split_gain=1.7496e+15 4.38777e+14 2.95701e+14 9.33209e+13 5.42148e+13 4.73353e+13 4.56063e+13 2.31783e+13 1.12611e+13 7.33607e+12 7.2817e+12 7.13528e+12 6.55916e+12 6.27761e+12 5.39507e+12 3.58434e+12 3.12219e+12 3.06195e+12 3.00651e+12 2.92492e+12 1.86937e+12 1.59896e+12 1.5886e+12 1.49853e+12 1.38912e+12 1.34687e+12 1.25925e+12 1.20519e+12 1.16779e+12 1.03002e+12
threshold=5172247.290000001 8856888.4400000032 3006594.0550000002 13161770.050000003 6582315.8150000004 1874736.4100000004 4039136.1900000004 8298934.6693056589 6143588.3201914486 3831142.9087839532 2326700.0600000005 4778111.1997032324 1284791.2300000002 2787110.250771929 11466360.420000002 7937846.3600000003 1040348.1250000001 760728.26000000013 292087.39000000007 441363.46000000008 954330.33000000019 178674.65500000003 788573.19000000006 224305.32000000004 150.00000000000003 680.32500000000016 5867018.6641113413 3554297.3350000004 4074403.0760568483 9581969.9700000007
decision_type=2 2 2 2 2 2 2 2 2 2 2 2 2 2 2 2 2 2 2 2 2 2 2 2 2 2 2 2 2 2
left_child=2 4 5 7 11 12 13 29 26 -8 23 -2 22 -4 24 20 -11 -13 -12 28 -10 -14 -1 -7 -9 -17 -6 -21 -15 -3
right_child=1 3 6 -5 8 10 9 14 15 16 18 17 21 19 -16 25 -18 -19 -20 27 -22 -23 -24 -25 -26 -27 -28 -29 -30 -31
leaf_value=-74927.483035714293 22206.942838541669 92102.159659090918 -21170.472043335638 217384.32661290324 48556.082202743906 -43768.889956896557 425.34455210367844 119626.95113636366 61331.932414772724 11749.162907502548 -32285.44911099138 34167.920302220395 -54150.074118589742 -11437.61006894023 155796.41653225807 93251.803437500013 31070.269361413044 49256.452847222223 -22761.075397359917 -7926.5428110758476 78868.065476190473 -46319.667131696428 -61587.923892045452 -35555.324687500004 137833.94375000001 77068.729166666672 59884.720089285722 3277.9261561075846 -22948.369075520837 105270.47592592594
leaf_weight=28 120 33 181 31 82 145 186 22 55 230 290 133 156 269 31 20 23 45 116 48 21 112 110 90 20 36 35 48 24 27
leaf_count=28 120 33 181 31 82 145 186 22 55 230 290 133 156 269 31 20 23 45 116 48 21 112 110 90 20 36 35 48 24 27
internal_value=-84.1352 67526 -23464.9 139261 46018.8 -42079.6 -4149.09 121051 63239.2 7963.64 -33618.6 31629.9 -55438.1 -13478 139975 73250 13505.6 37982.4 -29564.2 -9898.74 66177.4 -50877.7 -64294.5 -40623.3 128297 82848.4 51945 -2324.31 -12380.5 98027.9
internal_weight=2767 711 2056 164 547 1047 1009 133 249 439 641 298 406 570 73 132 253 178 406 389 76 268 138 235 42 56 117 96 293 60
internal_count=2767 711 2056 164 547 1047 1009 133 249 439 641 298 406 570 73 132 253 178 406 389 76 268 138 235 42 56 117 96 293 60
is_linear=0
shrinkage=0.05


Tree=20
num_leaves=31
num_cat=0
split_feature=14 14 14 14 0 14 14 14 17 14 14 14 14 12 9 11 12 11 11 11 8 11 14 14 17 11 14 17 14 14
split_gain=1.60703e+15 3.32428e+14 3.09709e+14 8.23544e+13 5.99462e+13 5.71008e+13 4.45151e+13 1.31079e+13 1.2862e+13 9.18511e+12 9.1058e+12 8.34055e+12 8.32477e+12 5.38571e+12 5.27953e+12 3.95503e+12 3.59147e+12 3.10832e+12 2.70518e+12 2.47677e+12 2.35517e+12 2.18268e+12 2.01759e+12 1.98139e+12 1.85883e+12 1.74892e+12 1.31182e+12 1.27083e+12 1.03813e+12 9.62847e+11
threshold=5545905.1750000007 10307273.775000002 3243946.5800000005 7517238.2400000012 658.00000000000011 2024099.8450000002 4475928.2350000003 8478943.4600000028 5279071.6524249176 2706566.6400000001 12077159.125000002 1373107.7150000003 3826266.8850000002 712.73263168268056 667.58000000000004 906351.63 802.75167425721099 399436.13500000007 379738.46000000008 409315.63500000007 3067.7756970445184 257324.82000000004 788573.19000000006 4912660.6100000013 5635743.6231700974 183913.67000000001 9134142.3500000015 4778111.1997032324 7252111.3050000006 2362454.1200000006
decision_type=2 2 2 2 2 2 2 2 2 2 2 2 2 2 2 2 2 2 2 2 2 2 2 2 2 2 2 2 2 2
left_child=2 3 5 8 10 11 12 17 27 21 -3 22 18 23 -9 20 -14 -5 -4 -11 -10 29 -1 -8 -15 -13 -16 -2 -22 -7
right_child=1 4 6 7 -6 9 13 14 15 19 -12 25 16 24 26 -17 -18 -19 -20 -21 28 -23 -24 -25 -26 -27 -28 -29 -30 -31
leaf_value=-70284.591964285719 25009.370961538461 120423.05397727274 -15467.272887073877 64444.588214285723 237807.74687500001 -39441.240429687503 5413.1175194326079 117545.05 30548.181049804687 -24305.24265510949 157566.9287878788 -49212.403547794122 -5118.3115290350252 20475.320910904258 80845.255092592604 65577.804071969702 6635.0150386421055 86795.228750000009 -4910.7975667314404 -12402.573170119067 46487.549239130436 -28639.58502420775 -56862.895602678567 15062.415239470109 35359.924710648149 -41573.784468283586 94785.962777777779 34475.622495993586 56216.920225694455 -33441.300066964286
leaf_weight=35 65 33 242 70 20 128 99 22 20 274 33 170 193 94 27 33 98 20 81 52 115 142 140 115 27 134 45 78 36 140
leaf_count=35 65 33 242 70 20 128 99 22 20 274 33 170 193 94 27 33 98 20 81 52 115 142 140 115 27 134 45 78 36 140
internal_value=-402.643 70779 -20698 56009.1 161975 -37415.2 704.971 83050 41670.4 -28670.7 138995 -50851.3 -7293.9 15365.6 96108.3 49729.9 -1160.15 69411.4 -12820 -22406.7 46671.6 -33651.4 -59547.2 10598.5 23796.7 -45845.4 89558.2 30172.8 48807.1 -36306.9
internal_weight=2781 617 2164 531 86 1215 949 184 347 736 66 479 614 335 94 204 291 90 323 326 171 410 175 214 121 304 72 143 151 268
internal_count=2781 617 2164 531 86 1215 949 184 347 736 66 479 614 335 94 204 291 90 323 326 171 410 175 214 121 304 72 143 151 268
is_linear=0
shrinkage=0.05


Tree=21
num_leaves=31
num_cat=0
split_feature=14 14 14 14 42 14 14 14 14 14 14 14 14 14 11 9 11 11 11 11 11 11 11 14 11 14 14 33 14 14
split_gain=1.45035e+15 3.00016e+14 2.79989e+14 7.43249e+13 5.43468e+13 5.38857e+13 3.91415e+13 1.18299e+13 1.10547e+13 7.86129e+12 7.12556e+12 6.30072e+12 5.93755e+12 5.46663e+12 4.92465e+12 4.76478e+12 3.92443e+12 3.69141e+12 3.46373e+12 2.80526e+12 2.15567e+12 2.0548e+12 1.78345e+12 1.7015e+12 1.52299e+12 1.22054e+12 1.18392e+12 8.99174e+11 8.4906e+11 8.3056e+11
threshold=5545905.1750000007 10307273.775000002 3029492.0050000004 7517238.2400000012 184.00000000000003 4236733.6300000018 1925134.3500000003 8478943.4600000028 6514911.120000001 3554297.3350000004 12077159.125000002 4735665.6350000007 1178902.4800000002 2549459.0750000007 230526.57000000004 667.58000000000004 237035.66000000003 552080.91000000003 415197.94000000006 399436.13500000007 345157.35000000003 358655.0400000001 514807.83500000002 1621982.5900000001 305775.39500000008 730735.54500000004 9134142.3500000015 135.50000000000003 5172247.290000001 5931215.1700000009
decision_type=2 2 2 2 2 2 2 2 2 2 2 2 2 2 2 2 2 2 2 2 2 2 2 2 2 2 2 2 2 2
left_child=2 3 6 8 10 9 12 19 17 21 -3 20 25 22 -10 -9 28 29 -11 -5 -7 -4 -8 -14 -15 -1 -17 -18 -13 -2
right_child=1 4 5 7 -6 11 13 15 14 18 -12 16 23 24 -16 26 27 -19 -20 -21 -22 -23 -24 -25 -26 -27 -28 -29 -30 -31
leaf_value=-70427.817261904755 23440.123563878678 114401.90170454547 -18514.451131572419 61222.358660714286 221669.23693181819 1526.2632694269673 -35338.71847370427 111667.7963068182 44276.91121875 -8339.9700906384642 147785.39112903227 9713.1088121639787 -49604.422275152443 -27013.844903846155 64831.300328947371 76802.992592592593 23118.357533482143 44624.315156249999 3599.0481852967059 82455.466562500005 12593.389086174244 -9227.6959313025854 -25453.448378537738 -42196.690221088444 -18669.741390830593 -57041.022951388899 90046.6651388889 35048.179048295453 17095.893327308771 31046.460553299752
leaf_weight=21 68 33 252 70 22 132 328 22 125 243 31 93 164 195 38 27 56 40 81 20 66 78 53 147 76 90 45 22 67 76
leaf_count=21 68 33 252 70 22 132 328 22 125 243 31 93 164 195 38 27 56 40 81 20 66 78 53 147 76 90 45 22 67 76
internal_value=-382.511 67240.1 -19663.1 53208.6 153876 -1810.49 -37781.6 78897.5 39586.8 -10887.6 130572 11805.2 -49646.2 -30102.4 49068.7 91302.9 17287.5 31187.1 -5355.22 65940.8 5215.31 -16319.4 -33963.6 -46103 -24673.8 -59573.7 85080.3 26483.2 12804.6 27454.6
internal_weight=2781 617 2164 531 86 1090 1074 184 347 654 64 436 422 652 163 94 238 184 324 90 198 330 381 311 271 111 72 78 160 144
internal_count=2781 617 2164 531 86 1090 1074 184 347 654 64 436 422 652 163 94 238 184 324 90 198 330 381 311 271 111 72 78 160 144
is_linear=0
shrinkage=0.05


Tree=22
num_leaves=31
num_cat=0
split_feature=14 14 14 0 14 14 14 14 14 17 11 14 11 14 11 11 14 17 11 14 11 17 11 8 98 33 14 8 17 11
split_gain=1.30894e+15 2.70912e+14 2.52975e+14 6.77243e+13 5.22336e+13 4.64077e+13 3.10524e+13 1.51082e+13 1.04162e+13 8.87266e+12 7.5676e+12 6.51703e+12 5.0576e+12 5.03191e+12 4.42924e+12 3.46062e+12 3.03727e+12 2.44734e+12 2.06593e+12 2.00897e+12 1.7058e+12 1.65063e+12 1.64068e+12 1.54168e+12 1.33758e+12 1.2266e+12 1.12705e+12 1.00267e+12 8.66741e+11 8.52707e+11
threshold=5545905.1750000007 9581969.9700000007 3350137.6000000006 658.00000000000011 2203026.3250000007 7369507.9100000011 4475928.2350000003 11466360.420000002 1567966.0350000004 5135975.7318696612 1103782.5650000002 2849474.3150000004 409315.63500000007 8478943.4600000028 534828.31000000017 906351.63 3991410.8400000003 1011633.4187822194 351174.50500000006 4912660.6100000013 279628.39000000007 8298934.6693056589 422223.27000000008 3067.7756970445184 2780381.3193174279 131.50000000000003 3826266.8850000002 2816.7573918756343 5545146.0725733377 297392.5450000001
decision_type=2 2 2 2 2 2 2 2 2 2 2 2 2 2 2 2 2 2 2 2 2 2 2 2 2 2 2 2 2 2
left_child=2 5 4 7 8 9 12 21 17 -2 13 20 16 -7 19 23 -4 -1 -13 -8 -6 -3 27 -11 -9 -16 -14 -10 -25 -19
right_child=1 3 6 -5 11 10 14 24 22 15 -12 18 26 -15 25 -17 -18 29 -20 -21 -22 -23 -24 28 -26 -27 -28 -29 -30 -31
leaf_value=-59094.718050986849 25772.526575413227 90560.998387096784 -11404.644368799014 215018.60875000001 -30110.520082720592 58283.310395408167 5565.2147556238015 129049.36625000002 -49983.284646739135 27038.90998046875 97667.313125000001 -20429.94759789938 -2613.8581729465063 77648.925857843133 19261.633880208334 58228.722983870975 -2488.7802063751224 -50814.860210129315 -10672.168370099749 14642.401435025049 -22801.803678097349 107012.98208333334 -31662.921073190795 37560.216038602943 147335.80875 31644.074843750001 6711.5797782238624 -39046.746954449154 45094.924209770114 -43389.774137931032
leaf_weight=76 121 31 263 20 272 98 114 20 23 20 20 241 54 51 60 31 150 116 70 131 113 30 76 68 20 30 81 236 87 58
leaf_count=76 121 31 263 20 272 98 114 20 23 20 20 241 54 51 60 31 150 116 70 131 113 30 76 68 20 30 81 236 87 58
internal_value=-363.385 63878.1 -18679.9 130957 -32873.3 47513.9 1910.94 114312 -43886.1 36519 68788.2 -23616.9 -5420.16 64911.8 13903.3 42831.2 -8166.44 -51609.3 -18233.7 10418.7 -27965.4 98652.1 -38122.5 40103.6 138193 23389.1 2981.4 -40017.9 41789.4 -48339.8
internal_weight=2781 617 2164 121 1281 496 883 101 585 327 169 696 548 149 335 206 413 250 311 245 385 61 335 175 40 90 135 259 155 174
internal_count=2781 617 2164 121 1281 496 883 101 585 327 169 696 548 149 335 206 413 250 311 245 385 61 335 175 40 90 135 259 155 174
is_linear=0
shrinkage=0.05


Tree=23
num_leaves=31
num_cat=0
split_feature=14 14 14 23 14 14 14 14 17 17 14 17 14 17 17 11 11 11 11 11 14 11 14 11 14 119 11 14 11 17
split_gain=1.18133e+15 2.8363e+14 1.92709e+14 8.06059e+13 3.78616e+13 3.39615e+13 2.8487e+13 2.00173e+13 6.80979e+12 6.2129e+12 5.13068e+12 4.84839e+12 4.69786e+12 4.30209e+12 3.63006e+12 3.12114e+12 2.23792e+12 2.04744e+12 2.0314e+12 1.85776e+12 1.78273e+12 1.77795e+12 1.63239e+12 1.31439e+12 1.00084e+12 9.00423e+11 8.98478e+11 8.62775e+11 1.08358e+12 7.70329e+11
threshold=5172247.290000001 8856888.4400000032 2915088.9800000004 396.00000000000006 6762199.1250000009 4024703.9450000008 1779378.8350000002 11466360.420000002 6222083.8969143955 4778111.1997032324 2326700.0600000005 3725029.0758167244 3472564.8000000003 8298934.6693056589 1122814.510266935 1040348.1250000001 612516.1050000001 1007949.1150000001 403450.38000000006 355177.60000000003 8381096.5600000015 292087.39000000007 6160081.3150000013 220370.45500000005 730735.54500000004 281.50000000000006 323982.19500000007 4760934.7500000009 339343.60000000003 7740984.626887179
decision_type=2 2 2 2 2 2 2 2 2 2 2 2 2 2 2 2 2 2 2 2 2 2 2 2 2 2 2 2 2 2
left_child=2 4 6 7 9 12 14 13 -6 -2 23 -7 19 29 24 20 -11 27 -14 -4 -10 -12 -18 -8 -1 -9 -16 -13 -29 -3
right_child=1 3 5 -5 8 11 10 25 15 16 21 17 18 -15 26 -17 22 -19 -20 -21 -22 -23 -24 -25 -26 -27 -28 28 -30 -31
leaf_value=-63951.690476190473 18599.737481971155 75762.898479729731 -18086.143562376968 207331.35875000001 44065.201685049018 -852.74168258367808 -36340.520122354494 137596.755 53995.948620129871 28893.291965658835 -27106.225057870372 5978.8564372370793 -9611.4601462368519 101687.57763157896 -45203.207851080253 79040.45982142858 34632.989462209305 23303.791435185187 327.26360448581067 -9130.1141661783859 68728.653348214284 -19272.955251736112 51378.319602272735 -29579.339709051725 -51816.544627808995 122593.23218749999 -38522.249058219182 8920.1387662394663 19413.5859375 86870.37199074075
leaf_weight=21 130 37 254 20 102 153 189 20 77 127 270 130 221 38 162 21 43 27 67 75 28 99 22 116 89 20 73 89 34 27
leaf_count=21 130 37 254 20 102 153 189 20 77 127 270 130 221 38 162 21 43 27 67 75 28 99 22 116 89 20 73 89 34 27
internal_value=-345.216 55206.2 -19462 113354 38079.2 -4429.43 -34951.9 100117 53669.3 27040.2 -28970.7 6304.71 -11962.5 88361.3 -46636.8 61444 32755.2 10215.7 -7299.33 -16044.5 57924.7 -25004.6 40300.6 -33769.1 -54133.3 130095 -43127.8 8818.99 11820.8 80448.9
internal_weight=2781 712 2069 162 550 1050 1019 142 228 322 674 433 617 102 345 126 192 280 288 329 105 369 65 305 110 40 235 253 123 64
internal_count=2781 712 2069 162 550 1050 1019 142 228 322 674 433 617 102 345 126 192 280 288 329 105 369 65 305 110 40 235 253 123 64
is_linear=0
shrinkage=0.05


Tree=24
num_leaves=31
num_cat=0
split_feature=17 17 17 17 23 17 17 8 8 17 52 17 17 53 8 17 10 85 17 12 53 17 53 12 51 53 1 12 17 53
split_gain=1.03269e+15 2.03884e+14 2.01916e+14 4.9718e+13 4.49332e+13 3.19544e+13 3.09913e+13 1.78305e+13 1.11542e+13 1.00762e+13 7.45648e+12 6.26341e+12 5.98412e+12 5.51239e+12 5.33716e+12 5.03685e+12 4.23578e+12 3.86286e+12 3.02507e+12 2.89725e+12 2.84109e+12 2.81568e+12 2.05042e+12 1.77439e+12 1.66276e+12 1.64475e+12 1.64428e+12 1.43781e+12 1.4375e+12 1.42821e+12
threshold=5017221.6813601172 2839294.6550588235 9522891.6925473548 6493074.0246926341 396.00000000000006 1769772.5580316188 3744539.1584290178 2614.6816242883256 2455.5590281065133 7864758.7286813147 24080.993627253552 2274640.9633057336 4536339.0203534458 0.0024695979959860046 2300.4561555379819 1122814.510266935 11922.965000000002 3492515.2067857147 3283124.2249897332 762.72858232824694 0.099183759024413815 5801400.6330159735 0.11111111703875283 505.29756468045696 21328.856160714287 0.11111111039417838 267.50000000000006 745.2606960152799 8298934.6693056589 0.085991143448161125
decision_type=2 2 2 2 2 2 2 2 2 2 2 2 2 2 2 2 2 2 2 2 2 2 2 2 2 2 2 2 2 2
left_child=1 5 3 10 13 15 14 -5 -8 19 17 24 20 -4 -3 -1 -13 -2 25 -9 -10 -12 -18 28 -7 -16 -19 -14 -11 -20
right_child=2 6 4 7 -6 11 8 9 12 23 21 16 27 -15 18 -17 22 26 29 -21 -22 -23 -24 -25 -26 -27 -28 -29 -30 -31
leaf_value=-51426.591647727277 3800.5866015624997 -27888.816280589388 126324.53571428571 19656.010400390627 196964.79750000002 -35987.221084558827 -19435.69717092803 66391.066114457833 10348.189054790297 80551.990896739138 34693.408177570091 -37291.312326388892 23115.720294331397 95718.560937500006 -8549.4383568297035 -38786.610229316546 -17382.804065819037 20595.829009874134 -252.20460167962153 50635.905833333338 669.80160729223951 47429.738013698632 -25725.319990335054 72285.95074404763 -27883.740889616936 -17436.578895399307 33285.258315677966 13218.186806488038 97712.13100961539 -9050.8597619811098
leaf_weight=110 20 34 28 20 20 85 33 83 209 23 107 36 86 31 188 278 306 45 148 45 119 73 97 21 248 72 59 64 26 67
leaf_count=110 20 34 28 20 20 85 33 83 209 23 107 36 86 31 188 278 306 45 148 45 119 73 97 21 248 72 59 64 26 67
internal_value=-327.955 -16325.8 57701 46426.5 132198 -30664.4 -19.2803 64648.7 8679.09 69193.4 33359.3 -24781.2 10620.1 110243 -8751.83 -42370.1 -20858.7 23924.6 -7382.03 60852.1 6836.82 39858.7 -19390.8 84445.9 -29952.2 -11010.5 27794.6 18892.8 89657.4 -2994.11
internal_weight=2781 2180 601 522 79 1160 1020 218 511 198 304 772 478 59 509 388 439 124 475 128 328 180 403 70 333 260 104 150 49 215
internal_count=2781 2180 601 522 79 1160 1020 218 511 198 304 772 478 59 509 388 439 124 475 128 328 180 403 70 333 260 104 150 49 215
is_linear=0
shrinkage=0.05


Tree=25
num_leaves=31
num_cat=0
split_feature=23 23 23 45 23 4 2 51 104 8 51 28 4 23 10 4 15 65 23 15 23 51 1 8 51 23 4 51 51 2
split_gain=9.14176e+14 2.01023e+14 1.61175e+14 4.12882e+13 3.23368e+13 2.99017e+13 2.31567e+13 1.07626e+13 9.39779e+12 9.289e+12 8.65476e+12 8.36785e+12 5.7037e+12 5.5787e+12 5.11792e+12 4.68216e+12 4.36534e+12 4.24004e+12 4.18544e+12 4.10141e+12 3.70841e+12 3.65425e+12 3.21699e+12 2.96286e+12 2.64921e+12 2.59902e+12 2.07261e+12 2.31431e+12 2.06374e+12 1.52581e+12
threshold=140.50000000000003 258.50000000000006 74.500000000000014 132.50000000000003 44.500000000000007 1415.0000000000002 177.50000000000003 22533.42340184905 5945630.4100000011 2900.5049220350315 21172.119119251121 85.500000000000014 456.50000000000006 28.500000000000004 11426.530000000002 682.50000000000011 21317.682088037418 -0.05591647229452347 174.50000000000003 25803.101840733831 203.50000000000003 25304.811335459479 221.50000000000003 3026.1712804933368 18661.836760752692 314.50000000000006 1186.5000000000002 21632.588966058102 28039.910543486378 234.50000000000003
decision_type=2 2 2 2 2 2 2 2 2 2 2 2 2 2 2 2 2 2 2 2 2 2 2 2 2 2 2 2 2 2
left_child=2 5 4 8 13 7 9 24 11 -4 17 16 23 -1 -8 28 -3 -7 -9 -17 -12 22 -16 -6 -2 -13 27 -14 -11 -26
right_child=1 3 6 -5 12 10 14 18 -10 15 20 25 26 -15 21 19 -18 -19 -20 -21 -22 -23 -24 -25 29 -27 -28 -29 -30 -31
leaf_value=-46445.928287337665 -249.13380468750003 53353.7760830966 -29650.869817073173 166693.15227272728 -45707.05148809524 18777.982921253551 -13692.683144170587 28841.412335015531 118069.93055555556 -15897.746488402063 47960.354752604173 87186.832670454547 -25169.113765495869 -34821.750499201284 3642.7739560610289 -5219.3330696059265 84188.554947916666 46639.591623263892 43077.647656250003 6937.6957057811596 65237.465589488638 19357.545735341493 16270.403158772788 -26121.739563802083 9810.7785986328126 110979.13671875 -5014.2809705946183 -17037.334254629401 -6244.5593789270679 24368.174635416668
leaf_weight=154 25 22 41 22 21 22 22 161 27 97 48 22 121 313 154 194 24 36 76 108 88 97 75 240 30 24 27 316 129 45
leaf_count=154 25 22 41 22 21 22 22 161 27 97 48 22 121 313 154 194 24 36 76 108 88 97 75 240 30 24 27 316 129 45
internal_value=-88.5491 50696.8 -16270.5 103766 -28394 36604.8 -511.324 27602.5 92132.8 -6725.12 52243 84520.8 -21784.4 -38655 9648.59 -4944.9 69441.5 36071.4 33406.6 -871.786 59139.7 11223.8 7778.46 -27697.6 13846.6 99600.2 -18458.3 -19288.9 -10387.7 18545.2
internal_weight=2781 672 2109 141 1192 531 917 337 119 569 194 92 725 467 348 528 46 58 237 302 136 326 229 261 100 46 464 437 226 75
internal_count=2781 672 2109 141 1192 531 917 337 119 569 194 92 725 467 348 528 46 58 237 302 136 326 229 261 100 46 464 437 226 75
is_linear=0
shrinkage=0.05


Tree=26
num_leaves=31
num_cat=0
split_feature=14 14 14 14 14 14 14 26 11 14 14 14 14 11 14 53 14 14 11 13 11 11 11 11 1 14 14 11 11 37
split_gain=8.89716e+14 2.03348e+14 1.5245e+14 4.09187e+13 2.81365e+13 2.61472e+13 2.18947e+13 1.20459e+13 5.58477e+12 4.518e+12 4.405e+12 4.23382e+12 3.43518e+12 3.39822e+12 2.67161e+12 2.64646e+12 2.48265e+12 2.46481e+12 2.41118e+12 1.63288e+12 1.36857e+12 1.33573e+12 1.20012e+12 1.10861e+12 9.90505e+11 9.60754e+11 9.31319e+11 9.12858e+11 6.28924e+11 5.68513e+11
threshold=5246998.1850000015 8856888.4400000032 2927592.9900000007 12077159.125000002 6878534.3750000009 3991410.8400000003 1970981.5600000003 69.500000000000014 1268918.8250000002 5977386.3950000014 4614595.7750000013 1256998.405 3472564.8000000003 837213.75500000012 10307273.775000002 0.014504246797890741 2430031.7550000004 7866205.0050000008 339343.60000000003 971.86014845346278 261718.65000000002 290234.02500000008 292087.39000000007 355177.60000000003 382.50000000000006 1595466.7250000003 730735.54500000004 472989.24000000005 192953.785 52.500000000000007
decision_type=2 2 2 2 2 2 2 2 2 2 2 2 2 2 2 2 2 2 2 2 2 2 2 2 2 2 2 2 2 2
left_child=2 4 6 8 9 12 11 -5 14 19 21 26 23 17 -3 -11 27 -6 -12 -2 -14 -7 -18 -4 -15 -13 -1 -8 -27 -17
right_child=1 3 5 7 13 10 16 -9 -10 15 18 25 20 24 -16 29 22 -19 -20 -21 -22 -23 -24 -25 -26 28 -28 -29 -30 -31
leaf_value=-54821.573046875004 15134.53892755682 68621.949897540995 -15443.639219066297 113641.4564516129 39971.872496966025 -1520.277489049575 -28788.99515261628 162687.23333333334 103918.7090625 26262.017010550215 6874.6483013784282 -38474.194986510789 -8496.5348684953969 53130.869062500009 86282.275189393957 35241.447916666672 -22600.51438065611 52406.733798076923 17998.452479166666 25444.765360169491 -533.16517920860883 6012.7511619398329 -15420.361417128164 -8502.8705195312505 68867.013281250009 -35200.225140765768 -43984.782209429832 -21570.396079545455 -29007.139278846153 46069.362926136368
leaf_weight=24 110 61 247 31 103 170 215 21 20 117 139 139 175 20 33 27 221 65 75 59 78 90 79 75 20 111 114 55 65 22
leaf_count=24 110 61 247 31 103 170 215 21 20 117 139 139 175 20 33 27 221 65 75 59 78 90 79 75 20 111 114 55 65 22
internal_value=-84.1216 48262.6 -16627.5 96692.4 33457.2 -3234.14 -30361.2 133448 79926.6 24488.8 5460.25 -38566.4 -10401.3 47901.4 74821.9 30347.6 -23840.2 44783 10773.2 18734 -6041.42 1087.31 -20709.7 -13827 60998.9 -35367 -45869.4 -27318.5 -32913 40103
internal_weight=2781 709 2072 166 543 1049 1023 52 114 335 474 453 575 208 94 166 570 168 214 169 253 260 300 322 40 315 138 270 176 49
internal_count=2781 709 2072 166 543 1049 1023 52 114 335 474 453 575 208 94 166 570 168 214 169 253 260 300 322 40 315 138 270 176 49
is_linear=0
shrinkage=0.05


Tree=27
num_leaves=31
num_cat=0
split_feature=14 14 14 14 14 14 14 17 9 14 14 11 17 14 14 11 14 14 11 9 33 11 14 11 11 11 17 14 12 11
split_gain=8.03137e+14 1.75577e+14 1.45132e+14 3.69292e+13 2.31382e+13 2.28767e+13 2.26692e+13 1.15164e+13 5.0472e+12 4.08474e+12 3.82321e+12 3.69713e+12 3.60001e+12 3.08508e+12 2.91714e+12 2.57956e+12 2.41261e+12 2.19196e+12 1.54286e+12 1.40456e+12 1.17407e+12 1.08801e+12 1.05507e+12 9.70625e+11 9.07606e+11 8.87237e+11 7.2568e+11 7.0862e+11 5.84756e+11 5.088e+11
threshold=5346416.6900000004 8856888.4400000032 3049583.4950000006 12077159.125000002 4039136.1900000004 6878534.3750000009 1970981.5600000003 11519607.891599217 612.56500000000017 4614595.7750000013 1178902.4800000002 612516.1050000001 6222083.8969143955 2506582.5900000003 3539880.7200000002 339343.60000000003 10307273.775000002 6211845.8000000007 118045.75000000001 595.9100000000002 156.50000000000003 303418.08500000002 1595466.7250000003 482265.84000000003 470836.1700000001 129987.99500000001 788225.5292612575 8213804.3350000009 745.2606960152799 283600.00500000006
decision_type=2 2 2 2 2 2 2 2 2 2 2 2 2 2 2 2 2 2 2 2 2 2 2 2 2 2 2 2 2 2
left_child=2 5 6 8 14 11 10 -5 -3 24 26 17 -7 23 25 -11 -10 -2 -16 -14 -13 -15 29 -8 -6 -4 -1 -21 -24 -12
right_child=1 3 4 7 9 12 13 -9 16 15 22 20 19 21 18 -17 -18 -19 -20 27 -22 -23 28 -25 -26 -27 -28 -29 -30 -31
leaf_value=-50362.67578125 17717.730307680602 98738.469687500008 -13816.757285247948 105820.80301724137 -356.58777413141161 37671.690152616284 -26630.505588717231 153197.73505434784 65185.705840163937 7031.0011395302545 -39333.486778846156 29804.035707720592 63144.762500000004 -20158.859907670456 -7431.0013383876785 17804.256245457851 81968.161931818177 27344.041292317706 1086.4770755865636 45306.131779233874 44627.847301136368 -13410.928276843561 -33693.651759708737 -19639.944211065576 6897.856710499731 -7918.6019507774945 -41814.461523437501 53842.063203125006 -27843.951776541096 -33663.438437500001
leaf_weight=36 154 20 213 29 168 86 267 23 61 157 91 34 20 220 167 86 33 96 78 62 22 82 103 61 58 91 80 40 73 70
leaf_count=36 154 20 213 29 168 86 267 23 61 157 91 34 20 220 167 86 33 96 78 62 22 82 103 61 58 91 80 40 73 70
internal_value=-79.9155 47150.6 -15366.3 91857.8 -1811.98 32712.1 -28107.2 126776 75930.2 6343.71 -36638.1 24015.4 45506.4 -21973.1 -8779.22 10843.8 71077.4 21414.2 -4719.31 51029.2 35627.7 -18326.6 -33943.2 -25330.4 1505.17 -12051.2 -44467.4 48653.6 -31267.4 -36868.2
internal_weight=2781 680 2101 166 1018 514 1083 52 114 469 453 306 208 630 549 243 94 250 245 122 56 302 337 328 226 304 116 102 176 161
internal_count=2781 680 2101 166 1018 514 1083 52 114 469 453 306 208 630 549 243 94 250 245 122 56 302 337 328 226 304 116 102 176 161
is_linear=0
shrinkage=0.05


Tree=28
num_leaves=31
num_cat=0
split_feature=14 14 14 14 45 14 14 14 14 14 11 14 17 11 33 17 17 11 17 14 11 14 11 11 12 14 11 17 14 11
split_gain=7.25245e+14 1.63914e+14 1.26917e+14 3.02372e+13 2.57967e+13 2.16289e+13 1.81945e+13 6.07923e+12 5.96239e+12 4.34247e+12 3.81658e+12 3.37525e+12 3.36022e+12 2.7745e+12 1.82835e+12 1.64959e+12 1.61054e+12 1.49927e+12 1.47153e+12 1.20722e+12 1.15972e+12 1.08917e+12 9.19167e+11 8.97998e+11 8.75368e+11 7.90756e+11 7.3233e+11 6.62168e+11 5.80831e+11 4.51223e+11
threshold=5862416.2850000011 3350137.6000000006 9581969.9700000007 2223852.1350000002 132.50000000000003 4614595.7750000013 7369507.9100000011 12077159.125000002 1536813.4900000002 8478943.4600000028 880144.17000000004 2832822.2850000006 3319221.9190502833 156760.20000000004 203.50000000000003 5241424.5380387809 8917659.7433792036 837213.75500000012 788225.5292612575 5172247.290000001 645067.06500000006 3779268.1400000006 279628.39000000007 470836.1700000001 745.2606960152799 5088480.3600000003 281767.87500000006 2237346.1363998526 3779268.1400000006 492253.12500000006
decision_type=2 2 2 2 2 2 2 2 2 2 2 2 2 2 2 2 2 2 2 2 2 2 2 2 2 2 2 2 2 2
left_child=1 3 6 8 7 12 10 16 18 17 15 22 28 19 -11 -2 -4 -8 -1 -7 -13 29 -5 -23 27 -15 -20 -10 -3 -14
right_child=2 5 4 11 -6 13 9 -9 24 14 -12 20 21 25 -16 -17 -18 -19 26 -21 -22 23 -24 -25 -26 -27 -28 -29 -30 -31
leaf_value=-47844.541579861114 22069.519174592395 -9385.9030468750007 70390.732848837215 -22230.344268798828 144186.01079545455 5728.7900484212241 41689.847572244624 102724.015625 -29440.150716911765 54989.063953488367 46492.356573275865 -14721.151689453127 -8045.4454190340912 14341.519262695314 73287.761562500003 30764.445483398438 85637.877909482762 56204.458096590912 -38808.011935483875 12930.108267941096 -5717.2916283584227 -1.4043372636959877 -16597.592195235149 6616.092688802084 -25516.42043833893 22112.925594682838 -32485.171009615384 -37869.244791666672 -4627.6379963087002 -553.73895098711989
leaf_weight=36 92 145 43 256 22 120 93 32 170 43 29 280 44 64 20 134 29 22 155 113 41 162 101 75 149 67 65 27 115 37
leaf_count=36 92 145 43 256 22 120 93 32 170 43 29 280 44 64 20 134 29 22 155 113 41 162 101 75 149 67 65 27 115 37
internal_value=-75.9198 -12882.9 50831.1 -24532.9 94996.5 2947.28 37979.3 84591 -32688.4 50246.8 29416.1 -17291.5 -3065.13 12494.5 60798.2 27224.9 76531.9 44466.6 -38473.4 9221.27 -13571.1 382.049 -20636.8 2092.74 -28408.2 18316.2 -36939.9 -30595.4 -7281.29 -4623.31
internal_weight=2781 2222 559 1280 126 942 433 104 602 178 255 678 578 364 63 226 72 115 256 233 321 318 357 237 346 131 220 197 260 81
internal_count=2781 2222 559 1280 126 942 433 104 602 178 255 678 578 364 63 226 72 115 256 233 321 318 357 237 346 131 220 197 260 81
is_linear=0
shrinkage=0.05


Tree=29
num_leaves=31
num_cat=0
split_feature=14 14 14 14 14 14 14 17 14 14 17 14 53 53 53 28 14 14 9 17 13 14 33 13 53 14 14 14 53 17
split_gain=6.5479e+14 1.32502e+14 1.28397e+14 3.04532e+13 2.27082e+13 1.81193e+13 1.54318e+13 7.61496e+12 3.86903e+12 3.13641e+12 2.94405e+12 2.732e+12 2.72726e+12 2.62924e+12 1.64696e+12 1.43314e+12 1.38664e+12 1.35172e+12 1.24675e+12 1.12689e+12 9.93255e+11 9.81654e+11 7.91604e+11 7.84337e+11 7.46765e+11 7.24586e+11 6.91124e+11 6.32645e+11 4.31359e+11 4.29122e+11
threshold=5545905.1750000007 8856888.4400000032 3221402.6450000005 13161770.050000003 1970981.5600000003 4315459.120000001 6878534.3750000009 8917659.7433792036 2569189.5050000004 1256998.405 6143588.3201914486 3666277.1200000006 0.092286942108582806 0.071559446351573561 0.03408391403304218 98.500000000000014 4975584.9100000011 6338146.290000001 595.9100000000002 7740984.626887179 2718.9824024965887 4614595.7750000013 156.50000000000003 1155.9943496756375 0.071559446351573561 730735.54500000004 1621982.5900000001 7937846.3600000003 0.035133528444147306 5572286.3004647465
decision_type=2 2 2 2 2 2 2 2 2 2 2 2 2 2 2 2 2 2 2 2 2 2 2 2 2 2 2 2 2 2
left_child=2 6 4 7 9 11 12 19 23 25 -8 24 17 16 -13 -9 -7 -2 -12 -3 -10 -15 -14 -6 -4 -1 -11 -20 -28 -23
right_child=1 3 5 -5 8 13 10 15 20 26 18 14 22 21 -16 -17 -18 -19 27 -21 -22 29 -24 -25 -26 -27 28 -29 -30 -31
leaf_value=-47280.038671875001 17077.926931381226 55362.763392857152 -10865.735061190991 127610.78286290323 -24482.467268192489 2661.3810470675835 33499.407357594937 79980.908573717956 -16514.041958770245 -32785.107450331125 57231.14406250001 -4994.3892378373585 27822.012046370972 6963.7059053308831 2783.6835022115265 95941.032102272729 9964.4982726490834 25362.970378417973 39512.453562500006 67721.121314102566 -9901.7048660714281 14650.971350279853 40223.384375000001 -19724.710541523975 -5123.0266279055759 -37721.388952850881 -30255.224723307296 47157.009666313563 -25050.215418198532 21931.440786637933
leaf_weight=24 128 35 188 31 213 161 79 39 301 151 20 187 31 34 107 22 109 80 50 39 70 67 22 146 81 114 96 59 68 29
leaf_count=24 128 35 188 31 213 161 79 39 301 151 20 187 31 34 107 22 109 80 50 39 70 67 22 146 81 114 96 59 68 29
internal_value=-72.1238 44529.3 -13269.6 82920 -24304.2 285.759 30941.1 72657.6 -18847.1 -33098.1 41100.8 -5495.24 22844.5 8422.51 -2163.59 85737 5609.68 20264.5 45755.9 61876 -15266.4 14264.6 32969.8 -22547.6 -9136.52 -39383.8 -30344.3 43650.3 -28097.1 16850.3
internal_weight=2781 635 2146 166 1183 963 469 135 730 453 208 563 261 400 294 61 270 208 129 74 371 130 53 359 269 138 315 109 164 96
internal_count=2781 635 2146 166 1183 963 469 135 730 453 208 563 261 400 294 61 270 208 129 74 371 130 53 359 269 138 315 109 164 96
is_linear=0
shrinkage=0.05


Tree=30
num_leaves=31
num_cat=0
split_feature=14 14 14 17 14 14 14 9 14 17 14 13 14 53 106 1 14 104 53 14 14 17 13 14 53 17 17 51 93 14
split_gain=5.84677e+14 1.25421e+14 1.20852e+14 2.85239e+13 2.8147e+13 2.44251e+13 1.56939e+13 4.41092e+12 4.12896e+12 3.94772e+12 3.25e+12 2.69202e+12 2.5444e+12 2.40999e+12 2.19384e+12 2.04497e+12 1.40548e+12 1.38294e+12 1.2474e+12 1.13795e+12 1.09662e+12 9.01118e+11 8.70226e+11 7.89422e+11 7.2843e+11 5.13375e+11 5.04583e+11 4.19231e+11 4.13413e+11 3.88388e+11
threshold=5768777.4650000008 3350137.6000000006 10686259.125000002 12317822.278103312 7786137.8850000007 2041795.9800000002 4475928.2350000003 615.28000000000009 2706566.6400000001 5545146.0725733377 1373107.7150000003 1184.3163159768624 9015487.0200000014 0.057617498154265638 -2244318.6699999995 355.50000000000006 3779268.1400000006 4856930.5650000004 0.1939732925543701 5088480.3600000003 4975584.9100000011 788225.5292612575 1155.9943496756375 3779268.1400000006 0.016409703075728851 5135975.7318696612 1915019.3569470276 26262.389882035732 5578237.3670535721 4182216.7750000008
decision_type=2 2 2 2 2 2 2 2 2 2 2 2 2 2 2 2 2 2 2 2 2 2 2 2 2 2 2 2 2 2
left_child=1 5 4 17 9 10 13 -6 22 25 21 20 28 16 -11 -16 -3 -4 -10 -13 -8 -1 -7 -15 26 -2 -12 -14 -9 -18
right_child=2 6 3 -5 7 8 11 12 18 14 24 19 27 23 15 -17 29 -19 -20 -21 -22 -23 -24 -25 -26 -27 -28 -29 -30 -31
leaf_value=-43297.090992647063 18708.474920099434 -9144.926344299316 75757.744039351863 151856.62232142859 73927.197767857157 -21942.828548177087 2958.9540122642175 49111.578464673919 -13859.278826941289 16702.935166015624 -28730.82323258197 11138.186359831576 51774.285937500004 -2324.9544838453598 31869.792544815893 48053.461548913045 -4603.3601907903494 91016.152651515149 -5309.8327513402828 20085.281451231062 9678.934645376632 -34292.665378289472 -17164.307535601267 4450.1997389051648 -25196.94766613924 24677.098002049184 -36402.684855769236 60068.670512820514 41170.020586622813 -188.27912395477296
leaf_weight=34 88 160 27 21 21 240 111 23 330 20 122 77 25 76 129 23 132 33 49 66 134 152 158 99 158 61 26 39 57 80
leaf_count=34 88 160 27 21 21 240 111 23 330 20 122 77 25 76 129 23 132 33 49 66 134 152 158 99 158 61 26 39 57 80
internal_value=-121.531 -11770.7 45160.3 101703 35736.4 -22008.9 2124.78 52519.8 -16489 27109.5 -30726.3 9816.21 49397.9 -3330.93 32270.3 34318.6 -5607.24 84149.9 -12753.9 15267.6 6634.37 -35938.6 -20045.8 1507.85 -27558 21152 -30078.6 56828.7 43453.2 -2937.29
internal_weight=2771 2204 567 81 486 1269 935 165 777 321 492 388 144 547 172 152 372 60 379 143 245 186 398 175 306 149 148 64 80 212
internal_count=2771 2204 567 81 486 1269 935 165 777 321 492 388 144 547 172 152 372 60 379 143 245 186 398 175 306 149 148 64 80 212
is_linear=0
shrinkage=0.05


Tree=31
num_leaves=31
num_cat=0
split_feature=14 14 14 14 14 14 14 9 14 11 14 11 11 14 14 14 14 14 14 11 11 14 14 2 11 51 11 14 14 14
split_gain=5.27671e+14 1.13192e+14 1.09069e+14 2.54027e+13 2.38049e+13 2.2055e+13 1.41741e+13 3.98086e+12 3.60978e+12 3.52926e+12 3.12782e+12 2.55464e+12 2.335e+12 2.31328e+12 1.96377e+12 1.68378e+12 1.44846e+12 1.38981e+12 1.00165e+12 9.91235e+11 8.95893e+11 8.94356e+11 8.74917e+11 7.3985e+11 6.39317e+11 6.03274e+11 5.70022e+11 4.82817e+11 4.59969e+11 4.14973e+11
threshold=5768777.4650000008 3350137.6000000006 10686259.125000002 7786137.8850000007 14140236.715000002 2056000.8950000003 4501686.8750000009 615.28000000000009 2832822.2850000006 228660.78500000003 1510471.0750000004 154582.66500000001 411898.31500000006 9134142.3500000015 6762199.1250000009 6450940.495000001 11466360.420000002 3779268.1400000006 788573.19000000006 632725.67000000004 257324.82000000004 4975584.9100000011 5088480.3600000003 336.00000000000006 39525.000000000007 24720.298106625716 279628.39000000007 2416340.3500000001 3826266.8850000002 4182216.7750000008
decision_type=2 2 2 2 2 2 2 2 2 2 2 2 2 2 2 2 2 2 2 2 2 2 2 2 2 2 2 2 2 2
left_child=1 5 3 9 16 10 12 -5 20 14 18 21 17 -9 -2 -11 -4 -3 -1 -10 27 -8 -13 -17 -12 -16 -20 -7 -14 -19
right_child=2 6 4 7 -6 8 11 13 19 15 24 22 28 -15 25 23 -18 29 26 -21 -22 -23 -24 -25 -26 -27 -28 -29 -30 -31
leaf_value=-41166.669577205881 18614.263706856345 -8146.8262583856995 69801.997146739144 70230.838244047627 139662.11684782611 -22185.5850317029 2978.361025137272 41946.14159058989 -12604.726045705977 25768.32922794118 -27739.077757352941 11059.175227399553 -967.6857775878907 54989.481647727283 20304.848860677084 34766.34471982759 85954.501607142854 -4055.6363603618784 -33658.061651785712 -4519.9084954001692 -15224.667718211207 9135.0253666698482 19052.494951026118 46774.616440217389 -22854.36396780303 29826.959628906254 -27899.26857358871 -18172.271317644816 4914.2557119641988 227.16279868267952
leaf_weight=34 134 184 23 21 23 138 106 89 274 34 136 70 55 55 21 29 35 142 140 44 145 133 67 23 132 80 62 164 84 94
leaf_count=34 134 184 23 21 23 138 106 89 274 34 136 70 55 55 21 29 35 142 140 44 145 133 67 23 132 80 62 164 84 94
internal_value=-115.455 -11182.2 42902.3 33949.6 96618.3 -20908.5 2018.54 49893.8 -15558.2 25754 -29029.4 9524.8 -3030.39 46928 22582.4 34420.5 79549.2 -4889.44 -33226.9 -11486.1 -18455.1 6404.45 14968.3 40077.7 -25333.2 27847.1 -31890.5 -20006.2 2586.87 -2349.78
internal_weight=2771 2204 567 486 81 1269 935 165 765 321 504 376 559 144 235 86 58 420 236 318 447 239 137 52 268 101 202 302 139 236
internal_count=2771 2204 567 486 81 1269 935 165 765 321 504 376 559 144 235 86 58 420 236 318 447 239 137 52 268 101 202 302 139 236
is_linear=0
shrinkage=0.05


Tree=32
num_leaves=31
num_cat=0
split_feature=14 14 14 23 14 14 14 14 9 14 14 14 13 14 14 13 11 11 11 11 14 12 52 11 11 11 11 11 8 14
split_gain=4.76223e+14 1.02299e+14 9.84344e+13 2.37917e+13 2.30145e+13 1.92372e+13 1.41392e+13 4.0034e+12 2.98765e+12 2.80555e+12 2.67476e+12 2.53117e+12 1.85405e+12 1.70415e+12 1.53676e+12 1.52904e+12 1.37906e+12 1.3017e+12 1.03588e+12 1.01854e+12 9.65183e+11 6.90442e+11 5.73998e+11 5.36588e+11 4.76564e+11 4.58803e+11 3.76812e+11 3.65442e+11 3.56666e+11 3.39428e+11
threshold=5768777.4650000008 3067049.3200000003 10686259.125000002 396.00000000000006 7937846.3600000003 4263380.2850000011 1821873.6250000002 6762199.1250000009 624.53500000000008 5013175.3800000008 2326700.0600000005 3554297.3350000004 1747.5883799867488 1178902.4800000002 9581969.9700000007 971.86014845346278 283600.00500000006 552080.91000000003 292087.39000000007 523326.50000000006 11466360.420000002 827.91371722113524 24468.37517141967 186730.26000000004 165937.78500000003 200751.70000000004 825859.4650000002 760728.26000000013 2839.0594283232463 2753091.0000000005
decision_type=2 2 2 2 2 2 2 2 2 2 2 2 2 2 2 2 2 2 2 2 2 2 2 2 2 2 2 2 2 2
left_child=1 6 4 20 7 11 13 17 -6 19 23 21 22 25 -10 -11 -13 -2 29 -7 -4 -3 -9 28 -15 -1 -18 -17 -8 -12
right_child=2 5 3 -5 8 9 10 12 14 15 18 16 -14 24 -16 27 26 -19 -20 -21 -22 -23 -24 -25 -26 -27 -28 -29 -30 -31
leaf_value=-37098.450137867643 17787.027667410715 -10594.56927039105 66946.624005681821 136164.09644886365 65539.18057065217 2738.396846645875 -29338.405625000003 20563.689675071026 42357.701598419546 8622.5224409993498 -17788.326674107142 -4855.5802479232325 40393.51951121795 -29124.15823359929 54893.921645220595 15534.070822669721 316.5595667955352 28014.475390625001 -11059.588140011623 9975.317739335318 80171.410641891896 -5368.9743231134107 29476.314139851485 -18522.736873525944 -24827.468198529416 -30632.947418478259 7224.5314565805284 23231.920163690476 -22218.673844178084 -14470.029469119094
leaf_weight=68 140 207 22 22 23 213 20 22 87 120 196 233 39 141 34 58 82 40 121 63 37 91 101 106 119 46 26 21 146 127
leaf_count=68 140 207 22 22 23 213 20 22 87 120 196 233 39 141 34 58 82 40 121 63 37 91 101 106 119 46 26 21 146 127
internal_value=-109.682 -10623.1 40757.2 91787.4 32252.1 32.3749 -21513.1 25191.9 49020.2 7653.21 -17397.4 -5632.56 30894.2 -29392.5 45880.3 12178.6 -2690.78 20059.8 -15005.4 4390.3 75240.1 -8998.83 27882.2 -21301.9 -27157.6 -34489.6 1979.59 17580.3 -23076.5 -16483.6
internal_weight=2771 2204 567 81 486 1114 1090 342 144 475 716 639 162 374 121 199 341 180 444 276 59 298 123 272 260 114 108 79 166 323
internal_count=2771 2204 567 81 486 1114 1090 342 144 475 716 639 162 374 121 199 341 180 444 276 59 298 123 272 260 114 108 79 166 323
is_linear=0
shrinkage=0.05


Tree=33
num_leaves=31
num_cat=0
split_feature=14 14 14 23 14 14 14 9 11 14 14 14 14 14 14 4 13 11 11 11 82 14 11 14 11 14 11 93 51 11
split_gain=4.29791e+14 9.23252e+13 8.8837e+13 2.1472e+13 2.08119e+13 1.73685e+13 1.27607e+13 3.29089e+12 2.89515e+12 2.6714e+12 2.41397e+12 2.1514e+12 1.9384e+12 1.59111e+12 1.53799e+12 1.48968e+12 1.37996e+12 1.1966e+12 9.89845e+11 9.34878e+11 9.15461e+11 7.50983e+11 6.31795e+11 4.98171e+11 4.86884e+11 4.32065e+11 4.3028e+11 3.50089e+11 3.44612e+11 3.29812e+11
threshold=5768777.4650000008 3067049.3200000003 10686259.125000002 396.00000000000006 7786137.8850000007 4236733.6300000018 1821873.6250000002 615.28000000000009 228660.78500000003 5013175.3800000008 2326700.0600000005 3554297.3350000004 9015487.0200000014 6514911.120000001 1178902.4800000002 1739.0000000000002 971.86014845346278 283600.00500000006 345157.35000000003 292087.39000000007 2318188.9651534399 6211845.8000000007 476553.12500000006 7252111.3050000006 222073.65500000003 730735.54500000004 178674.65500000003 5578237.3670535721 26262.389882035732 760728.26000000013
decision_type=2 2 2 2 2 2 2 2 2 2 2 2 2 2 2 2 2 2 2 2 2 2 2 2 2 2 2 2 2 2
left_child=1 6 4 20 8 11 14 -6 13 18 24 22 27 -2 25 21 -11 -13 -7 -12 -4 -10 -3 -15 -8 -1 -16 -9 -14 -18
right_child=2 5 3 -5 7 9 10 12 15 16 19 17 28 23 26 -17 29 -19 -20 -21 -22 -23 -24 -25 -26 -27 -28 -29 -30 -31
leaf_value=-39059.780255681821 15691.267111650486 -9455.3968210619551 65354.590520833328 129355.89446022728 63562.078869047626 2076.1593886773189 -21811.706312499999 42393.00798233696 19810.806861413046 8191.396300455729 -15659.428713960915 -4748.5332929883689 44277.934718750003 21584.504830411588 -27653.912588028168 41647.660026041674 14757.367300730737 1720.2616750880652 8419.6502756868849 -10506.60877090328 77812.819827586209 31202.407852564102 -2701.9374109268192 27916.701054687503 -17395.368733891752 -31259.831589673915 -23568.395365466102 35084.936732456139 51798.026282051287 22070.323958333334
leaf_weight=22 103 258 30 22 21 199 175 23 23 120 323 224 25 82 142 24 58 105 89 121 29 39 40 50 97 92 118 57 39 21
leaf_count=22 103 258 30 22 21 199 175 23 23 120 323 224 25 82 142 24 58 105 89 121 29 39 40 50 97 92 118 57 39 21
internal_value=-104.198 -10091.9 38719.3 87198 30639.5 30.7562 -20437.5 45071.2 23221.3 7114.74 -16527.5 -5471.47 42374.7 20348.8 -27922.9 31070.8 11569.7 -2684.02 4036.47 -14255.2 71478.1 26976.5 -8548.89 23983.1 -20236.8 -32765.1 -25799.7 37186 48860.5 16701.3
internal_weight=2771 2204 567 81 486 1114 1090 165 321 487 716 627 144 235 374 86 199 329 288 444 59 62 298 132 272 114 260 80 64 79
internal_count=2771 2204 567 81 486 1114 1090 165 321 487 716 627 144 235 374 86 199 329 288 444 59 62 298 132 272 114 260 80 64 79
is_linear=0
shrinkage=0.05


Tree=34
num_leaves=31
num_cat=0
split_feature=17 23 17 17 23 17 17 7 16 17 23 16 16 17 52 9 86 17 16 9 12 17 11 17 4 66 11 12 5 17
split_gain=3.75515e+14 8.44205e+13 6.78889e+13 2.13665e+13 2.00048e+13 1.24335e+13 9.01286e+12 8.86628e+12 4.1715e+12 3.97887e+12 2.95093e+12 2.42328e+12 2.22986e+12 1.66982e+12 1.58801e+12 1.51097e+12 1.4835e+12 1.44124e+12 1.21414e+12 1.09013e+12 1.04701e+12 1.0354e+12 9.42163e+11 9.37772e+11 8.4003e+11 6.30591e+11 6.14539e+11 5.85099e+11 5.27268e+11 4.45718e+11
threshold=4881163.2932597995 307.00000000000006 2653287.2414627369 6945085.2162939114 402.00000000000006 3631345.9486345514 1704767.7598149283 3800.3657342990982 15398.842243180838 5801400.6330159735 264.50000000000006 15303.473452965163 16417.485482697168 1122814.510266935 21999.468654336739 659.38000000000011 1836351.1035080452 4143039.4830511785 18319.045598820998 676.5150000000001 2271.8462605122327 2259550.2957488471 764945.77000000014 3105261.7887478354 523.50000000000011 -0.30900554811238695 85047.97500000002 745.2606960152799 4.5396051445288785 6143588.3201914486
decision_type=2 2 2 2 2 2 2 2 2 2 2 2 2 2 2 2 2 2 2 2 2 2 2 2 2 2 2 2 2 2
left_child=2 3 6 9 16 12 13 -5 15 14 20 -11 19 -1 25 -7 -3 -10 24 -4 -9 -20 29 -14 26 -2 -8 -19 -12 -13
right_child=1 4 5 7 -6 8 18 10 17 11 28 22 23 -15 -16 -17 -18 27 21 -21 -22 -23 -24 -25 -26 -27 -28 -29 -30 -31
leaf_value=-31104.13013980263 2311.4916038876486 57737.661783854164 -10430.979665305398 10850.330319940476 126932.09515625001 -909.65306899126847 -30932.330027173914 43793.705715981021 2808.6787409392882 10638.339457563921 50743.897218750004 26636.322249999997 -7543.3839232000682 -23788.401796558705 18701.936866111526 -14517.289889705884 75064.87708333334 10667.101927609552 -17045.849638967804 -22357.05384837963 32541.297712053576 -12366.031436185749 20272.386314655174 -3231.0689597172995 -16985.938737664474 12923.064973958333 -20764.865029761906 5464.0003109439385 61233.824864130438 32747.289907094593
leaf_weight=114 21 21 66 21 20 51 23 79 213 22 25 50 262 247 167 34 30 133 264 27 28 214 29 243 95 42 42 91 23 74
leaf_count=114 21 21 66 21 20 51 23 79 213 22 25 50 262 247 167 34 30 133 264 27 28 214 29 243 95 42 42 91 23 74
internal_value=-98.9879 33083.4 -10308.9 26793.9 84550.4 -1856.59 -19785.1 41339.2 3782.02 20473.1 45469.9 26154.6 -6778.6 -26098.6 16150.1 -6352.71 67930.1 5753.31 -16212.6 -13893.4 40849.2 -14950.7 28385.7 -5468.35 -19982.7 9385.87 -24362.6 8553.34 55770.3 30283.2
internal_weight=2771 652 2119 581 71 1120 999 176 522 405 155 175 598 361 230 85 51 437 638 93 107 478 153 505 160 63 65 224 48 124
internal_count=2771 652 2119 581 71 1120 999 176 522 405 155 175 598 361 230 85 51 437 638 93 107 478 153 505 160 63 65 224 48 124
is_linear=0
shrinkage=0.05


Tree=35
num_leaves=31
num_cat=0
split_feature=14 14 14 27 14 14 14 14 16 12 14 14 13 14 14 45 17 11 4 14 14 11 14 28 11 11 23 8 17 14
split_gain=3.69367e+14 8.21412e+13 7.83879e+13 2.8029e+13 1.47851e+13 1.42519e+13 1.22398e+13 2.99262e+12 2.40126e+12 2.03979e+12 1.82339e+12 1.72686e+12 1.47441e+12 1.39252e+12 1.35057e+12 1.0185e+12 9.80889e+11 9.6901e+11 7.89672e+11 7.26965e+11 6.19205e+11 6.11515e+11 5.61327e+11 5.08764e+11 4.71431e+11 4.61881e+11 4.97159e+11 4.20063e+11 3.40785e+11 3.10945e+11
threshold=5977386.3950000014 10686259.125000002 3350137.6000000006 194.50000000000003 7937846.3600000003 2223852.1350000002 4614595.7750000013 1621982.5900000001 16963.205237309801 599.57461600429656 3826266.8850000002 2832822.2850000006 971.86014845346278 6762199.1250000009 9134142.3500000015 80.500000000000014 10547367.150157327 462251.63000000006 1086.5000000000002 1079374.3150000002 5312981.2100000009 514807.83500000002 5113834.1250000009 58.500000000000007 202935.01500000004 275725.36500000005 98.500000000000014 2839.0594283232463 5976594.1228404893 6960804.8650000012
decision_type=2 2 2 2 2 2 2 2 2 2 2 2 2 2 2 2 2 2 2 2 2 2 2 2 2 2 2 2 2 2
left_child=2 4 5 16 9 7 10 19 -6 13 25 21 20 -2 -10 29 -3 -12 -13 -1 -8 -7 -14 28 27 26 -4 -9 -15 -11
right_child=1 3 6 -5 8 11 12 24 14 15 17 18 22 23 -16 -17 -18 -19 -20 -21 -22 -23 -24 -25 -26 -27 -28 -29 -30 -31
leaf_value=-30225.827130681821 15700.515345394737 62280.387179487181 -6123.4293315864052 135250.58828125001 58089.123593750002 -15215.637183960356 4482.1061043380851 -27553.426934523814 34809.947997359159 23710.749400436049 -1604.0792897460938 -9943.1527877649223 9876.4675699869804 23162.347527985075 44954.236103995907 38617.227414772729 75484.254545454547 4718.2337838363646 98.742015438988105 -24705.294451013513 9772.6575608473559 -9620.4663338496775 16119.949191623264 16502.692734374999 -16912.959737042685 -2355.0738237741834 -14476.270947265626 -20057.769770220591 29308.371185661767 31133.386681547621
leaf_weight=88 95 39 163 20 20 309 141 21 71 43 250 289 72 67 61 22 22 80 21 185 91 58 72 20 123 74 20 170 34 21
leaf_count=88 95 39 163 20 20 309 141 21 71 43 250 289 72 67 61 22 22 80 21 185 91 58 72 20 123 74 20 170 34 21
internal_value=195.637 37500.9 -8766.35 83884 29225.6 -16954.3 1980.84 -22656 41944.1 22824.2 -2530.63 -12010.5 9024.02 20231.3 39497.8 29336.5 67042.4 -71.3973 -9262.9 -26484.8 6557.28 -14331.4 12998.2 23788.6 -19327.2 -5688.4 -7036.31 -20881.9 25231.3 26146.3
internal_weight=2762 535 2227 81 454 1264 963 587 152 302 587 677 376 216 132 86 61 330 310 273 232 367 144 121 314 257 183 191 101 64
internal_count=2762 535 2227 81 454 1264 963 587 152 302 587 677 376 216 132 86 61 330 310 273 232 367 144 121 314 257 183 191 101 64
is_linear=0
shrinkage=0.05


Tree=36
num_leaves=31
num_cat=0
split_feature=14 14 14 27 14 14 14 14 16 12 14 14 13 14 14 45 12 17 14 24 14 14 53 53 23 12 8 14 53 14
split_gain=3.33354e+14 7.41324e+13 7.07577e+13 2.52962e+13 1.33436e+13 1.31088e+13 1.0808e+13 2.70084e+12 2.16714e+12 1.84091e+12 1.61929e+12 1.56642e+12 1.33066e+12 1.27941e+12 1.21889e+12 9.19197e+11 8.93362e+11 8.85252e+11 6.585e+11 6.51973e+11 5.58832e+11 5.06598e+11 4.98842e+11 4.20708e+11 4.56122e+11 4.01528e+11 3.60967e+11 3.44744e+11 3.26381e+11 2.80628e+11
threshold=5977386.3950000014 10686259.125000002 3379029.4950000006 194.50000000000003 7937846.3600000003 2223852.1350000002 4614595.7750000013 1621982.5900000001 16963.205237309801 599.57461600429656 2832822.2850000006 3826266.8850000002 971.86014845346278 7252111.3050000006 9134142.3500000015 80.500000000000014 673.81868383856624 10547367.150157327 853742.67500000016 124.50000000000001 5312981.2100000009 5113834.1250000009 0.15935584550776297 0.073660754879893556 98.500000000000014 745.2606960152799 2839.0594283232463 6514911.120000001 0.019986823424864276 6960804.8650000012
decision_type=2 2 2 2 2 2 2 2 2 2 2 2 2 2 2 2 2 2 2 2 2 2 2 2 2 2 2 2 2 2
left_child=2 4 5 17 9 7 11 18 -6 13 22 23 20 27 -10 29 -13 -3 -1 28 -8 -14 -7 24 -4 26 -9 -2 -12 -11
right_child=1 3 6 -5 8 10 12 25 14 15 19 16 21 -15 -16 -17 -18 -19 -20 -21 -22 -23 -24 -25 -26 -27 -28 -29 -30 -31
leaf_value=-30762.758096590915 13846.732128906251 59166.368189102563 -5732.180668444511 128488.05656250002 55184.66765625 -14462.019954104786 4258.0008015517651 -26175.755431547619 33069.450660211267 22525.211864098837 -10568.104088673859 -2047.2856070121511 9382.6442620171438 24896.830957749313 42706.524417264351 36686.366051136363 3351.2366187024709 71710.042045454538 -24084.162725163755 -822.5478393554688 9284.024691068209 15313.951703559029 -9603.8423373699188 -2084.0120496293189 -13752.457373046876 -16467.23580025338 -19161.781066810345 18717.751293945312 -7049.0376045612375 29576.717113095237
leaf_weight=44 64 39 156 20 20 303 141 21 71 43 197 209 72 68 61 22 121 22 229 24 91 72 64 71 20 148 145 84 99 21
leaf_count=44 64 39 156 20 20 303 141 21 71 43 197 209 72 68 61 22 121 22 229 24 91 72 64 71 20 148 145 84 99 21
internal_value=185.855 35625.9 -8328.03 79689.8 27764.3 -16036.3 1976.67 -21523.2 39846.9 21683 -11348.1 -2321.69 8572.82 19219.8 37522.9 27869.7 -67.8275 63690.3 -25160.6 -8748.48 6229.42 12348.3 -13614.8 -5332.93 -6643.58 -18360.8 -20049.1 16611.4 -9391.12 24839
internal_weight=2762 535 2227 81 454 1274 953 587 152 302 687 577 376 216 132 86 330 61 273 320 232 144 367 247 176 314 166 148 296 64
internal_count=2762 535 2227 81 454 1274 953 587 152 302 687 577 376 216 132 86 330 61 273 320 232 144 367 247 176 314 166 148 296 64
is_linear=0
shrinkage=0.05


Tree=37
num_leaves=31
num_cat=0
split_feature=14 14 14 27 14 14 14 14 16 12 14 11 14 11 14 17 17 14 14 11 11 23 11 11 17 8 17 14 13 23
split_gain=3.00852e+14 6.69045e+13 6.38611e+13 2.28298e+13 1.20426e+13 1.16532e+13 9.96611e+12 2.87602e+12 1.95584e+12 1.66142e+12 1.48603e+12 1.22347e+12 1.15467e+12 1.11536e+12 1.10958e+12 8.29791e+11 7.9894e+11 7.73397e+11 7.12468e+11 6.6988e+11 6.10559e+11 6.15617e+11 5.63026e+11 4.82281e+11 4.57766e+11 3.99623e+11 3.86607e+11 3.11132e+11 2.6896e+11 2.57052e+11
threshold=5977386.3950000014 10686259.125000002 3350137.6000000006 194.50000000000003 7937846.3600000003 2326700.0600000005 4614595.7750000013 1621982.5900000001 16963.205237309801 599.57461600429656 3991410.8400000003 372692.48500000004 7252111.3050000006 622081.22500000009 9404515.5200000014 7604026.5977076003 10547367.150157327 2832822.2850000006 5312981.2100000009 283600.00500000006 261718.65000000002 104.50000000000001 590926.33500000008 449808.71000000002 5635743.6231700974 2614.6816242883256 788225.5292612575 6514911.120000001 2165.730127313273 176.50000000000003
decision_type=2 2 2 2 2 2 2 2 2 2 2 2 2 2 2 2 2 2 2 2 2 2 2 2 2 2 2 2 2 2
left_child=2 4 5 16 9 7 10 19 -6 12 20 18 27 17 -10 28 -3 -7 -8 26 21 -4 -12 25 -13 -9 -1 -2 -11 -29
right_child=1 3 6 -5 8 13 11 23 14 15 22 24 -14 -15 -16 -17 -18 -19 -20 -21 -22 -23 -24 -25 -26 -27 -28 29 -30 -31
leaf_value=-30643.597135416669 13154.395495605469 56208.049759615387 -4975.9067163194932 122063.65500000001 52425.434687500005 -12896.078224012588 4176.559179532981 -23701.363727678574 31950.908916015629 27817.011277173915 -310.6578417042324 10141.008299012115 23651.989349724267 -3862.5350561109644 41332.785013521643 34604.748369565219 68124.539772727279 -9178.2916304644423 9431.4857681694393 -19840.931123310813 -1039.0449203411738 -13929.034942336311 6457.0406036906779 -13405.517488839287 16863.81030761719 -17430.250339302009 -24484.355427144972 19429.481432711695 21031.375 13138.577468039774
leaf_weight=30 64 39 224 20 20 288 158 28 80 23 210 69 68 59 52 23 22 272 109 74 96 21 36 70 40 274 169 62 40 22
leaf_count=30 64 39 224 20 20 288 158 28 80 23 210 69 68 59 52 23 22 272 109 74 96 21 36 70 40 274 169 62 40 22
internal_value=176.562 33844.6 -7911.63 75705.3 26376.1 -15302 1788.75 -20005.1 37854.5 20598.8 -2282.19 8144.18 18258.8 -10401.4 35646.8 26476.2 60505.8 -11090.3 6321.83 -23902.5 -4418.95 -5743.32 679.737 -17144.9 12608.1 -18011.7 -25412.9 15780.8 23508.7 17781.9
internal_weight=2762 535 2227 81 454 1264 963 645 152 302 587 376 216 619 132 86 61 560 267 273 341 245 246 372 109 302 199 148 63 84
internal_count=2762 535 2227 81 454 1264 963 645 152 302 587 376 216 619 132 86 61 560 267 273 341 245 246 372 109 302 199 148 63 84
is_linear=0
shrinkage=0.05


Tree=38
num_leaves=31
num_cat=0
split_feature=14 14 14 32 14 14 14 17 14 11 14 14 11 14 11 3 19 12 4 14 11 11 14 11 11 14 14 17 11 11
split_gain=2.71558e+14 6.24486e+13 5.53837e+13 1.78622e+13 1.55353e+13 9.40289e+12 9.32467e+12 2.35704e+12 1.8925e+12 1.83812e+12 1.36184e+12 1.33477e+12 1.28308e+12 1.22365e+12 1.09563e+12 1.08788e+12 8.04717e+11 6.98466e+11 6.93142e+11 6.10242e+11 5.58623e+11 5.17172e+11 4.67593e+11 4.36897e+11 4.3248e+11 3.29153e+11 3.07262e+11 2.65554e+11 2.60177e+11 2.45909e+11
threshold=5862416.2850000011 11466360.420000002 3262652.5800000005 180.50000000000003 8381096.5600000015 1970981.5600000003 4475928.2350000003 5572286.3004647465 2638927.5100000002 1203256.9600000002 3826266.8850000002 1178902.4800000002 968173.95500000019 10307273.775000002 154582.66500000001 182.50000000000003 17935.692609675141 802.75167425721099 1175.5000000000002 4864356.2500000009 532953.82500000007 1068515.9050000003 5246998.1850000015 388582.72000000003 492253.12500000006 6762199.1250000009 7302660.2250000006 3725029.0758167244 87060.680000000008 200751.70000000004
decision_type=2 2 2 2 2 2 2 2 2 2 2 2 2 2 2 2 2 2 2 2 2 2 2 2 2 2 2 2 2 2
left_child=2 4 5 16 7 11 10 25 20 13 24 29 15 -6 19 26 -3 -12 28 -8 -7 22 -16 -13 27 -2 -9 -4 -10 -1
right_child=1 3 6 -5 9 8 14 12 18 -11 17 23 -14 -15 21 -17 -18 -19 -20 -21 -22 -23 -24 -25 -26 -27 -28 -29 -30 -31
leaf_value=-27467.855456730773 13454.573543370327 52434.69921875 -5472.3360023064706 116472.5294642857 34698.704763233422 -14572.629635125699 1364.1834691177182 20473.302419845782 -10360.041092414531 53530.110390624999 -2287.1841057824308 -19953.678993682312 31475.086677631582 47295.482812500006 6944.3061264226462 10368.603986816408 66618.470312500009 2876.2610619638481 144.41624755859377 6617.9889429552804 -8930.6288593749996 17857.865859375001 13347.400981001419 -15111.424483816963 -216.75173950195312 19460.052909482762 24871.455887957316 -11455.45083984375 -7354.3907470703125 -22627.382350852276
leaf_weight=65 107 20 255 21 98 358 81 77 234 20 183 277 38 24 81 20 20 102 20 174 50 20 44 56 38 29 82 20 104 44
leaf_count=65 107 20 255 21 98 358 81 77 234 20 183 277 38 24 81 20 20 102 20 174 50 20 44 56 38 29 82 20 104 44
internal_value=167.734 31396.5 -7703.16 79130.9 25514.1 -14904.1 1013.02 19896.1 -11553.2 39480 -2939.74 -20711.4 23130.5 37176.8 6922.4 21359.1 59526.6 -439.214 -8900.05 4949.13 -13881.2 10392.6 9198.2 -19139.4 -5216.59 14735.2 22741.5 -5907.47 -9435.23 -25513.9
internal_weight=2762 556 2206 61 495 1208 998 353 766 142 598 442 217 122 400 179 40 285 358 255 408 145 125 333 313 136 159 275 338 109
internal_count=2762 556 2206 61 495 1208 998 353 766 142 598 442 217 122 400 179 40 285 358 255 408 145 125 333 313 136 159 275 338 109
is_linear=0
shrinkage=0.05


Tree=39
num_leaves=31
num_cat=0
split_feature=17 17 17 17 39 17 7 17 8 17 8 17 8 17 17 8 17 12 13 51 53 13 13 17 17 53 17 13 17 4
split_gain=2.32705e+14 5.87716e+13 4.25907e+13 1.52782e+13 1.35153e+13 8.82748e+12 7.09205e+12 5.6513e+12 3.82335e+12 3.26766e+12 3.03927e+12 2.0105e+12 1.72078e+12 1.50532e+12 9.82044e+11 8.83837e+11 9.02971e+11 8.37168e+11 6.91357e+11 6.52504e+11 6.25334e+11 6.11706e+11 5.21299e+11 4.96815e+11 4.68924e+11 3.42983e+11 3.08728e+11 2.88613e+11 2.7598e+11 2.61063e+11
threshold=5017221.6813601172 10547367.150157327 2687802.7473513684 6945085.2162939114 98.500000000000014 3652855.5090937759 3800.3657342990982 1704767.7598149283 2839.0594283232463 8917659.7433792036 2455.5590281065133 5801400.6330159735 2394.7956108174444 4597388.3440772044 1151164.753044836 2508.9527848596267 2237346.1363998526 2016.8872790908483 1696.605656494914 25706.938407984424 0.11111113258545886 2099.8692200821665 2152.1810255461046 8005303.6203494826 3334691.8898301269 0.11111111601318141 6368300.6096897433 2013.3102250843024 4124375.4315995895 146.50000000000003
decision_type=2 2 2 2 2 2 2 2 2 2 2 2 2 2 2 2 2 2 2 2 2 2 2 2 2 2 2 2 2 2
left_child=2 3 7 8 -3 12 -5 14 -2 17 -7 22 -4 18 29 -9 -17 23 28 -11 24 26 -10 -8 -14 -18 -13 -15 -12 -1
right_child=1 4 5 6 -6 10 9 15 11 19 13 21 20 27 -16 16 25 -19 -20 -21 -22 -23 -24 -25 -26 -27 -28 -29 -30 -31
leaf_value=-28807.510639880955 -609.1120719401041 57092.873411458335 -15316.205874399038 5403.1899468994143 109392.45997023811 -10144.772489970441 32927.745277518661 -21378.906820913464 15928.971925403228 43065.447998046875 3418.6671718245289 21969.197393120659 -4549.3550839280351 11138.298866234756 -18205.082725694443 -13845.29355042835 -9062.4372062849689 26567.001973684208 506.77539455438756 55078.096562499995 -7746.0883416426805 17299.86549744898 9745.2239735704788 40669.779322916671 -797.80070103917808 -12720.126694171349 27323.542369186049 6256.5852834065763 7032.4659563728928 -22700.570000000003
leaf_weight=21 30 30 39 20 21 37 67 26 124 26 130 72 325 82 225 321 229 38 153 20 114 49 47 30 112 89 43 48 89 105
leaf_count=21 30 30 39 20 21 37 67 26 124 26 130 72 325 82 225 321 229 38 153 20 114 49 47 30 112 89 43 48 89 105
internal_value=159.347 27219.6 -7624.41 22587.4 78628 -940.768 33657.3 -15051.4 16491.3 36779.3 3684.88 18022.7 -5166.58 4704.2 -20184.2 -12342.2 -11974.5 32857.8 3085.63 48288.3 -4448.18 21978 14229.3 35322.2 -3587.86 -10086.1 23971.3 9335.82 4887.29 -23718.4
internal_weight=2762 617 2145 566 51 1129 201 1016 365 181 539 335 590 502 351 665 639 135 372 46 551 164 171 97 437 318 115 130 219 126
internal_count=2762 617 2145 566 51 1129 201 1016 365 181 539 335 590 502 351 665 639 135 372 46 551 164 171 97 437 318 115 130 219 126
is_linear=0
shrinkage=0.05


Tree=40
num_leaves=31
num_cat=0
split_feature=14 14 14 14 14 14 14 17 11 11 11 14 11 12 23 14 14 14 17 14 28 11 11 11 8 3 94 8 13 62
split_gain=2.09583e+14 4.6976e+13 3.90619e+13 1.29626e+13 7.61036e+12 5.20268e+12 4.54325e+12 2.83533e+12 2.22665e+12 1.18518e+12 1.14245e+12 9.9763e+11 8.03803e+11 7.9127e+11 7.80295e+11 7.76672e+11 7.70516e+11 7.20053e+11 6.47522e+11 5.72293e+11 4.111e+11 3.91196e+11 3.81465e+11 2.76972e+11 3.37577e+11 2.65581e+11 2.48752e+11 2.40937e+11 2.16691e+11 2.0752e+11
threshold=5346416.6900000004 8478943.4600000028 2915088.9800000004 13161770.050000003 4160040.4550000005 1821873.6250000002 6514911.120000001 8005303.6203494826 988635.93500000017 727916.13500000013 534828.31000000017 2326700.0600000005 1312197.9500000004 712.73263168268056 219.50000000000003 1028834.1000000001 3648885.1550000003 10978572.715000002 6012987.1680345051 4735665.6350000007 48.500000000000007 1040348.1250000001 94774.215000000011 315255.85000000003 2839.0594283232463 166.50000000000003 2578379.0834968775 2614.6816242883256 473.4870014702413 -0.5
decision_type=2 2 2 2 2 2 2 2 2 2 2 2 2 2 2 2 2 2 2 2 2 2 2 2 2 2 2 2 2 2
left_child=2 6 5 7 9 15 13 26 14 16 19 23 17 20 18 -1 28 -9 -8 -6 -2 -12 -13 24 -7 -15 -3 -17 -4 -18
right_child=1 3 4 -5 10 11 8 12 -10 -11 21 22 -14 25 -16 27 29 -19 -20 -21 -22 -23 -24 -25 -26 -27 -28 -29 -30 -31
leaf_value=-23882.684529320992 10282.332785300441 34973.070542279413 -7380.6407956241228 76023.673275862064 696.18822096213319 -21238.935342261906 17441.632721002254 37607.124490017362 32439.337276785718 2053.9600435851053 6796.1796423136393 -11518.852052895023 52635.67173032408 13436.132048611111 10129.056071405827 -23243.884782608697 -5341.1253061763582 48002.917439516132 23408.814080255685 4811.9291685014769 3231.0555786132813 14130.312475585939 -8071.8608745792053 -11783.782272376544 -14558.397676809211 20040.832167119566 28924.833455882355 -17907.310405774715 -4884.9685428589819 -1904.6449707808767
leaf_weight=81 149 34 267 29 195 21 111 36 35 61 75 231 27 45 23 23 61 31 77 149 24 24 123 81 190 23 34 263 129 157
leaf_count=81 149 34 267 29 195 21 111 36 35 61 75 231 27 45 23 23 61 31 77 149 24 24 123 81 190 23 34 263 129 157
internal_value=8.74417 24221.8 -7694.88 45237.3 -1251.13 -14806.5 15979.5 39726.2 20759.5 -4593.09 3841.03 -12105.7 45352.2 11100.3 18822.1 -19560.6 -5253.47 42417.1 19885.6 2478.88 9304.12 8574.15 -10321.2 -14269.2 -15223.3 15670.1 31949 -18336.5 -6567.66 -2866.23
internal_weight=2809 678 2131 191 1118 1013 487 162 246 675 443 646 94 241 211 367 614 67 188 344 173 99 354 292 211 68 68 286 396 218
internal_count=2809 678 2131 191 1118 1013 487 162 246 675 443 646 94 241 211 367 614 67 188 344 173 99 354 292 211 68 68 286 396 218
is_linear=0
shrinkage=0.05


Tree=41
num_leaves=31
num_cat=0
split_feature=14 14 14 14 14 14 14 17 11 14 11 11 17 11 12 23 14 17 14 14 9 11 80 11 24 11 62 3 94 17
split_gain=1.89148e+14 4.23958e+13 3.52533e+13 1.17855e+13 6.86835e+12 4.71086e+12 4.10028e+12 3.16837e+12 2.00955e+12 1.07888e+12 1.06962e+12 1.03106e+12 9.9133e+11 7.64696e+11 7.14122e+11 7.04216e+11 6.95391e+11 5.84388e+11 5.53458e+11 5.22673e+11 3.53739e+11 3.53055e+11 3.47241e+11 2.91662e+11 2.84552e+11 2.61045e+11 3.30269e+11 2.39687e+11 2.24499e+11 2.22944e+11
threshold=5346416.6900000004 8478943.4600000028 2915088.9800000004 14140236.715000002 4160040.4550000005 1999001.1650000003 6514911.120000001 8005303.6203494826 988635.93500000017 12077159.125000002 727916.13500000013 534828.31000000017 1122814.510266935 1312197.9500000004 712.73263168268056 219.50000000000003 3648885.1550000003 6012987.1680345051 2430031.7550000004 4834575.5750000002 687.8900000000001 1040348.1250000001 8226504.120000001 472989.24000000005 133.50000000000003 351174.50500000006 -0.5 166.50000000000003 2578379.0834968775 700319.04837766744
decision_type=2 2 2 2 2 2 2 2 2 2 2 2 2 2 2 2 2 2 2 2 2 2 2 2 2 2 2 2 2 2
left_child=2 6 5 7 10 12 14 28 15 13 16 19 29 20 22 17 -4 -8 23 -6 -9 -13 -2 -7 -20 26 -14 -16 -3 -1
right_child=1 3 4 -5 11 18 8 9 -10 -11 -12 21 25 -15 27 -17 -18 -19 24 -21 -22 -23 -24 -25 -26 -27 -28 -29 -30 -31
leaf_value=-26266.452513586959 9671.5411839535354 33224.41695772059 -6239.2738320090557 79292.458437499998 891.72852876143031 -13550.330977746213 16569.55106981982 32331.276269531252 30817.370401785716 52056.544153225812 1951.2620004622663 6456.3706878255216 -21355.253125000003 48668.292063210232 12764.325425347222 9622.6031971807079 -2722.9174918918434 22238.373313210228 -9888.5757616461433 4950.9449203491213 40915.892708333333 13423.796769205728 2812.2862339564736 -9596.0987768954928 -3974.1861077048561 -13986.05803433642 -16482.481499044759 19038.790658967391 27478.59177389706 -20744.183497191014
leaf_weight=23 152 34 396 20 220 198 111 20 35 31 61 75 41 22 45 23 218 77 269 124 30 24 21 61 22 81 229 23 34 89
leaf_count=23 152 34 396 20 220 198 111 20 35 31 61 75 41 22 45 23 218 77 269 124 30 24 21 61 22 81 229 23 34 89
internal_value=8.30694 23010.7 -7310.13 42975.4 -1188.57 -14066.2 15180.5 38727.8 19721.6 44257.8 -4363.44 3648.98 -17782.5 40900.1 10545.3 17881 -4990.8 18891.4 -10937.8 2354.93 37482 8145.44 8838.91 -12619 -9441.44 -16475.6 -17222.4 14886.6 30351.5 -21878.2
internal_weight=2809 678 2131 191 1118 1013 487 171 246 103 675 443 463 72 241 211 614 188 550 344 50 99 173 259 291 351 270 68 68 112
internal_count=2809 678 2131 191 1118 1013 487 171 246 103 675 443 463 72 241 211 614 188 550 344 50 99 173 259 291 351 270 68 68 112
is_linear=0
shrinkage=0.05


Tree=42
num_leaves=31
num_cat=0
split_feature=14 14 14 14 14 14 11 14 28 14 14 14 11 14 104 12 4 12 8 12 23 51 10 14 14 9 14 14 11 14
split_gain=1.70804e+14 3.87205e+13 3.05268e+13 9.84401e+12 6.69821e+12 6.32628e+12 2.96539e+12 2.15063e+12 2.07665e+12 1.06344e+12 1.0096e+12 8.97026e+11 8.51615e+11 7.25234e+11 6.87725e+11 5.90968e+11 5.50252e+11 4.99411e+11 4.18347e+11 4.17987e+11 3.67023e+11 3.65839e+11 3.55117e+11 3.15633e+11 3.13944e+11 3.03966e+11 3.03696e+11 2.68827e+11 2.61872e+11 2.33476e+11
threshold=5862416.2850000011 3234875.0050000004 8856888.4400000032 14140236.715000002 4501686.8750000009 2082339.8400000003 1497754.6150000005 7252111.3050000006 81.500000000000014 1318468.4400000002 3803362.1450000005 2607419.1200000006 154582.66500000001 9833263.2000000011 5099903.7950000009 651.99738749434653 1175.5000000000002 292.01247128185628 2614.6816242883256 348.60177545691909 112.50000000000001 25304.811335459479 14887.565000000001 4834575.5750000002 5088480.3600000003 669.52500000000009 6160081.3150000013 730735.54500000004 528405.9850000001 7866205.0050000008
decision_type=2 2 2 2 2 2 2 2 2 2 2 2 2 2 2 2 2 2 2 2 2 2 2 2 2 2 2 2 2 2
left_child=1 5 6 8 10 9 7 17 13 27 25 28 23 -4 -10 20 -13 22 -11 21 -12 -9 -2 -6 -14 -3 -19 -1 -7 -23
right_child=2 4 3 -5 12 11 -8 19 14 18 15 16 24 -15 -16 -17 -18 26 -20 -21 -22 29 -24 -25 -26 -27 -28 -29 -30 -31
leaf_value=-25029.8359375 5670.0917702414772 -2134.0995953481133 28726.230959109045 75327.834531250002 1522.0100224362145 -11710.686597419508 35752.0625 13609.157473028274 40232.574256727436 -19954.117427884616 -1216.1995391130447 -7904.08928732199 6752.6088042388092 37949.334334935898 50680.66774553572 2596.9777629130599 440.79956432524182 11540.549179687499 -14479.004168240182 26387.802343750001 -8178.3946280343198 18469.949558423916 12490.610257975262 5288.3906039623507 11495.817900686554 -5363.0087253223764 18896.909507978722 -19151.55125248016 -7797.0308057598049 23594.704433139537
leaf_weight=23 22 109 47 20 79 264 20 21 36 39 192 333 74 39 28 111 21 20 331 28 21 46 144 188 66 220 47 126 51 43
leaf_count=23 22 109 47 20 79 264 20 21 36 39 192 333 74 39 28 111 21 20 331 28 21 46 144 188 66 220 47 126 51 43
internal_value=7.89162 -6151.34 24688.7 42377.3 795.663 -12349.8 16998.1 15987.1 37983.9 -16492.4 -2342.22 -9136.14 5830.16 32908.8 44803.6 -361.087 -7409.05 13057.3 -15056.1 20933.6 -1902.61 19545.3 11586.7 4173.99 8988.69 -4293.25 16701 -20058.9 -11077 20946
internal_weight=2809 2248 561 170 1060 1188 391 371 150 519 653 669 407 86 64 324 354 233 370 138 213 110 166 267 140 329 67 149 315 89
internal_count=2809 2248 561 170 1060 1188 391 371 150 519 653 669 407 86 64 324 354 233 370 138 213 110 166 267 140 329 67 149 315 89
is_linear=0
shrinkage=0.05


Tree=43
num_leaves=31
num_cat=0
split_feature=14 14 14 14 14 14 14 3 12 23 12 12 14 0 14 12 14 97 14 14 23 2 14 8 5 33 13 96 12 8
split_gain=1.54197e+14 3.45995e+13 2.87598e+13 9.62209e+12 5.61282e+12 3.90693e+12 3.35653e+12 1.92452e+12 1.50482e+12 8.6611e+11 8.09859e+11 7.52291e+11 7.19849e+11 6.68926e+11 5.83591e+11 5.83235e+11 5.51017e+11 5.23178e+11 4.75756e+11 4.37302e+11 4.26362e+11 3.6731e+11 3.51051e+11 3.41981e+11 3.37345e+11 3.33098e+11 3.09957e+11 2.31782e+11 2.268e+11 2.3815e+11
threshold=5346416.6900000004 8478943.4600000028 2915088.9800000004 13161770.050000003 4160040.4550000005 1821873.6250000002 6514911.120000001 194.00000000000003 1908.3825781770922 216.50000000000003 1156.9582946904709 659.74010576923092 2326700.0600000005 431.50000000000006 1028834.1000000001 651.99738749434653 9581969.9700000007 4813711.1567808231 7611143.5450000009 3331613.9700000007 102.50000000000001 163.50000000000003 4795217.7250000006 3355.3694491302508 4.4794379615536402 135.50000000000003 1196.2300165018485 14560623.655000003 540.84068302387277 2839.0594283232463
decision_type=2 2 2 2 2 2 2 2 2 2 2 2 2 2 2 2 2 2 2 2 2 2 2 2 2 2 2 2 2 2
left_child=2 6 5 7 11 14 15 16 9 18 22 19 28 -10 -1 23 27 -9 -8 -4 -21 -13 -6 -2 -19 -12 -14 -3 29 -7
right_child=1 3 4 -5 10 12 8 17 13 -11 25 21 26 -15 -16 -17 -18 24 -20 20 -22 -23 -24 -25 -26 -27 -28 -29 -30 -31
leaf_value=-20568.73325617284 2129.2025024414065 28337.235937500001 -7176.5952268261117 65336.521443965525 405.78670306687945 -18434.741889880952 15364.459775888921 32661.191953125002 20831.676614583335 5976.1046411132811 5201.0064285804492 -3565.2363139109571 -9966.4156059027791 32636.742968750001 -15761.095738636366 13392.193597146739 33401.996527777774 37288.776392663043 21201.500423177087 -3425.6948151981132 -10989.686091308595 520.99356982029906 3896.2916504852046 8804.6126095377604 45040.848263888889 11277.162911551341 -6892.188228636749 21274.676853143603 -10676.160297227445 -12719.367798913045
leaf_weight=81 22 26 163 29 178 21 128 20 30 20 116 111 225 20 286 69 36 23 48 272 20 109 121 150 36 28 129 21 133 138
leaf_count=81 22 26 163 29 178 21 128 20 30 20 116 111 225 20 286 69 36 23 48 272 20 109 121 150 36 28 129 21 133 138
internal_value=7.49703 20776.1 -6600.27 38812.1 -1071.16 -12702.5 13702.5 34063.9 17811.1 15835.9 3301.94 -3941.22 -10362 25553.7 -16822.2 9508.7 28747.1 39649.8 16956.4 -5101.91 -3943.78 -1540.7 1818.33 7950.78 42018.9 6382.48 -8846.15 25181.6 -12199.8 -13474.2
internal_weight=2809 678 2131 191 1118 1013 487 162 246 196 443 675 646 50 367 241 83 79 176 455 292 220 299 172 59 144 354 47 292 159
internal_count=2809 678 2131 191 1118 1013 487 162 246 196 443 675 646 50 367 241 83 79 176 455 292 220 299 172 59 144 354 47 292 159
is_linear=0
shrinkage=0.05


Tree=44
num_leaves=31
num_cat=0
split_feature=14 14 14 14 14 14 11 14 14 14 11 11 17 11 11 14 66 66 103 14 15 58 17 14 11 17 14 17 11 66
split_gain=1.39299e+14 3.15749e+13 2.48315e+13 8.18469e+12 6.43704e+12 4.21862e+12 2.49266e+12 1.77176e+12 1.73093e+12 1.33464e+12 1.13117e+12 7.18761e+11 7.88944e+11 6.94414e+11 6.80547e+11 4.83584e+11 4.64114e+11 4.41497e+11 4.37174e+11 4.34602e+11 4.01153e+11 3.59324e+11 3.47588e+11 2.94871e+11 2.56048e+11 3.32831e+11 2.28369e+11 2.22691e+11 2.01972e+11 1.93231e+11
threshold=5862416.2850000011 3419790.5900000003 8856888.4400000032 14140236.715000002 2267675.1550000007 4582056.7200000016 1497754.6150000005 7252111.3050000006 12077159.125000002 1567966.0350000004 1312197.9500000004 565047.24000000011 4536339.0203534458 622081.22500000009 339343.60000000003 2895933.5100000002 -0.35768498937424864 -0.2511900638848194 2676578.5000000009 3881553.7100000004 22602.602054061947 208.50000000000003 788225.5292612575 5289391.0700000012 186730.26000000004 2183363.3614075924 6338146.290000001 5635743.6231700974 283600.00500000006 -0.8520459593969173
decision_type=2 2 2 2 2 2 2 2 2 2 2 2 2 2 2 2 2 2 2 2 2 2 2 2 2 2 2 2 2 2
left_child=1 4 6 8 9 11 7 16 10 22 18 12 19 15 23 -6 21 20 29 -3 -9 26 -1 -7 25 -11 -2 -16 -24 -4
right_child=2 5 3 -5 13 14 -8 17 -10 24 -12 -13 -14 -15 27 -17 -18 -19 -20 -21 -22 -23 28 -25 -26 -27 -28 -29 -30 -31
leaf_value=-21600.869704861114 8267.3492988782054 -3306.8806012057803 24228.59261997768 68294.617109375002 -8959.6536167491558 2763.0872750741464 32553.864375000001 11155.897577194941 44766.634576612909 -12624.034922680414 42032.682859002976 3388.1725865827293 -11755.175312500001 -2423.889629767923 7309.856867863582 -6122.5946825799147 14586.331406249999 23967.05009469697 35840.231718750001 -236.66322776408512 18882.178934151787 5335.1006103515629 -17308.351828125 6108.4924884967986 -10727.976678631758 -18127.805786132812 13017.984358723959 12209.658530495384 -13989.216950757575 29416.494343750001
leaf_weight=36 39 209 28 20 352 162 20 21 31 194 21 70 20 68 78 262 90 33 20 257 84 32 150 111 148 32 72 33 66 50
leaf_count=36 39 209 28 20 352 162 20 21 31 194 21 70 20 68 78 262 90 33 20 257 84 32 150 111 148 32 72 33 66 50
internal_value=7.12219 -5555.14 22295.8 38249.3 -10578.6 1434.96 15359.5 14432.6 34243.2 -14239.7 31501.8 -1348.73 -2031 -7218.1 5465.5 -7749.05 11773.5 18922.4 29245.2 -1613.65 17336.9 10003.1 -17052.3 4123.31 -12344.6 -13403.3 11348.8 8766.55 -16294.2 27554.2
internal_weight=2809 2248 561 170 1308 940 391 371 150 626 119 556 486 682 384 614 233 138 98 466 105 143 252 273 374 226 111 111 216 78
internal_count=2809 2248 561 170 1308 940 391 371 150 626 119 556 486 682 384 614 233 138 98 466 105 143 252 273 374 226 111 111 216 78
is_linear=0
shrinkage=0.05


Tree=45
num_leaves=31
num_cat=0
split_feature=14 14 14 26 14 14 14 11 11 14 14 11 14 23 83 11 23 14 12 14 11 10 11 8 16 66 14 11 12 11
split_gain=1.30734e+14 2.74012e+13 2.56684e+13 9.98971e+12 7.00898e+12 5.51227e+12 3.36081e+12 1.69747e+12 1.64318e+12 1.1104e+12 7.00066e+11 6.39981e+11 6.16571e+11 6.81124e+11 6.04529e+11 6.00826e+11 4.93927e+11 3.83251e+11 3.62296e+11 3.44414e+11 3.40061e+11 2.69621e+11 2.57249e+11 2.70008e+11 2.43479e+11 2.34362e+11 2.33581e+11 2.11987e+11 2.10931e+11 2.04374e+11
threshold=5806402.6400000006 3472564.8000000003 10978572.715000002 74.500000000000014 8213804.3350000009 2223852.1350000002 4501686.8750000009 1268918.8250000002 968173.95500000019 1595466.7250000003 2732379.5200000005 1040348.1250000001 6762199.1250000009 216.50000000000003 6411101.2350000003 283600.00500000006 116.50000000000001 5246998.1850000015 827.91371722113524 9581969.9700000007 279628.39000000007 13088.405000000002 200751.70000000004 2839.0594283232463 22190.986293976639 -0.44437817810461328 4120412.0300000007 514807.83500000002 215.45221834023468 825859.4650000002
decision_type=2 2 2 2 2 2 2 2 2 2 2 2 2 2 2 2 2 2 2 2 2 2 2 2 2 2 2 2 2 2
left_child=1 5 4 14 8 9 15 19 12 20 27 17 28 -14 -4 16 26 -8 -12 -6 21 -1 23 -11 -21 -19 -3 -7 -2 -17
right_child=2 6 3 -5 7 10 11 -9 -10 22 18 -13 13 -15 -16 29 -18 25 -20 24 -22 -23 -24 -25 -26 -27 -28 -29 -30 -31
leaf_value=-20888.092343750002 9133.2692992044158 -2734.9487797966171 32997.999596774192 78148.344568452376 22754.618380208336 -9464.3973000000005 3227.1331266831726 40552.669121093757 23866.902423773874 -17497.594951923078 -6689.6506408070709 12596.53211294321 15995.867524730216 6127.1816015625009 43567.961197916673 561.60557442788161 -9767.4756277901797 4160.8882311139787 -3546.3414825439454 24332.7719921875 -13220.095687071918 -16214.306440972223 -9839.0947694359766 -12034.836305675288 31875.972758152173 8423.7364585474916 171.68614270759352 -6009.8205656828704 13303.799441964287 5291.096555873326
leaf_weight=40 109 229 31 21 75 250 227 20 36 26 295 26 139 20 24 124 21 56 133 20 73 135 123 174 23 76 99 54 42 28
leaf_count=40 109 229 31 21 75 250 227 20 36 26 295 26 139 20 24 124 21 56 133 20 73 135 123 174 23 76 99 54 42 28
internal_value=239.644 -5275.39 21797.5 48811.6 17555.6 -9888.31 1508.63 27083 13755.7 -13570.5 -7016.04 5021.51 12581.5 14754.5 37610.3 -1190.89 -2333.59 4472.91 -5712.87 24800 -16086.8 -17282.6 -11638.4 -12745 28367.5 6615.26 -1857.64 -8850.76 10293.3 1432.83
internal_weight=2749 2189 560 76 484 1303 886 138 346 571 732 385 310 159 55 501 349 359 428 118 248 175 323 200 43 132 328 304 151 152
internal_count=2749 2189 560 76 484 1303 886 138 346 571 732 385 310 159 55 501 349 359 428 118 248 175 323 200 43 132 328 304 151 152
is_linear=0
shrinkage=0.05


Tree=46
num_leaves=31
num_cat=0
split_feature=14 14 17 14 14 14 17 11 14 91 11 11 17 14 23 14 5 22 11 14 14 45 10 14 17 11 8 11 17 11
split_gain=1.17987e+14 2.47486e+13 2.46099e+13 1.19951e+13 4.58197e+12 3.39872e+12 1.83347e+12 1.48297e+12 1.00436e+12 8.67439e+11 6.04199e+11 5.76816e+11 5.99887e+11 5.56456e+11 6.14715e+11 5.46856e+11 5.20552e+11 3.42752e+11 2.91663e+11 2.80457e+11 2.73166e+11 2.6849e+11 2.67589e+11 2.60152e+11 2.42687e+11 2.42114e+11 2.63517e+11 2.12697e+11 2.11446e+11 1.89735e+11
threshold=5806402.6400000006 3398121.5850000004 12317822.278103312 8213804.3350000009 2223852.1350000002 4501686.8750000009 8298934.6693056589 968173.95500000019 1567966.0350000004 2905307.2500000005 534828.31000000017 409315.63500000007 4536339.0203534458 6762199.1250000009 216.50000000000003 2676185.9600000004 4.457639066905922 123.50000000000001 259732.70500000005 9404515.5200000014 5346416.6900000004 106.50000000000001 12546.875000000002 4120412.0300000007 5572286.3004647465 192953.785 2839.0594283232463 514807.83500000002 6059044.7665738231 101612.79000000002
decision_type=2 2 2 2 2 2 2 2 2 2 2 2 2 2 2 2 2 2 2 2 2 2 2 2 2 2 2 2 2 2
left_child=1 4 3 7 8 11 19 13 18 -8 20 12 23 29 28 27 -11 -17 22 -5 -7 -18 -1 -3 -12 26 -10 -6 -15 -2
right_child=2 5 -4 6 15 10 9 -9 25 16 24 -13 -14 14 -16 17 21 -19 -20 -21 -22 -23 -24 -25 -26 -27 -28 -29 -30 -31
leaf_value=-21252.775480769233 8714.6649026956638 -2628.9828903822713 73810.172265625006 21340.430287388393 -9192.7361370956696 2623.6001942952475 25857.8994140625 22673.557268608944 -16724.445424107143 30217.021744791669 6250.357949561404 1482.4375535196334 -10140.911548913044 13665.159502180233 5820.8224365234382 -6080.7777781195609 35648.884562500003 -611.39368384576608 -12864.488961038962 26950.264104729729 5925.4380768157625 43134.378940217393 -15706.6390918703 268.05908230933073 11494.158879258897 -9475.2970556273503 -11498.123062589801 -5649.0075082632211 17680.199911556603 12731.095615234375
leaf_weight=26 111 281 21 56 228 201 28 36 28 24 57 134 23 86 20 377 25 31 77 37 91 23 133 107 36 133 174 52 53 40
leaf_count=26 111 281 21 56 228 201 28 36 28 24 57 134 23 86 20 377 25 31 77 37 91 23 133 107 36 133 174 52 53 40
internal_value=227.661 -5011.62 20707.6 18638.7 -9580.93 1174.15 28625.7 13067.9 -12891.9 33325.4 4770.44 -1366.34 -2295.14 11952.4 14016.8 -6832.99 36229.5 -5665.21 -15390.3 23572.3 3652.6 39235.7 -16613.6 -1830.06 8280.22 -11131.9 -12222.6 -8534.62 15196.1 9778.62
internal_weight=2749 2189 560 539 1259 930 193 346 571 100 385 545 411 310 159 688 72 408 236 93 292 48 159 388 93 335 202 280 139 151
internal_count=2749 2189 560 539 1259 930 193 346 571 100 385 545 411 310 159 688 72 408 236 93 292 48 159 388 93 335 202 280 139 151
is_linear=0
shrinkage=0.05


Tree=47
num_leaves=31
num_cat=0
split_feature=17 17 17 17 7 17 17 4 16 11 17 16 16 16 9 17 61 80 17 17 81 75 17 17 17 17 17 11 19 11
split_gain=1.01173e+14 2.41065e+13 1.78402e+13 1.11105e+13 3.60632e+12 3.41915e+12 2.18257e+12 2.0527e+12 1.63477e+12 1.97531e+12 1.3668e+12 1.09876e+12 6.12809e+11 5.9992e+11 4.9858e+11 4.9632e+11 4.85348e+11 4.14898e+11 3.69403e+11 3.35275e+11 3.20789e+11 2.778e+11 2.65207e+11 2.62325e+11 2.58576e+11 2.43145e+11 2.40554e+11 1.68442e+11 1.52363e+11 1.45879e+11
threshold=4881163.2932597995 12317822.278103312 2653287.2414627369 7317181.11548742 3977.3013882280175 3652855.5090937759 1547669.8595087701 2177.5000000000005 17969.345026715109 537262.28500000003 6103365.8978930907 16417.485482697168 18915.821788431505 16816.711769362093 676.5150000000001 2030426.8028879415 -0.6830127018922193 6796717.1050000014 4424933.408982194 3334691.8898301269 8708960.3842857163 1753324.55 700319.04837766744 5545146.0725733377 5572286.3004647465 6709758.6249191752 8298934.6693056589 343446.09000000008 17840.151751675683 323982.19500000007
decision_type=2 2 2 2 2 2 2 2 2 2 2 2 2 2 2 2 2 2 2 2 2 2 2 2 2 2 2 2 2 2
left_child=2 3 6 8 -5 13 22 12 9 -2 23 16 -6 14 -4 -8 -7 -9 27 29 -19 -17 -1 -10 -11 -12 -14 -13 -26 -15
right_child=1 -3 5 4 7 11 15 17 10 24 25 18 26 19 -16 21 -18 20 -20 -21 -22 -23 -24 -25 28 -27 -28 -29 -30 -31
leaf_value=-19746.020390625003 -8317.3814434814467 70119.664583333346 -4494.8480225423182 8849.2551478794649 17493.658789062501 -6909.96785053454 -10347.24935479526 28901.724702380954 9252.2035230232013 5950.0705939041945 15181.495242745537 3079.9130929487183 24039.84286901596 -2920.4917821486306 -11949.433215332032 -12243.144644657259 266.47228767641127 42173.312890625006 5539.9651268005373 -425.33214340646759 33942.096605603452 -7332.9871823172616 -13733.455139988688 12853.037920398248 14665.084728422618 19883.767672164351 30192.331835937501 235.52252988143707 9112.1277343750007 -5531.4535903930664
leaf_weight=20 20 21 75 28 29 38 290 21 132 38 56 195 47 326 32 31 62 20 134 131 29 407 221 82 21 54 24 71 30 64
leaf_count=20 20 21 75 28 29 38 290 21 132 38 56 195 47 326 32 31 62 20 134 131 29 407 221 82 21 54 24 71 30 64
internal_value=216.278 17418.8 -5132.32 15664.8 25476.3 -857.894 -10108.1 28214.9 11178.3 5881.52 12960.3 2227.21 23618 -3314.18 -6724.26 -8742.81 -2460.57 34781.8 3399.15 -2613.84 37301.8 -7680.51 -14232.4 10632 9072.28 17489.9 26119.6 2320.7 11398.6 -3348.96
internal_weight=2749 652 2097 631 198 1128 969 170 433 109 324 500 100 628 107 728 100 70 400 521 49 438 241 214 89 110 71 266 51 390
internal_count=2749 652 2097 631 198 1128 969 170 433 109 324 500 100 628 107 728 100 70 400 521 49 438 241 214 89 110 71 266 51 390
is_linear=0
shrinkage=0.05


Tree=48
num_leaves=31
num_cat=0
split_feature=17 17 17 17 7 17 10 17 4 17 8 8 8 17 52 17 50 103 11 11 11 13 17 17 66 92 17 17 66 11
split_gain=9.1309e+13 2.17561e+13 1.61008e+13 1.00272e+13 3.2547e+12 3.0939e+12 2.15643e+12 1.97039e+12 1.85257e+12 1.52437e+12 1.30097e+12 7.91025e+11 5.56817e+11 5.49493e+11 4.9685e+11 4.29034e+11 3.81144e+11 3.83639e+11 3.38956e+11 2.98716e+11 2.69705e+11 2.39762e+11 2.34935e+11 2.13109e+11 2.00155e+11 2.23353e+11 1.93741e+11 1.78241e+11 1.74699e+11 1.47409e+11
threshold=4881163.2932597995 12317822.278103312 2653287.2414627369 7317181.11548742 3977.3013882280175 3608709.6057344829 12720.125000000002 1520003.2337603851 2177.5000000000005 6012987.1680345051 2455.5590281065133 2300.4561555379819 2614.6816242883256 1996684.2964212608 23757.910810749778 4536339.0203534458 1.1118651085756353 -474043.03500000009 403450.38000000006 11525.000000000002 292087.39000000007 2099.8692200821665 873949.29612052871 8298934.6693056589 0.47493347945961001 7763193.8100000015 3334691.8898301269 6585881.3140773894 -0.51974381215551546 310964.54000000004
decision_type=2 2 2 2 2 2 2 2 2 2 2 2 2 2 2 2 2 2 2 2 2 2 2 2 2 2 2 2 2 2
left_child=2 3 7 6 -5 11 -2 22 14 21 -7 -4 -9 -14 -6 18 -10 -18 -12 27 26 24 -1 -16 25 -8 -13 -11 -21 -15
right_child=1 -3 5 4 8 10 9 12 16 19 15 20 13 29 23 -17 17 -19 -20 28 -22 -23 -24 -25 -26 -27 -28 -29 -30 -31
leaf_value=-17151.028846153848 -5415.0296289062499 66613.681101190479 -11156.868802083334 8406.7924560546871 17053.567083333335 -6652.6946923828136 4473.404580078125 -14681.708652935606 37842.27554086539 15056.058418367347 3073.9101443975301 -2720.8109117121562 -9801.1077519603332 -6445.2284264668606 22688.098359374999 5575.1138373741742 25092.131484375001 34468.554850260422 -48.09919868918027 9059.365056818182 -4481.38058820074 6703.1362539994097 -12898.093784230026 28445.720375000001 14404.55957880435 10119.573580867687 -119.75193274713331 19440.268359375001 14658.076133968956 -8692.3789713541682
leaf_weight=39 20 21 30 28 30 40 20 33 26 49 241 311 271 339 45 104 20 24 136 22 173 76 194 25 23 141 93 44 38 93
leaf_count=39 20 21 30 28 30 40 20 33 26 49 241 311 271 339 45 104 20 24 136 22 173 76 194 25 23 141 93 44 38 93
internal_value=205.464 16547.8 -4875.71 14881.6 24202.5 -814.999 10619.4 -9602.73 26804.1 11395.9 2011.47 -3241.01 -8334.13 -8036.16 22437.1 2731.98 33042.7 30206.5 1947.67 15355.8 -2829.44 9065.66 -13610 24744.4 10041.5 9418.19 -2122.05 17130.3 12605.2 -6928.99
internal_weight=2749 652 2097 631 198 1128 433 969 170 413 521 607 736 703 100 481 70 44 377 153 577 260 233 70 184 161 404 93 60 432
internal_count=2749 652 2097 631 198 1128 433 969 170 413 521 607 736 703 100 481 70 44 377 153 577 260 233 70 184 161 404 93 60 432
is_linear=0
shrinkage=0.05


Tree=49
num_leaves=31
num_cat=0
split_feature=14 14 4 14 14 14 3 14 12 78 23 11 13 1 5 14 14 14 17 11 10 24 96 12 14 9 14 17 10 19
split_gain=8.7127e+13 1.94283e+13 1.77559e+13 8.59756e+12 4.33377e+12 2.0678e+12 1.47652e+12 9.43243e+11 8.99837e+11 8.07163e+11 6.00958e+11 5.16613e+11 4.4322e+11 4.39471e+11 4.32324e+11 4.18839e+11 4.05196e+11 3.82372e+11 3.66054e+11 2.89315e+11 2.66958e+11 2.08758e+11 2.04674e+11 1.99821e+11 1.9574e+11 1.93301e+11 1.88395e+11 1.85654e+11 1.54139e+11 1.53247e+11
threshold=5977386.3950000014 3605022.5400000005 3041.5000000000005 8213804.3350000009 2346087.8300000005 4735665.6350000007 194.00000000000003 1722881.0300000003 348.60177545691909 9127754.1250000019 207.50000000000003 590926.33500000008 971.86014845346278 374.50000000000006 4.457639066905922 3049583.4950000006 7185340.040000001 9581969.9700000007 4499155.1166434987 279628.39000000007 13088.405000000002 133.50000000000003 14465923.455000002 827.91371722113524 6762199.1250000009 654.09500000000014 4182216.7750000008 10149478.950604098 12080.215000000002 17465.58924101901
decision_type=2 2 2 2 2 2 2 2 2 2 2 2 2 2 2 2 2 2 2 2 2 2 2 2 2 2 2 2 2 2
left_child=1 4 3 8 7 11 17 19 10 14 16 18 -7 24 -8 21 -2 22 26 20 -1 -6 -5 -17 -10 -9 -3 -11 -27 -14
right_child=2 5 -4 6 15 12 9 25 13 27 -12 -13 29 -15 -16 23 -18 -19 -20 -21 -22 -23 -24 -25 -26 28 -28 -29 -30 -31
leaf_value=-17218.55660665761 8914.1557088823465 -1354.972029456314 63425.977306547626 20808.679640151517 -6591.3070715028362 3520.0561087722413 19395.097098214286 -7027.1581511124314 11018.583610983456 30878.526562500003 1461.4865197753907 3958.2486811088793 11186.14719122024 21981.351376488095 28572.190530303029 -4719.4904269034405 13564.847764756945 24670.844439338238 -7396.890042724609 -10515.203860538564 -12911.19051846591 -2324.1358335433465 15102.390807291667 -2091.9835477433116 16345.312968750002 -13207.652204241072 818.93841581798733 37374.229225852272 -9263.7060828488375 6499.6424387515181
leaf_weight=46 134 245 21 33 380 209 21 92 34 22 20 66 21 21 33 228 72 34 20 94 165 31 30 106 35 28 168 22 215 103
leaf_count=46 134 245 21 33 380 209 21 92 34 22 20 66 21 21 33 228 72 34 20 94 165 31 30 106 35 28 168 22 215 103
internal_value=195.191 -4165.27 18366.5 16514.7 -7793.05 1873.78 24770.8 -10810.7 11420 29099.4 9736.26 -162.485 4925.12 15648.1 25003.3 -5200.72 10539.6 20397.6 -790.587 -12822.4 -13850.2 -6269.45 18091.4 -3885.61 13720.5 -8979.13 -470.669 34126.4 -9718.15 7293.32
internal_weight=2749 2217 532 511 1385 832 195 640 316 98 226 499 333 90 54 745 206 97 433 305 211 411 63 334 69 335 413 44 243 124
internal_count=2749 2217 532 511 1385 832 195 640 316 98 226 499 333 90 54 745 206 97 433 305 211 411 63 334 69 335 413 44 243 124
is_linear=0
shrinkage=0.05


Tree=50
num_leaves=31
num_cat=0
split_feature=14 17 14 14 14 14 32 14 47 53 17 22 17 22 14 12 17 12 14 51 17 14 12 37 96 14 0 39 14 14
split_gain=7.8975e+13 2.50384e+13 1.44995e+13 9.52824e+12 2.9314e+12 2.30233e+12 1.33609e+12 1.2074e+12 8.55622e+11 6.50818e+11 6.39437e+11 5.22561e+11 4.80815e+11 4.34169e+11 4.11085e+11 4.08453e+11 4.8635e+11 3.60466e+11 3.49458e+11 3.04298e+11 2.66272e+11 2.44729e+11 2.31612e+11 2.17267e+11 2.16798e+11 1.97848e+11 1.65132e+11 1.46741e+11 1.33291e+11 1.25598e+11
threshold=5431553.6800000006 12317822.278103312 2958018.2250000006 8381096.5600000015 4120412.0300000007 1722881.0300000003 139.50000000000003 6762199.1250000009 0.90603888908746477 0.066332004667357211 4472577.1520528644 164.50000000000003 700319.04837766744 118.50000000000001 9833263.2000000011 1299.6369224857269 4100358.2539325277 348.60177545691909 2430031.7550000004 23892.897686242079 5635743.6231700974 3450453.8600000003 486.94333526123006 48.500000000000007 14465923.455000002 4864356.2500000009 90.500000000000014 43.500000000000007 3490956.9000000004 7611143.5450000009
decision_type=2 2 2 2 2 2 2 2 2 2 2 2 2 2 2 2 2 2 2 2 2 2 2 2 2 2 2 2 2 2
left_child=2 3 5 7 15 12 14 11 -8 10 25 22 -1 18 24 16 21 19 -7 -9 -11 -4 23 -2 -5 -6 -14 28 -17 -21
right_child=1 -3 4 6 9 13 8 17 -10 20 -12 -13 26 -15 -16 27 -18 -19 -20 29 -22 -23 -24 -25 -26 -27 -28 -29 -30 -31
leaf_value=-19691.022395833337 6410.8444329132908 70460.76171875 -4635.0695145522996 20059.526417151166 630.57226579151461 -8671.1114547854213 34109.04769965278 5824.9616636003775 22872.335144042969 4036.4866657700654 -7611.5019433593761 15148.189033203125 -12562.211867222852 -3204.2146726481119 24105.11153846154 -2846.6641146705265 -11126.708979724703 16320.9056640625 -6344.3136927286787 11030.204990096832 9496.8108940972215 -2208.2856695048013 9284.5282119750973 858.51530517578124 14574.257031250001 3275.2278471550057 -9886.2655899439123 2817.3917777683423 -21.455841027684961 14362.352260638299
leaf_weight=21 148 20 193 43 189 367 36 21 32 129 20 20 221 60 39 84 21 50 288 71 27 225 64 20 31 113 78 23 83 47
leaf_count=21 148 20 193 43 189 367 36 21 32 129 20 20 221 60 39 84 21 50 288 71 27 225 64 20 31 113 78 23 83 47
internal_value=12.063 15394.4 -4598.33 13623.8 -620.618 -8852.76 23283.4 9659.17 28821.2 2330.9 1046.74 7393.45 -12377.8 -7275.12 19951 -2863.58 -3701.81 12680.1 -7648.03 11370.5 4981.54 -3328.79 6724.94 5749.85 17761.6 1620.13 -11864.1 -926.845 -1442.52 12357.4
internal_weight=2784 642 2142 622 1107 1035 181 441 68 478 322 252 320 715 113 629 439 189 655 139 156 418 232 168 74 302 299 190 167 118
internal_count=2784 642 2142 622 1107 1035 181 441 68 478 322 252 320 715 113 629 439 189 655 139 156 418 232 168 74 302 299 190 167 118
is_linear=0
shrinkage=0.05


Tree=51
num_leaves=31
num_cat=0
split_feature=14 14 14 14 14 14 14 3 91 11 12 17 24 8 11 5 27 14 14 14 17 3 12 17 14 14 11 96 8 8
split_gain=7.13169e+13 2.30776e+13 1.23062e+13 8.67792e+12 2.31705e+12 2.07786e+12 1.26638e+12 9.01906e+11 7.66872e+11 5.97252e+11 5.68059e+11 4.33936e+11 4.02757e+11 3.91584e+11 3.76396e+11 3.39909e+11 3.28897e+11 3.20706e+11 3.15066e+11 3.1093e+11 3.01098e+11 2.70797e+11 2.65144e+11 2.96386e+11 2.62115e+11 2.20318e+11 2.04772e+11 2.03871e+11 1.83171e+11 1.37839e+11
threshold=5312981.2100000009 14140236.715000002 2958018.2250000006 8381096.5600000015 4120412.0300000007 1722881.0300000003 6338146.290000001 194.00000000000003 2777242.3400000003 1040348.1250000001 292.01247128185628 700319.04837766744 111.50000000000001 2966.3726756236533 760728.26000000013 4.5190033402545824 108.50000000000001 2430031.7550000004 7703103.2400000012 9833263.2000000011 4100358.2539325277 188.50000000000003 712.73263168268056 4985195.9123749891 3490956.9000000004 4795217.7250000006 292087.39000000007 14465923.455000002 2614.6816242883256 2839.0594283232463
decision_type=2 2 2 2 2 2 2 2 2 2 2 2 2 2 2 2 2 2 2 2 2 2 2 2 2 2 2 2 2 2
left_child=2 3 5 6 14 11 22 19 -9 13 16 -1 17 -6 20 -10 18 28 -8 27 24 -12 23 -2 -4 -15 29 -5 -7 -13
right_child=1 -3 4 7 9 12 10 8 15 -11 21 26 -14 25 -16 -17 -18 -19 -20 -21 -22 -23 -24 -25 -26 -27 -28 -29 -30 -31
leaf_value=-18706.471428571429 5745.3754704911589 63367.986803668486 -3873.4943103896617 19163.153652871621 -5295.8894409179693 -12127.734458705358 9371.0986618857351 16929.244492187499 24624.34572610294 9204.0043330439821 13085.948618344908 -16082.701992187502 -2879.4254132187161 976.12334416910005 1353.9006488506611 31804.084814453126 3855.6766450427831 -6017.1671112271015 14711.273325892858 23276.851725260418 -8145.1722015380865 19896.709765625001 8694.3970147235577 -796.19105834960942 -1686.1817886701979 3418.8631784099425 -9292.6863925137368 13666.213577368952 -7920.4270387178321 -11716.59658203125
leaf_weight=21 129 23 287 37 20 28 131 20 34 27 54 20 57 251 52 32 21 290 35 24 28 20 65 20 262 146 91 31 340 188
leaf_count=21 129 23 287 37 20 28 131 20 34 27 54 20 57 251 52 32 21 290 35 24 28 20 65 20 262 146 91 31 340 188
internal_value=11.4598 14143.1 -4520.33 12409.3 -768.297 -8410.12 8880.88 21825.2 25506.3 1997.19 11218.6 -11758.9 -6911.37 1530.56 -2720.4 28105.4 9751.22 -7260.64 10497 18384.1 -3087.59 14926.7 6029.74 4867.31 -2829.64 1874.46 -11270.9 16657.2 -8240.55 -12136.4
internal_weight=2784 676 2108 653 1073 1035 475 178 86 444 261 320 715 417 629 66 187 658 166 92 577 74 214 149 549 397 299 68 368 208
internal_count=2784 676 2108 653 1073 1035 475 178 86 444 261 320 715 417 629 66 187 658 166 92 577 74 214 149 549 397 299 68 368 208
is_linear=0
shrinkage=0.05


Tree=52
num_leaves=31
num_cat=0
split_feature=14 38 14 14 14 14 14 32 40 11 17 5 3 12 17 14 14 66 12 52 11 81 14 14 11 24 11 4 86 17
split_gain=6.43772e+13 2.27034e+13 1.22903e+13 7.30766e+12 2.49942e+12 1.94316e+12 9.8337e+11 9.5632e+11 9.88867e+11 5.90959e+11 7.30441e+11 4.33672e+11 3.96165e+11 3.73606e+11 4.22399e+11 3.70635e+11 3.38114e+11 3.08157e+11 2.91364e+11 2.60364e+11 2.56886e+11 2.52143e+11 2.08059e+11 1.97657e+11 1.94583e+11 1.85786e+11 1.82243e+11 1.77106e+11 1.66301e+11 1.36018e+11
threshold=5545905.1750000007 378.50000000000006 3006594.0550000002 8381096.5600000015 4182216.7750000008 1722881.0300000003 6762199.1250000009 139.50000000000003 52.500000000000007 534828.31000000017 4854757.4501700057 4.5030665915281309 28.500000000000004 1299.6369224857269 4100358.2539325277 2483534.4400000009 10307273.775000002 -0.36572252349726903 348.60177545691909 24080.993627253552 1068515.9050000003 5785255.212857144 3490956.9000000004 4864356.2500000009 467366.50000000006 133.50000000000003 292087.39000000007 1482.5000000000002 1648385.9167995939 2487449.0715019992
decision_type=2 2 2 2 2 2 2 2 2 2 2 2 2 2 2 2 2 2 2 2 2 2 2 2 2 2 2 2 2 2
left_child=2 3 5 6 13 12 17 16 11 10 23 -9 -1 14 22 24 21 -2 19 -8 -11 -5 -4 -6 29 -17 -14 -19 -23 -7
right_child=1 -3 4 7 9 15 18 8 -10 20 -12 -13 26 -15 -16 25 -18 27 -20 -21 -22 28 -24 -25 -26 -27 -28 -29 -30 -31
leaf_value=-17645.799289772727 5036.7285030480598 66634.904531249995 -4093.7998614032458 21439.706718750003 907.53496843225821 -7596.9619636464777 5174.9185709635422 23686.059421502978 16003.256029052736 4352.7606031864252 -7931.7038439941407 33120.736099137932 -11512.763366168479 -591.15503726971781 -10163.114880952382 -5510.209973099817 23093.806406250002 7621.0690680426524 14755.212218750001 11217.426178495763 10469.441438802083 11810.314687500002 -1864.683293246379 3352.3756802016887 -5180.9420317444628 -921.74127451578772 -8828.0520690247267 12823.704817708334 16938.553561046512 -10837.091113281251
leaf_weight=22 132 20 195 20 204 323 21 21 20 94 20 29 207 190 21 273 25 74 50 118 21 25 226 139 79 24 91 21 43 36
leaf_count=22 132 20 195 20 204 323 21 21 20 94 20 29 207 190 21 273 25 74 50 118 21 25 226 139 79 24 91 21 43 36
internal_value=10.8868 14230.4 -4054.65 12480.7 -381.94 -7918.82 8817.78 20807.3 25399.6 2346.24 1356.7 29158.2 -11170.9 -2445.34 -3242.39 -6502.94 17962.4 6599.58 11482 10304.5 5469.72 16504.7 -2897.17 1898.3 -7427.51 -5139.42 -10692.9 8771.13 15053.2 -7921.88
internal_weight=2784 619 2165 599 1110 1055 416 183 70 478 363 50 320 632 442 735 113 227 189 139 115 88 421 343 438 297 298 95 68 359
internal_count=2784 619 2165 599 1110 1055 416 183 70 478 363 50 320 632 442 735 113 227 189 139 115 88 421 343 438 297 298 95 68 359
is_linear=0
shrinkage=0.05


Tree=53
num_leaves=31
num_cat=0
split_feature=17 38 17 17 8 7 17 17 17 8 32 16 22 15 8 108 17 5 8 8 17 16 17 53 12 66 17 106 87 17
split_gain=5.3791e+13 2.15383e+13 8.61824e+12 6.56353e+12 2.99539e+12 2.66445e+12 1.59723e+12 1.43768e+12 1.29253e+12 7.41422e+11 7.02317e+11 4.68578e+11 4.75051e+11 4.22143e+11 4.0556e+11 3.94531e+11 3.8e+11 3.63168e+11 2.8912e+11 2.53662e+11 2.52368e+11 2.27508e+11 2.0568e+11 1.8367e+11 1.75372e+11 1.61726e+11 1.60524e+11 1.55092e+11 1.17117e+11 1.1693e+11
threshold=4597388.3440772044 378.50000000000006 2653287.2414627369 7740984.626887179 2062.2691421732429 3977.3013882280175 5635743.6231700974 1595128.6512787065 3451920.7932142499 2062.2691421732429 139.50000000000003 20087.32640878587 161.50000000000003 21702.92064835424 2455.5590281065133 261.50000000000006 700319.04837766744 4.5137298986880179 2614.6816242883256 2966.3726756236533 2077385.9014688099 18213.229970185919 6368300.6096897433 0.11111113258545886 99.606457166686553 -0.43663505800854857 3920378.469027875 -705112.24999999988 3423041.7050000005 1080230.5527985136
decision_type=2 2 2 2 2 2 2 2 2 2 2 2 2 2 2 2 2 2 2 2 2 2 2 2 2 2 2 2 2 2
left_child=2 3 7 4 -2 -5 21 16 14 -10 13 12 19 -7 -4 -12 -1 -17 -9 -8 -20 -6 -13 -16 26 27 -11 -26 -24 -18
right_child=1 -3 8 5 6 10 11 18 9 24 15 22 -14 -15 23 17 29 -19 20 -21 -22 -23 28 -25 25 -27 -28 -29 -30 -31
leaf_value=-16961.869642857142 -11502.634047851563 61331.40648484003 -8453.3019140625001 3317.4339461616846 3310.506122504341 11999.478837890625 2054.2694585626773 -11205.083955751617 -6772.8396673387097 774.12969284649046 31204.468203124998 10707.9792265625 14514.193476562499 20700.65730298913 -1963.8638006659703 18311.662591287364 -11575.207600308642 27017.495523437505 -7183.4308421797141 8253.758266749528 -5237.2682269426205 6449.2260156735856 16809.687135416669 -4380.5079429549396 -5313.3877526324732 954.27295321240842 3210.7393540180906 2.7735006893382352 12950.089412006579 -9309.928411865234
leaf_weight=21 20 21 30 23 81 20 22 29 31 129 20 75 25 46 382 23 81 25 301 66 373 201 30 99 23 162 142 34 57 192
leaf_count=21 20 21 30 23 81 20 22 29 31 129 20 75 25 46 382 23 81 25 301 66 373 201 30 99 23 162 142 34 57 192
internal_value=10.3425 11403.9 -4229.23 9975.41 7509.07 19039.6 8191.72 -7544.59 -1026.31 726.12 21738.2 10903.1 8431.83 18063.9 -2813.04 25304.3 -10480.6 22846 -6316.73 6703.89 -6106.4 5547.68 12626.8 -2461.26 1200.54 148.304 2050.88 -2142.34 14281 -9982.04
internal_weight=2784 755 2029 734 577 157 557 997 1032 521 134 275 113 66 511 68 294 48 703 88 674 282 162 481 490 219 271 57 87 273
internal_count=2784 755 2029 734 577 157 557 997 1032 521 134 275 113 66 511 68 294 48 703 88 674 282 162 481 490 219 271 57 87 273
is_linear=0
shrinkage=0.05


Tree=54
num_leaves=31
num_cat=0
split_feature=14 32 14 14 14 14 32 33 14 13 10 42 13 28 3 13 17 14 14 14 117 3 81 19 103 14 22 80 14 13
split_gain=5.27372e+13 1.69045e+13 1.234e+13 4.18695e+12 2.89837e+12 1.3007e+12 7.84053e+11 9.78444e+11 6.4901e+11 5.28398e+11 4.79617e+11 3.95875e+11 3.64014e+11 3.87075e+11 3.37103e+11 3.26978e+11 4.28648e+11 3.11065e+11 2.92411e+11 2.82763e+11 2.81355e+11 2.62266e+11 2.2135e+11 1.91461e+11 1.5167e+11 1.47728e+11 1.45433e+11 1.37863e+11 1.31219e+11 1.17919e+11
threshold=6113789.2800000012 195.00000000000003 3648885.1550000003 8381096.5600000015 2267675.1550000007 4760934.7500000009 139.50000000000003 298.50000000000006 1477257.2100000002 891.09025513569827 13401.725 82.500000000000014 971.86014845346278 44.500000000000007 189.50000000000003 2099.8692200821665 4387297.7968687611 2958018.2250000006 7185340.040000001 10307273.775000002 583.50000000000011 28.500000000000004 5785255.212857144 17317.358835575087 656428.6050000001 4315459.120000001 110.50000000000001 5941875.3700000001 5346416.6900000004 1155.9943496756375
decision_type=2 2 2 2 2 2 2 2 2 2 2 2 2 2 2 2 2 2 2 2 2 2 2 2 2 2 2 2 2 2
left_child=2 3 4 9 8 15 19 20 21 10 -2 17 13 28 -11 16 25 29 -12 22 -8 -1 -5 -14 -24 -4 -10 -19 -7 -6
right_child=1 -3 5 6 11 12 7 -9 26 14 18 -13 23 -15 -16 -17 -18 27 -20 -21 -22 -23 24 -25 -26 -27 -28 -29 -30 -31
leaf_value=-15988.870276988637 497.21079589843748 59661.692868652346 -1223.4689648146148 19519.651093749999 -5867.5350156396853 2164.9472151371474 30820.043676757814 14051.177229817709 -7699.5089796241555 10780.016321910512 6895.8558063299006 2366.2800133746605 9962.2934651692703 -4028.9018981933596 18189.941640625002 1994.3211852123122 -8001.2699414062508 -2966.7038883048899 10750.655181267557 20921.485656250003 23081.192017663045 -10238.654452347637 15511.464414062501 5029.222719748961 10713.407209123885 945.5499263763428 -3962.167559378488 -6447.6564823273693 4769.3530069169547 -4070.5653576747982
leaf_weight=22 20 20 227 20 266 114 24 21 370 66 110 23 24 20 20 135 20 345 89 25 23 201 40 109 28 120 28 31 84 139
leaf_count=22 20 20 227 20 266 114 24 21 370 66 110 23 24 20 20 135 20 345 89 25 23 201 40 109 28 120 28 31 84 139
internal_value=9.82537 14611.3 -3233.51 12757.3 -6080.72 1522.95 18781.7 23023.9 -8646.51 9182.22 7878.07 -4098.93 3857.93 2600.24 12503.3 -109.668 -883.615 -4289.33 8619.86 16228.9 27032.9 -10805.9 14895.8 5919.4 13535.8 -473.376 -7436.58 -3253.7 3269.85 -5250.8
internal_weight=2784 506 2278 486 1425 853 181 68 621 305 219 804 351 218 86 502 367 781 199 113 47 223 88 133 68 347 398 376 198 405
internal_count=2784 506 2278 486 1425 853 181 68 621 305 219 804 351 218 86 502 367 781 199 113 47 223 88 133 68 347 398 376 198 405
is_linear=0
shrinkage=0.05


Tree=55
num_leaves=31
num_cat=0
split_feature=14 14 14 14 14 14 11 17 42 1 18 8 14 24 14 14 14 24 11 23 11 7 66 8 125 61 39 78 16 14
split_gain=5.07764e+13 1.73224e+13 1.10591e+13 3.70519e+12 1.98228e+12 1.75651e+12 6.19228e+11 5.48768e+11 7.47274e+11 4.81893e+11 4.19512e+11 4.36931e+11 4.03578e+11 3.84756e+11 3.45197e+11 3.41639e+11 2.59291e+11 2.29571e+11 2.28764e+11 2.18976e+11 1.89565e+11 1.83985e+11 1.82726e+11 1.55837e+11 1.48511e+11 1.44697e+11 1.35693e+11 1.34055e+11 1.32549e+11 1.19703e+11
threshold=6113789.2800000012 14140236.715000002 3132242.8150000009 8478943.4600000028 4263380.2850000011 1754135.0050000001 988635.93500000017 7864758.7286813147 178.50000000000003 440.50000000000006 14830.427398981739 2900.5049220350315 2483534.4400000009 103.50000000000001 4950915.4050000003 730735.54500000004 7081283.6150000012 183.50000000000003 108141.59000000001 98.500000000000014 467366.50000000006 4899.7116439909305 -0.51974381215551546 2614.6816242883256 298.14285714285717 -0.6830127018922193 81.500000000000014 8657573.1950000022 21567.499783893767 3690775.2450000006
decision_type=2 2 2 2 2 2 2 2 2 2 2 2 2 2 2 2 2 2 2 2 2 2 2 2 2 2 2 2 2 2
left_child=2 3 5 6 13 15 16 24 9 27 -6 -12 20 18 -13 -1 22 -14 19 29 23 -18 -2 -7 -5 28 -11 -9 -17 -4
right_child=1 -3 4 7 10 12 -8 8 -10 26 11 14 17 -15 -16 25 21 -19 -20 -21 -22 -23 -24 -25 -26 -27 -28 -29 -30 -31
leaf_value=-15539.947690217392 5580.2082498957607 59803.396240234375 -2974.9842349170503 16357.806907894737 9737.7182333374021 -9986.4885525173613 15582.57069163603 15941.790975288724 11738.863843936013 23330.438248697916 -4888.1557147216799 1278.0424447801379 -4431.7980495388229 3017.1927534236465 3957.9481282855822 -14884.951718750001 5633.4406835937507 1074.3417065429687 -480.30092218824007 -6420.8628102022058 -4145.9872107872598 10829.383963994565 9022.6796329273911 -6516.6928866577146 11333.828157552083 -8782.5160451061329 28833.951264880954 21231.085437500002 -9373.5361328125 -1091.5212507856654
leaf_weight=23 89 20 210 38 20 36 34 23 21 24 20 234 354 43 247 20 20 20 193 34 78 115 68 320 24 265 21 25 24 141
leaf_count=23 89 20 210 38 20 36 34 23 21 24 20 234 354 43 247 20 20 20 193 34 78 115 68 320 24 265 21 25 24 141
internal_value=102.638 14170.7 -3115.39 12352.7 362.3 -6599.18 9196.43 18198.9 20257.9 22181.5 2636.6 2353.12 -5341.1 -1545.76 2654.21 -9660.99 8452.84 -4137.35 -1885.22 -2589.51 -6378.44 10059.6 7071.21 -6867.57 14413 -9223.4 25898.7 18696.6 -11878.7 -2218.38
internal_weight=2804 522 2282 502 1142 1140 326 176 114 93 521 501 808 621 481 332 292 374 578 385 434 135 157 356 62 309 45 48 44 351
internal_count=2804 522 2282 502 1142 1140 326 176 114 93 521 501 808 621 481 332 292 374 578 385 434 135 157 356 62 309 45 48 44 351
is_linear=0
shrinkage=0.05


Tree=56
num_leaves=31
num_cat=0
split_feature=14 14 14 14 14 14 13 14 11 18 8 14 34 24 14 14 102 14 23 12 24 66 23 11 65 8 11 66 125 104
split_gain=4.58257e+13 1.56335e+13 9.9808e+12 3.34393e+12 1.78901e+12 1.58525e+12 5.82365e+11 5.00611e+11 3.97834e+11 3.78609e+11 3.9433e+11 3.64229e+11 3.59942e+11 3.47242e+11 3.1154e+11 3.08329e+11 2.92827e+11 2.79195e+11 2.33255e+11 2.07275e+11 2.07187e+11 2.04015e+11 1.9153e+11 1.71082e+11 1.40708e+11 1.40643e+11 1.26207e+11 1.7085e+11 1.13127e+11 1.12845e+11
threshold=6113789.2800000012 14140236.715000002 3132242.8150000009 8478943.4600000028 4263380.2850000011 1754135.0050000001 891.09025513569827 10978572.715000002 57400.950000000004 14830.427398981739 2900.5049220350315 2483534.4400000009 111.50000000000001 103.50000000000001 4950915.4050000003 730735.54500000004 2442224.8544875304 7369507.9100000011 203.50000000000003 673.81868383856624 183.50000000000003 -0.86092912513210462 98.500000000000014 467366.50000000006 -0.413274780713969 2614.6816242883256 292087.39000000007 -0.5488429582847193 297.28571428571433 1539170.8500000001
decision_type=2 2 2 2 2 2 2 2 2 2 2 2 2 2 2 2 2 2 2 2 2 2 2 2 2 2 2 2 2 2
left_child=2 3 5 6 13 15 17 8 21 -6 -11 23 29 19 -12 -1 -9 24 -19 22 -13 -5 -4 25 -2 -7 27 -17 -23 -8
right_child=1 -3 4 7 9 11 12 16 -10 10 14 20 -14 -15 -16 26 -18 18 -20 -21 -22 28 -24 -25 -26 -27 -28 -29 -30 -31
leaf_value=-14762.950237771738 3231.4630763198393 56813.227002563479 -2100.4386377597866 10350.545687753183 9250.8322900390631 -9487.1640950520832 8039.3018393239663 16935.375390625002 20717.831505926726 -4643.7479745483397 1214.1403205480331 -4210.2081407622427 17386.735156250001 2866.3330946811411 3760.0507385995224 -13823.362265625001 24633.591692708334 11499.282529633621 5942.2709333147322 -427.2171600788198 1020.6246367371083 16908.731555706523 -5977.2321400669643 -3938.6878377278649 6931.7542046908675 -6190.858236999512 -7210.3163489300277 -8973.1612825190368 12614.002156929348 12154.738194444444
leaf_weight=23 33 20 355 27 20 36 31 21 29 20 234 354 24 43 247 20 30 58 28 188 20 46 35 78 116 320 92 197 23 36
leaf_count=23 33 20 355 27 20 36 31 21 29 20 234 354 24 43 247 20 30 58 28 188 20 46 35 78 116 320 92 197 23 36
internal_value=97.5058 13462.2 -2959.62 11735 344.185 -6269.22 8736.61 17289 15585.6 2504.77 2235.46 -5074.05 12132.6 -1468.48 2521.5 -9177.94 21463.7 7421.55 9690.02 -1790.96 -3930.48 14035.3 -2448.36 -6059.52 6112.23 -6524.19 -8762.23 -9420.18 15477.2 10250.6
internal_weight=2804 522 2282 502 1142 1140 326 176 125 521 501 808 91 621 481 332 51 235 86 578 374 96 390 434 149 356 309 217 69 67
internal_count=2804 522 2282 502 1142 1140 326 176 125 521 501 808 91 621 481 332 51 235 86 578 374 96 390 434 149 356 309 217 69 67
is_linear=0
shrinkage=0.05


Tree=57
num_leaves=31
num_cat=0
split_feature=1 23 1 1 16 7 61 7 4 4 4 51 51 51 23 51 16 11 102 51 4 8 22 8 51 3 51 4 51 66
split_gain=3.74496e+13 1.34493e+13 6.32577e+12 4.28592e+12 1.40036e+12 1.36009e+12 1.36795e+12 1.2613e+12 1.21544e+12 1.02092e+12 7.74728e+11 6.86102e+11 5.30914e+11 4.43099e+11 3.92361e+11 3.75096e+11 3.568e+11 3.47937e+11 2.85609e+11 2.76939e+11 2.48045e+11 2.18782e+11 2.16928e+11 1.4419e+11 1.38827e+11 1.36962e+11 1.18802e+11 1.14682e+11 1.08707e+11 1.07977e+11
threshold=231.50000000000003 396.00000000000006 122.50000000000001 337.50000000000006 14966.982722184302 3977.3013882280175 -0.24999999999999994 4263.731250981652 394.50000000000006 846.00000000000011 2177.5000000000005 28166.179758981831 28487.915483870969 30500.951809750706 15.500000000000002 30412.059617346942 21199.044841675201 590926.33500000008 2442224.8544875304 28759.159684523813 1453.5000000000002 2614.6816242883256 105.50000000000001 3026.1712804933368 25943.146109629208 161.50000000000003 27319.237064056946 257.50000000000006 26808.376164705889 -0.52705818521824699
decision_type=2 2 2 2 2 2 2 2 2 2 2 2 2 2 2 2 2 2 2 2 2 2 2 2 2 2 2 2 2 2
left_child=2 3 8 4 17 6 -5 22 14 15 16 20 21 26 -1 -9 29 -2 -12 23 24 -10 -4 -16 -6 -13 -11 -21 -18 -7
right_child=1 -3 7 5 11 10 -8 9 12 13 18 25 -14 -15 19 -17 28 -19 -20 27 -22 -23 -24 -25 -26 -27 -28 -29 -30 -31
leaf_value=-13953.303385416666 -6026.7169842529302 50845.972604980474 -5765.5951418640798 -2124.5528232392812 4638.7826547677178 8586.6910556030271 15349.622493489585 -1788.1091029314084 -10182.913834635418 1426.3700886642334 17496.128805226293 9968.1891059027785 -2588.2944133773626 8437.3691894531257 -12771.093007812502 1678.4727757502578 14874.8466796875 1955.8246564643327 24123.294330658784 -7630.0239805116762 8784.7417298098644 -5243.9049652189105 -2402.653725117385 -8302.0663788006768 7316.3115758947424 14502.127935987904 3668.7868137817386 -5374.410503325591 19499.689554398148 13192.099040178571
leaf_weight=24 20 20 93 21 140 20 24 383 24 278 29 36 253 28 20 98 24 43 37 91 83 341 99 185 74 31 75 148 27 35
leaf_count=24 20 20 93 21 140 20 24 383 24 278 29 36 253 28 20 98 24 43 37 91 83 341 99 185 74 31 75 148 27 35
internal_value=92.6305 10466.2 -3126.08 9212.15 6304.35 14934 7195.01 -366.681 -5804.17 449.63 16958.7 7495.58 -4348.54 2383.03 -7726.34 -1081.82 14310.8 -578.316 21211.4 -7389.75 6464.55 -5568.66 -4031.58 -8738.07 5564.66 12066 1902.8 -6233.24 17323.3 11517.4
internal_weight=2804 664 2140 644 427 217 45 1054 1086 862 172 364 618 381 468 481 106 63 66 444 297 365 192 205 214 67 353 239 51 55
internal_count=2804 664 2140 644 427 217 45 1054 1086 862 172 364 618 381 468 481 106 63 66 444 297 365 192 205 214 67 353 239 51 55
is_linear=0
shrinkage=0.05


Tree=58
num_leaves=31
num_cat=0
split_feature=17 38 17 17 8 92 17 17 17 8 5 8 104 8 23 17 58 78 17 17 33 17 77 51 53 65 38 25 5 83
split_gain=3.52912e+13 1.41093e+13 5.40029e+12 3.98184e+12 1.47075e+12 1.16109e+12 9.2626e+11 9.19873e+11 7.41301e+11 4.31453e+11 3.70615e+11 3.44862e+11 3.35416e+11 2.71551e+11 2.63566e+11 2.46969e+11 1.94412e+11 1.87794e+11 1.66649e+11 1.4642e+11 1.18482e+11 1.15387e+11 1.23464e+11 1.13584e+11 1.07966e+11 9.16612e+10 8.97089e+10 7.87967e+10 7.73337e+10 7.71921e+10
threshold=4662215.5147605212 379.50000000000006 2653287.2414627369 7740984.626887179 2394.7956108174444 11006738.980000002 6012987.1680345051 1595128.6512787065 3451920.7932142499 2062.2691421732429 4.5030665915281309 2394.7956108174444 2498311.580000001 2614.6816242883256 15.500000000000002 9150342.0772241913 174.50000000000003 7485185.3750000009 2133755.5907708504 3920378.469027875 186.50000000000003 5545146.0725733377 3139743.3700000006 28962.934682684903 0.13636362699276808 0.97310932590074095 111.50000000000001 7.5000000000000009 4.2478201531579352 1722805.2100000002
decision_type=2 2 2 2 2 2 2 2 2 2 2 2 2 2 2 2 2 2 2 2 2 2 2 2 2 2 2 2 2 2
left_child=2 3 7 4 -2 -5 21 14 11 -10 17 -4 16 -9 -1 -12 25 -7 -15 29 23 22 -6 -14 26 -8 -13 -24 -16 -11
right_child=1 -3 8 5 6 10 12 13 9 19 15 24 20 18 28 -17 -18 -19 -20 -21 -22 -23 27 -25 -26 -27 -28 -29 -30 -31
leaf_value=-13255.638102213541 -6316.71142578125 50975.494716796878 -7518.05517578125 7627.8697365208682 1156.2975601859714 11381.293332031251 9941.5204409950675 -9639.6290375808203 -4859.6477622767861 -2889.7951078869046 16995.102118844698 -1660.9432385159312 8939.6127087823279 -5483.0817645335064 -9239.3920323988987 23024.237020089287 4639.2474040985107 17205.725403225806 -3926.7052121090755 1694.4483375477612 15549.123173828128 6742.0259798177085 4159.8271508168364 13644.700543478262 -3376.0470371161568 6209.6018141973591 1324.1668891059028 6111.9123665187672 -7285.0156215475063 276.42384813316971
leaf_weight=24 22 20 28 38 23 25 76 29 35 21 33 371 29 342 68 35 32 31 346 266 20 90 118 23 90 21 27 92 198 231
leaf_count=24 22 20 28 38 23 25 76 29 35 21 33 371 29 342 68 35 32 31 346 266 20 90 118 23 90 21 27 92 198 231
internal_value=87.999 9560.44 -3233.74 8390.53 6348.05 15274.4 6879.78 -5861.22 -758.656 513.208 17617.7 -2121.72 9544.64 -4900.14 -8237.4 20098.3 8018.71 14605.5 -4700.37 876.238 12278.6 5221.46 4634.12 11020.7 -1812.09 9133.58 -1458.44 5015.03 -7784.63 12.5723
internal_weight=2804 728 2076 708 546 162 524 1007 1069 553 124 516 201 717 290 68 129 56 688 518 72 323 233 52 488 97 398 210 266 252
internal_count=2804 728 2076 708 546 162 524 1007 1069 553 124 516 201 717 290 68 129 56 688 518 72 323 233 52 488 97 398 210 266 252
is_linear=0
shrinkage=0.05


Tree=59
num_leaves=31
num_cat=0
split_feature=14 14 14 14 14 14 42 28 11 14 34 23 11 14 14 14 12 17 17 24 14 8 87 42 13 9 96 17 19 8
split_gain=3.39286e+13 1.22472e+13 7.55259e+12 2.29911e+12 1.5881e+12 9.29602e+11 5.44944e+11 5.90318e+11 5.18483e+11 4.08611e+11 3.54841e+11 3.34837e+11 3.16081e+11 2.88773e+11 2.6961e+11 2.55582e+11 2.26206e+11 3.35092e+11 2.14855e+11 1.95887e+11 1.66464e+11 1.64173e+11 1.41016e+11 1.39742e+11 1.25273e+11 1.2164e+11 1.09504e+11 1.03801e+11 9.0012e+10 8.95637e+10
threshold=6160081.3150000013 14140236.715000002 3434913.0350000006 8856888.4400000032 1836894.53 4864356.2500000009 178.50000000000003 81.500000000000014 696460.42500000016 2483534.4400000009 110.50000000000001 229.50000000000003 594725.87000000011 6762199.1250000009 9833263.2000000011 730735.54500000004 929.62017159076265 4915333.7592282919 4721251.4055080516 183.50000000000003 3779268.1400000006 2614.6816242883256 3527989.4900000007 152.50000000000003 625.11720524009957 645.57500000000016 14465923.455000002 1080230.5527985136 17840.151751675683 2885.3732214466354
decision_type=2 2 2 2 2 2 2 2 2 2 2 2 2 2 2 2 2 2 2 2 2 2 2 2 2 2 2 2 2 2
left_child=2 3 4 8 15 12 7 14 11 25 -10 13 18 -2 26 -1 17 -7 20 24 -4 -17 -15 -9 -11 -6 -5 -23 -18 -27
right_child=1 -3 5 6 9 16 -8 23 10 19 -12 -13 -14 22 -16 21 28 -19 -20 -21 -22 27 -24 -25 -26 29 -28 -29 -30 -31
leaf_value=-12808.908933423914 5041.7391348805149 50075.34655273438 -1761.1138374922518 13725.888504464288 -3695.7975699608478 2873.4408570575233 7712.1850853329615 18536.61786221591 9087.4567626953121 -3809.5974095707447 17147.513862748583 715.7954003906251 2619.5662312973382 10486.732869078622 17085.808723958336 -11551.674964488637 7697.7322453425486 -3919.1214892578123 -5724.4430635070803 1065.9568187168668 135.93271925195734 -8609.5153645833325 7524.9958051801805 24311.355351562503 -2234.1707483623754 -8110.6668915719702 9011.9948330965908 -6574.8298839986082 4224.3260964133524 -5337.9441257599865
leaf_weight=23 85 20 167 28 109 197 21 22 36 339 22 20 86 63 42 22 26 20 20 28 376 84 111 20 201 33 22 247 66 248
leaf_count=23 85 20 167 28 109 197 21 22 36 339 22 20 86 63 42 22 26 20 20 28 376 84 111 20 201 33 22 247 66 248
internal_value=83.5991 11720.5 -2515.91 10161.3 -4948.2 871.013 15201.2 16374.8 7843.31 -3867.41 12144.7 6949.11 -203.7 7430.45 14132.5 -7701.93 3128.26 2247.4 -634.963 -3011.75 -447.505 -7369.18 8597.35 21286.5 -3223.19 -5113.6 11651.8 -7091.19 5205.94 -5663.57
internal_weight=2804 512 2292 492 1334 958 155 134 337 958 58 279 649 259 92 376 309 217 563 568 543 353 174 42 540 390 50 331 92 281
internal_count=2804 512 2292 492 1334 958 155 134 337 958 58 279 649 259 92 376 309 217 563 568 543 353 174 42 540 390 50 331 92 281
is_linear=0
shrinkage=0.05


Tree=60
num_leaves=31
num_cat=0
split_feature=14 104 14 14 14 14 8 56 37 103 14 40 11 52 7 13 14 26 14 14 14 17 93 27 109 24 8 11 62 62
split_gain=2.8488e+13 1.08466e+13 4.89761e+12 3.0431e+12 9.38068e+11 7.96781e+11 4.48415e+11 4.42368e+11 4.55537e+11 6.61066e+11 4.31836e+11 3.94734e+11 2.40142e+11 2.08249e+11 1.99037e+11 1.84344e+11 1.75178e+11 1.47286e+11 1.63167e+11 1.28746e+11 1.2438e+11 1.16749e+11 9.55464e+10 9.45465e+10 8.50049e+10 8.37736e+10 1.26343e+11 8.23382e+10 7.92289e+10 7.27521e+10
threshold=5346416.6900000004 7816134.1450000014 2915088.9800000004 7866205.0050000008 4182216.7750000008 1647926.6350000002 2694.5340643481777 1.5000000000000002 93.500000000000014 2676578.5000000009 6338146.290000001 39.500000000000007 727916.13500000013 24231.01905965339 4552.553649863592 1087.2338172247198 2440855.6350000002 37.500000000000007 3605022.5400000005 788573.19000000006 9581969.9700000007 4204961.3707737792 6013730.5007142862 25.500000000000004 239.50000000000003 102.50000000000001 2614.6816242883256 30141.375000000004 -0.5 -0.68301270189221952
decision_type=2 2 2 2 2 2 2 2 2 2 2 2 2 2 2 2 2 2 2 2 2 2 2 2 2 2 2 2 2 2
left_child=2 3 5 6 12 19 -2 -5 9 11 29 13 17 -9 -12 21 25 18 23 -1 24 -6 -16 -4 -15 26 -7 -25 -21 -8
right_child=1 -3 4 7 15 16 10 8 -10 -11 14 -13 -14 20 22 -17 -18 -19 -20 28 -22 -23 -24 27 -26 -27 -28 -29 -30 -31
leaf_value=-10625.787474798388 -1961.9500781250001 42672.769997240153 -546.68879527698869 19111.957324218751 940.75150168569473 -8497.2414331896562 2870.7974329936937 5545.3221865699416 4631.4130664062495 19096.848291015627 11408.990226562501 17496.127082170759 1199.0961039528918 12389.161789772728 7931.5490315636926 2806.6856847402214 -3501.5993372294924 -5878.9251910665771 -748.60379014792431 -10086.453018465909 13539.048372395835 -2658.5575742187502 5719.9053736863943 -3403.5121192817114 8635.8988321940105 -2768.6406396484376 -5065.9215633115291 -1698.8945669833099 -6949.7299505950032 4813.1911204993212
leaf_weight=31 20 23 55 23 228 29 83 21 20 32 25 21 67 22 86 148 282 23 227 22 33 25 113 199 48 35 358 110 237 115
leaf_count=31 20 23 55 23 228 29 83 21 20 32 25 21 67 22 86 148 282 23 227 22 33 25 113 199 48 35 358 110 237 115
internal_value=76.191 8917.9 -2841.23 7745.15 -513.528 -5375.01 5353.49 12550.2 11784.1 12592.3 5700.19 11156.9 -1643.25 10083.3 7203.96 1405.03 -4466.44 -1953.41 -1800.64 -7580.65 11008.5 585.089 6675.69 -2456.72 9815.5 -5111.19 -5323.05 -2796.69 -7216.17 3998.96
internal_weight=2761 685 2076 662 1082 994 442 220 197 177 422 145 681 124 224 401 704 614 591 290 103 253 199 364 70 422 387 309 259 198
internal_count=2761 685 2076 662 1082 994 442 220 197 177 422 145 681 124 224 401 704 614 591 290 103 253 199 364 70 422 387 309 259 198
is_linear=0
shrinkage=0.05


Tree=61
num_leaves=31
num_cat=0
split_feature=14 38 14 14 14 14 27 40 8 14 14 11 34 37 36 11 17 14 26 14 11 8 14 27 85 5 24 8 66 11
split_gain=2.57104e+13 1.00657e+13 4.42009e+12 3.00702e+12 8.46606e+11 7.19095e+11 6.43226e+11 1.02287e+12 5.50426e+11 3.98807e+11 3.8525e+11 2.16728e+11 2.13823e+11 1.94264e+11 1.70015e+11 1.621e+11 1.58708e+11 1.5854e+11 1.32926e+11 1.47259e+11 1.2366e+11 1.47695e+11 1.07464e+11 8.53282e+10 8.41249e+10 8.00025e+10 7.72273e+10 1.12118e+11 7.52246e+10 7.43102e+10
threshold=5346416.6900000004 378.50000000000006 2915088.9800000004 7866205.0050000008 4182216.7750000008 1647926.6350000002 181.50000000000003 39.500000000000007 2729.575091652524 10307273.775000002 6338146.290000001 727916.13500000013 102.50000000000001 83.500000000000014 22.500000000000004 339343.60000000003 4276665.5199947627 2430031.7550000004 37.500000000000007 3605022.5400000005 200751.70000000004 3650.3413873755776 9015487.0200000014 25.500000000000004 3915099.8357142867 4.5809219549727365 102.50000000000001 2614.6816242883256 -0.57022117041332276 30141.375000000004
decision_type=2 2 2 2 2 2 2 2 2 2 2 2 2 2 2 2 2 2 2 2 2 2 2 2 2 2 2 2 2 2
left_child=2 3 5 8 11 20 7 9 -2 14 28 18 25 -9 22 16 -6 26 19 23 21 -1 -5 -4 -17 -12 27 -7 -10 -25
right_child=1 -3 4 6 15 17 -8 13 10 -11 12 -13 -14 -15 -16 24 -18 -19 -20 -21 -22 -23 -24 29 -26 -27 -28 -29 -30 -31
leaf_value=-10842.726305509868 -3087.49416015625 43421.558281250007 -519.35435308283024 9464.2950979764337 985.37834112295513 -8072.3793776939656 3563.6867431640626 16404.464181385873 2773.8986603432513 16176.840127268146 5636.7069420447724 1139.1413119985098 10917.133419363839 22976.466725852275 6332.8692617910883 5341.7819253774796 -3641.364556884766 -3354.447074395398 -5584.978972061821 -711.17359251450864 -6031.906324491727 -7283.1384218749999 12774.426114710368 -3233.3365429748847 2155.7478507771211 7943.2930108762266 -2630.208613891602 -4836.1538642465557 4725.548395362267 -1613.9498271872781
leaf_weight=38 20 20 55 61 253 29 20 23 94 31 143 67 28 22 27 26 20 293 23 227 127 125 41 199 102 51 35 347 104 110
leaf_count=38 20 20 55 61 253 29 20 23 94 31 143 67 28 22 27 26 20 293 23 227 127 125 41 199 102 51 35 347 104 110
internal_value=72.3814 8472 -2699.17 7420.89 -487.852 -5106.26 12122.7 12957.7 5016.57 11084.6 5402.48 -1561.09 6832.6 19617.4 9860.94 1334.78 646.423 -4243.12 -1855.74 -1710.61 -7201.61 -8112.98 10794.8 -2333.88 2802.91 6243.08 -4876.65 -5085.76 3799.01 -2656.86
internal_weight=2761 685 2076 665 1082 994 225 205 440 160 420 681 222 45 129 401 273 704 614 591 290 163 102 364 128 194 411 376 198 309
internal_count=2761 685 2076 665 1082 994 225 205 440 160 420 681 222 45 129 401 273 704 614 591 290 163 102 364 128 194 411 376 198 309
is_linear=0
shrinkage=0.05


Tree=62
num_leaves=31
num_cat=0
split_feature=17 104 17 8 17 16 104 17 17 66 11 17 8 33 51 19 66 8 4 8 51 53 17 12 16 104 23 52 35 66
split_gain=2.17768e+13 9.59084e+12 3.39982e+12 2.22768e+12 2.36603e+12 6.03858e+11 6.71558e+11 5.80662e+11 5.39534e+11 4.14316e+11 5.39017e+11 4.10903e+11 2.86189e+11 1.86457e+11 1.83969e+11 1.91198e+11 1.8187e+11 1.5628e+11 1.35278e+11 1.31973e+11 1.1719e+11 9.32342e+10 9.18411e+10 7.26483e+10 7.17775e+10 6.9712e+10 6.89881e+10 6.79108e+10 6.53859e+10 6.427e+10
threshold=4597388.3440772044 7816134.1450000014 2653287.2414627369 2062.2691421732429 7237796.667473482 21199.044841675201 4363335.370000001 1624067.6969935407 3608709.6057344829 -0.84291031405530259 1449782.5200000003 5572286.3004647465 2062.2691421732429 215.50000000000003 24564.057918852963 17789.202225451834 -0.8520459593969173 2508.9527848596267 178.50000000000003 2300.4561555379819 24375.890095208848 0.11111113258545886 2062524.4022918299 2659.3623505701521 24118.252269909128 684816.9650000002 86.500000000000014 21394.991671987231 20.500000000000004 -0.16705162550211936
decision_type=2 2 2 2 2 2 2 2 2 2 2 2 2 2 2 2 2 2 2 2 2 2 2 2 2 2 2 2 2 2
left_child=2 3 7 -2 11 9 16 18 17 10 -6 20 -10 -11 15 -13 -7 -4 -1 -9 28 25 -21 26 -24 -19 -14 -28 -5 -17
right_child=1 -3 8 4 5 6 -8 19 12 13 -12 14 23 -15 -16 29 -18 21 -20 22 -22 -23 24 -25 -26 -27 27 -29 -30 -31
leaf_value=-8842.054460227273 -6808.582478578629 39098.784442934782 -4782.5274077544336 285.89347686767582 -48.096613103693187 8669.1813598632816 21960.835693359375 -7680.160669476053 -4408.9383620042072 8796.5083370085686 11151.034770275299 7541.2081864113034 4099.695680454799 14021.811955180921 7805.7958032580391 1838.3480190700955 14466.744197328631 -1582.4885253767029 -6096.0125257201653 -4533.4504359847069 4718.0279049332084 -2712.3480273655482 -3811.0290444242041 -343.90236673237365 -2364.629593348503 -276.63222220207285 -872.06219284470035 1409.5902758400657 3197.7723001441177 5221.9952445652179
leaf_weight=55 31 23 37 24 22 24 24 23 26 31 21 43 21 38 138 36 31 274 243 271 148 112 260 81 128 163 37 275 98 23
leaf_count=55 31 23 37 24 22 24 24 23 26 31 21 43 21 38 138 36 31 274 243 271 148 112 260 81 128 163 37 275 98 23
internal_value=68.7624 7306.89 -2655.46 6307.96 6888.01 11634.7 14982.1 -4761.63 -643.717 9273.52 5421.25 5110.33 679.491 11674.2 6615.66 5005.47 11936.9 -1637.25 -6602.83 -3957.11 3772.26 -1425.27 -3827.17 999.054 -3333.87 -1095.41 1325.72 1139.01 2624.94 3157.4
internal_weight=2761 755 2006 732 701 191 79 980 1026 112 43 510 440 69 240 102 55 586 298 682 270 549 659 414 388 437 333 312 122 59
internal_count=2761 755 2006 732 701 191 79 980 1026 112 43 510 440 69 240 102 55 586 298 682 270 549 659 414 388 437 333 312 122 59
is_linear=0
shrinkage=0.05


Tree=63
num_leaves=31
num_cat=0
split_feature=14 38 14 14 14 14 10 5 32 94 14 13 17 12 4 35 14 85 4 23 43 5 13 22 5 35 52 3 14 66
split_gain=2.10128e+13 8.70051e+12 3.3182e+12 2.66671e+12 7.62677e+11 4.52857e+11 4.3533e+11 4.27012e+11 4.48493e+11 3.63485e+11 3.32593e+11 1.86149e+11 2.44924e+11 1.67908e+11 1.6009e+11 1.53755e+11 1.53479e+11 1.24959e+11 1.08806e+11 1.06045e+11 1.03951e+11 9.83475e+10 9.54445e+10 9.41869e+10 9.19154e+10 8.84706e+10 7.88672e+10 7.31777e+10 6.84474e+10 6.52133e+10
threshold=5172247.290000001 378.50000000000006 2676185.9600000004 7866205.0050000008 3779268.1400000006 1647926.6350000002 12720.125000000002 4.4554563492063499 139.50000000000003 2827148.132550553 6338146.290000001 1057.0911515104576 4143039.4830511785 348.60177545691909 1175.5000000000002 48.500000000000007 9581969.9700000007 6918078.3075000001 1054.5000000000002 15.500000000000002 73.500000000000014 4.536254743290816 2111.3472398868375 101.50000000000001 4.483030278097746 38.500000000000007 25894.560544586533 184.50000000000003 4341257.7400000012 -0.47495107206705001
decision_type=2 2 2 2 2 2 2 2 2 2 2 2 2 2 2 2 2 2 2 2 2 2 2 2 2 2 2 2 2 2
left_child=2 3 5 6 14 19 -2 15 16 -10 20 12 18 24 21 27 17 -9 28 -1 -8 -4 -15 -7 26 -24 -12 -5 -6 -21
right_child=1 -3 4 7 11 23 10 8 9 -11 13 -13 -14 22 -16 -17 -18 -19 -20 29 -22 -23 25 -25 -26 -27 -28 -29 -30 -31
leaf_value=-9946.6536272321446 -2894.1609667968751 39839.810839843754 -2766.6301905799983 7530.0173962823283 -800.11859248116525 -4318.1259765565164 2989.114869746456 11169.674474379595 20620.064750000001 11807.934011008523 1740.6884153012879 1792.7348720296225 -5373.8964099702389 10736.720176630435 1232.4377502865264 4196.9198823474708 13073.509755608975 6742.3263785807285 3770.7286346435549 -8689.6210781250011 6335.5189950796275 -1467.816812358531 4631.4116762907606 -2223.8113771692911 6329.6183895158183 9178.4109765625017 5060.7283115602895 11221.384792968751 705.49342344196793 -6008.2966366627188
leaf_weight=21 20 20 335 29 149 510 216 34 25 22 27 195 21 23 36 21 39 30 20 25 26 258 23 60 81 20 53 25 153 244
leaf_count=21 20 20 335 29 149 510 216 34 25 22 27 195 21 23 36 21 39 30 20 25 26 258 23 60 81 20 53 25 153 244
internal_value=65.3243 7313.98 -2559.5 6402.89 -822.863 -4916.07 4330.14 10907.7 12447.9 16495.2 4638.22 559.236 -142.025 6013 -2005.01 7827.21 10601 9094.36 199.184 -6524.64 3348.65 -2201.55 8136.9 -4097.67 5142.34 6746.3 3940.21 9238.98 -37.3416 -6257.49
internal_weight=2761 734 2027 714 1167 860 489 225 150 47 469 538 343 227 629 75 103 64 322 290 242 593 66 570 161 43 80 54 302 269
internal_count=2761 734 2027 714 1167 860 489 225 150 47 469 538 343 227 629 75 103 64 322 290 242 593 66 570 161 43 80 54 302 269
is_linear=0
shrinkage=0.05


Tree=64
num_leaves=31
num_cat=0
split_feature=14 104 14 14 14 14 14 102 5 106 42 66 13 27 13 28 36 4 14 11 10 50 5 14 5 14 97 106 53 13
split_gain=1.8964e+13 7.95348e+12 2.99872e+12 2.1815e+12 6.28741e+11 4.52962e+11 4.52829e+11 5.32528e+11 6.56585e+11 2.947e+11 3.0179e+11 2.61559e+11 2.18819e+11 1.87169e+11 1.67999e+11 1.44075e+11 1.3894e+11 1.36687e+11 1.15454e+11 9.94965e+10 1.07869e+11 9.42502e+10 8.77376e+10 8.28499e+10 8.14804e+10 6.84386e+10 6.0066e+10 5.93002e+10 5.50759e+10 5.25043e+10
threshold=5172247.290000001 7816134.1450000014 2770767.0000000005 7302660.2250000006 3779268.1400000006 1647926.6350000002 9581969.9700000007 2706075.8164246143 4.4721705906650149 -3032670.1499999999 112.50000000000001 -0.84291031405530259 1252.8626768177423 120.50000000000001 1057.0911515104576 36.500000000000007 21.500000000000004 1175.5000000000002 6338146.290000001 205674.03000000003 13088.405000000002 1.182435844465868 4.6198591549295784 2148164.1150000007 4.5445436507936519 4760934.7500000009 4591142.7388904123 -2467268.7349999999 0.21951217337866974 1125.5525529715726
decision_type=2 2 2 2 2 2 2 2 2 2 2 2 2 2 2 2 2 2 2 2 2 2 2 2 2 2 2 2 2 2
left_child=2 3 5 9 17 19 12 8 -8 -2 18 -10 13 26 15 21 -14 24 -11 20 -1 25 -20 -7 27 -6 -5 -4 -16 -25
right_child=1 -3 4 6 14 23 7 -9 11 10 -12 -13 16 -15 28 -17 -18 -19 22 -21 -22 -23 -24 29 -26 -27 -28 -29 -30 -31
leaf_value=-9550.1843868371216 -1570.4037070312502 35886.471263586958 -5185.4958093261721 10082.077994791667 -491.59876816242809 -4506.9000435518928 3351.0370173527645 17993.016550925928 8715.8345796130943 3007.0211949384975 9461.1557759602856 15897.219042968751 8349.0086538461528 2725.8930281929352 1236.2030218342006 -4253.0905310058597 13817.099479166667 1189.3390199497769 4218.3559553358291 -5111.6048507940577 -6361.2261002604173 3359.0177222842267 7453.671743539664 -3796.6360495680756 -1311.8964004817763 1360.8863657149059 7129.9719796498612 -2373.3184480290747 3215.4322313391644 -2568.1541093508404
leaf_weight=33 25 23 20 21 239 249 26 27 21 235 24 32 26 23 149 20 21 35 108 122 135 21 26 227 228 63 96 299 46 141
leaf_count=33 25 23 20 21 239 249 26 27 21 235 24 32 26 23 149 20 21 35 108 122 135 21 26 227 228 63 96 299 46 141
internal_value=62.0581 6948.28 -2431.52 6012.16 -700.886 -4568.58 9320.18 11931 9859.12 3693.39 4028.23 13051.8 7840.27 6849.26 531.274 -134.923 10792.2 -1839.89 3674.87 -6198.4 -6987.63 120.072 4846.1 -3802.54 -2033.72 -105.153 7659.84 -2549.63 1703.1 -3325.94
internal_weight=2761 734 2027 711 1120 907 293 106 79 418 393 53 187 140 538 343 47 582 369 290 168 323 134 617 547 302 117 319 195 368
internal_count=2761 734 2027 711 1120 907 293 106 79 418 393 53 187 140 538 343 47 582 369 290 168 323 134 617 547 302 117 319 195 368
is_linear=0
shrinkage=0.05


Tree=65
num_leaves=31
num_cat=0
split_feature=14 3 14 14 14 1 32 11 14 98 7 103 18 14 42 11 17 24 22 8 14 91 13 23 11 28 14 14 14 23
split_gain=1.79666e+13 8.21733e+12 2.96501e+12 1.58264e+12 7.81863e+11 5.83588e+11 5.63606e+11 4.27372e+11 3.9076e+11 3.42223e+11 2.45031e+11 1.9061e+11 1.87736e+11 1.85382e+11 1.49387e+11 1.47679e+11 3.01104e+11 1.46908e+11 1.21867e+11 1.09363e+11 9.54865e+10 9.29428e+10 9.28494e+10 9.98274e+10 8.6892e+10 7.84895e+10 7.4433e+10 6.75225e+10 6.38557e+10 5.65565e+10
threshold=5346416.6900000004 235.50000000000003 2660990.4950000006 8213804.3350000009 3779268.1400000006 558.50000000000011 139.50000000000003 1395557.6550000003 1477257.2100000002 2732561.9158132016 3844.8899186685035 2676578.5000000009 12812.87771771657 6762199.1250000009 82.500000000000014 139532.16 4323887.5147199752 106.50000000000001 8.5000000000000018 2614.6816242883256 4341257.7400000012 2360046.0450000004 146.84303437496874 94.500000000000014 34050.000000000007 59.500000000000007 4864356.2500000009 9134142.3500000015 2148164.1150000007 91.500000000000014
decision_type=2 2 2 2 2 2 2 2 2 2 2 2 2 2 2 2 2 2 2 2 2 2 2 2 2 2 2 2 2 2
left_child=2 3 8 7 14 6 11 10 18 -8 -2 21 -6 -12 22 16 20 19 -1 -10 29 -5 23 -4 -15 -26 -17 -23 -21 -14
right_child=1 -3 4 5 12 -7 9 -9 17 -11 13 -13 15 24 -16 26 -18 -19 -20 28 -22 27 -24 -25 25 -27 -28 -29 -30 -31
leaf_value=-9735.2420686141322 -1189.5397528076171 37944.074609374999 -2262.4579056086868 5043.6618359375007 5385.2105297851567 2102.1967447916668 10733.137215909092 11519.24478469122 -6119.4584049479172 19066.482714843751 3613.1535998190602 12977.898218750001 -122.03072681256704 5051.7819545939819 1832.2391282301685 976.91296020111486 -6108.7123437500004 -1371.5834056995534 -5895.0311937153638 -4389.8779954108641 946.65181576311591 7303.5169677734375 -1267.085244845556 -5062.374115862166 9681.2165675951092 5593.7422770182293 3164.7965700589698 10288.349271850588 -3285.55727823403 -2237.6538832231004
leaf_weight=23 20 21 352 20 20 21 22 21 60 28 248 25 112 118 26 154 20 54 203 276 192 36 242 35 23 24 52 40 249 44
leaf_count=23 20 21 352 20 20 21 22 21 60 28 248 25 112 118 26 154 20 54 203 276 192 36 242 35 23 24 52 40 249 44
internal_value=8.63511 7163.34 -2248.79 6162.73 -690.463 9968.32 10934.3 4553.31 -4498.9 15399.8 4215.47 9089.1 623.193 4477.22 -1881.78 457.27 -142.775 -3866.89 -6285.85 -4097.23 200.095 8076.39 -2035.3 -2515.68 5775.93 7594 1529.19 8874.48 -3866.11 -718.745
internal_weight=2781 667 2114 646 1249 192 171 454 865 50 433 121 594 413 655 574 368 639 226 585 348 96 629 387 165 47 206 76 525 156
internal_count=2781 667 2114 646 1249 192 171 454 865 50 433 121 594 413 655 574 368 639 226 585 348 96 629 387 165 47 206 76 525 156
is_linear=0
shrinkage=0.05


Tree=66
num_leaves=31
num_cat=0
split_feature=17 38 17 17 7 1 39 17 17 103 88 34 10 10 92 18 42 34 81 16 53 66 12 16 4 16 27 13 106 11
split_gain=1.49498e+13 9.32707e+12 2.21922e+12 1.42234e+12 8.92124e+11 4.66151e+11 8.57629e+11 3.81672e+11 3.35461e+11 2.78952e+11 2.50317e+11 2.38254e+11 1.85066e+11 1.81998e+11 1.71766e+11 1.38054e+11 1.37397e+11 1.28404e+11 1.26685e+11 1.20711e+11 1.10892e+11 7.97281e+10 8.3447e+10 7.864e+10 9.34957e+10 8.13282e+10 6.75246e+10 6.56633e+10 6.17464e+10 5.93174e+10
threshold=4597388.3440772044 379.50000000000006 2599879.8022843292 6222083.8969143955 3800.3657342990982 558.50000000000011 81.500000000000014 1595128.6512787065 3451920.7932142499 2676578.5000000009 4915100.830000001 123.50000000000001 9644.8250000000025 12379.685000000001 10887093.175000003 11945.265800320638 121.50000000000001 8.5000000000000018 6156705.167857144 16738.988303694907 0.13636363143286045 -0.35768498937424864 56.931834760067524 24118.252269909128 523.50000000000011 14795.323663356034 65.500000000000014 2407.5668651669625 229968.59999999966 20875.345000000005
decision_type=2 2 2 2 2 2 2 2 2 2 2 2 2 2 2 2 2 2 2 2 2 2 2 2 2 2 2 2 2 2
left_child=2 3 7 10 -5 6 9 17 13 11 -2 14 -10 29 18 -14 27 -1 -6 -17 21 22 26 24 25 -9 -12 -16 -22 -4
right_child=1 -3 8 4 5 -7 -8 23 12 -11 20 -13 15 -15 16 19 -18 -19 -20 -21 28 -23 -24 -25 -26 -27 -28 -29 -30 -31
leaf_value=-8776.6817129629635 -1853.9584025065105 39688.713925781252 -6528.0302176339283 -1571.1737499999999 6282.9657034209285 1238.5766512784091 16122.924914899553 -7077.5790859375011 -4343.6632998511914 12125.471350097658 5812.3572686557118 12188.996884300595 4518.0681466674805 -1255.1987443161479 7321.9194044543856 -1429.3153902300667 10733.074352575233 -5157.2068237765334 1508.6942240397136 651.57654355859881 567.10979348887565 4882.317818582469 523.22478369140629 -2572.8841308960232 -2904.4185522382686 -4064.5252439135179 3144.0920804772013 4163.9043609619139 3331.8390597873267 -2852.5521723208221
leaf_weight=27 24 20 21 25 33 22 35 25 21 32 29 21 20 510 93 85 27 265 24 387 46 116 25 229 195 215 130 20 36 23
leaf_count=27 24 20 21 25 33 22 35 25 21 32 29 21 20 510 93 85 27 265 24 387 46 116 25 229 195 215 130 20 36 23
internal_value=8.20337 5997.16 -2235.8 5084.11 7511.48 8251.11 8792.43 -3985.35 -668.262 7766.16 3099.16 7126.26 253.046 -1521.39 6586.58 449.247 7528.64 -5491.88 4272.75 276.84 3410.35 3855.73 3208.54 -3322.84 -3717.64 -4378.39 3630.76 6762.98 1780.89 -4606.76
internal_weight=2781 758 2023 738 332 307 285 956 1067 250 406 218 513 554 197 492 140 292 57 472 382 300 184 664 435 240 159 113 82 44
internal_count=2781 758 2023 738 332 307 285 956 1067 250 406 218 513 554 197 492 140 292 57 472 382 300 184 664 435 240 159 113 82 44
is_linear=0
shrinkage=0.05


Tree=67
num_leaves=31
num_cat=0
split_feature=2 26 2 1 23 7 23 23 4 7 52 51 51 51 7 45 10 4 33 104 52 18 4 24 22 50 106 4 51 16
split_gain=1.31238e+13 8.9287e+12 2.49645e+12 7.8438e+11 6.50655e+11 5.77052e+11 5.6832e+11 4.4617e+11 4.31189e+11 3.22865e+11 2.81293e+11 2.71537e+11 2.49659e+11 1.85678e+11 1.8355e+11 1.81065e+11 1.79926e+11 1.5789e+11 1.41918e+11 1.38347e+11 1.2395e+11 1.22487e+11 1.10577e+11 1.10383e+11 1.05808e+11 1.03669e+11 8.20021e+10 7.89064e+10 8.34735e+10 7.67217e+10
threshold=241.50000000000003 79.500000000000014 121.50000000000001 337.50000000000006 373.50000000000006 3800.3657342990982 119.50000000000001 304.50000000000006 394.50000000000006 4652.8547505623528 24916.01054721609 29624.1443202765 29398.142854243062 24294.883066730526 4396.0270780247156 115.50000000000001 13088.405000000002 814.50000000000011 201.50000000000003 1049233.3500000006 28493.332042822669 18680.225977968425 935.50000000000011 14.500000000000002 165.50000000000003 1.0997925311203323 390755.64499999984 187.50000000000003 29552.873818181823 16236.166896455703
decision_type=2 2 2 2 2 2 2 2 2 2 2 2 2 2 2 2 2 2 2 2 2 2 2 2 2 2 2 2 2 2
left_child=2 3 8 9 5 -5 10 13 16 21 17 14 29 24 25 -9 23 -4 -15 -12 26 -2 -16 -1 -7 -8 -11 -18 -29 -10
right_child=1 -3 6 4 -6 7 11 15 12 20 19 -13 -14 18 22 -17 27 -19 -20 -21 -22 -23 -24 -25 -26 -27 -28 28 -30 -31
leaf_value=-10120.340950520833 2441.0091268313827 38571.619512648809 -2767.0378064242277 2734.9538454622834 -1012.0408007812501 4617.8683511270056 -4520.8463111514138 17611.165810546878 -4718.1437205854663 3358.8417881287251 -558.12105979457976 5075.9599339261977 -1233.0253534979799 8582.9648840862774 -375.07450297037764 10883.146132812501 -6198.977746841756 -749.75411119829892 13543.604613095238 1546.2935369842933 7291.6444661458336 -1872.1686523437502 2075.1418180215237 -5643.7703222656255 8481.6938584271611 289.59126993815102 5448.4013740288037 -4772.1791836581388 -3247.1811950123247 -3011.0838468611619
leaf_weight=21 93 21 209 37 20 37 21 20 83 97 248 47 209 46 60 20 47 181 21 114 45 20 198 40 34 24 91 182 177 318
leaf_count=21 93 21 209 37 20 37 21 20 83 97 248 47 209 46 60 20 47 181 21 114 45 20 198 40 34 24 91 182 177 318
internal_value=7.79319 6542.56 -1797.59 5384.88 7614.08 8416.51 -124.498 9597.51 -3509.52 3870.83 -899.14 1539.87 -2634.15 8249.79 991.373 14247.2 -4652.93 -1830.81 10137.8 104.595 4934.49 1677.61 1505.32 -7184.88 6468.15 -1955.28 4370.28 -4272.51 -4020.3 -3364.42
internal_weight=2781 602 2179 581 235 215 1102 178 1077 346 752 350 610 138 303 40 467 390 67 362 233 113 258 61 71 45 188 406 359 401
internal_count=2781 602 2179 581 235 215 1102 178 1077 346 752 350 610 138 303 40 467 390 67 362 233 113 258 61 71 45 188 406 359 401
is_linear=0
shrinkage=0.05


Tree=68
num_leaves=31
num_cat=0
split_feature=14 26 14 14 1 14 104 14 13 33 12 103 18 8 42 14 89 22 24 8 42 14 14 13 23 97 37 13 23 105
split_gain=1.33218e+13 8.05478e+12 2.20943e+12 9.55774e+11 7.45759e+11 5.8685e+11 4.56702e+11 2.94266e+11 2.71348e+11 2.94115e+11 2.93e+11 1.72138e+11 1.52159e+11 1.28178e+11 1.10349e+11 1.0727e+11 1.00362e+11 1.0003e+11 9.77358e+10 9.49244e+10 8.77041e+10 8.717e+10 8.55106e+10 7.63301e+10 8.90036e+10 6.08812e+10 6.43139e+10 5.4757e+10 5.66064e+10 5.45096e+10
threshold=5346416.6900000004 79.500000000000014 2660990.4950000006 8213804.3350000009 558.50000000000011 3779268.1400000006 5099903.7950000009 1567966.0350000004 891.09025513569827 209.50000000000003 1.0000000180025095e-35 2676578.5000000009 12812.87771771657 2865.5455441087038 82.500000000000014 7252111.3050000006 6043070.6914285729 8.5000000000000018 117.50000000000001 2614.6816242883256 130.50000000000003 7081283.6150000012 4315459.120000001 146.84303437496874 92.500000000000014 4813711.1567808231 52.500000000000007 319.7881639777525 94.500000000000014 2081364.2550000001
decision_type=2 2 2 2 2 2 2 2 2 2 2 2 2 2 2 2 2 2 2 2 2 2 2 2 2 2 2 2 2 2
left_child=2 3 7 8 6 14 11 17 10 21 15 16 -7 -14 23 -2 -5 -1 19 -9 -18 25 -15 24 -4 -10 -27 28 -24 -17
right_child=1 -3 5 4 -6 12 -8 18 9 -11 -12 -13 13 22 -16 29 20 -19 -20 -21 -22 -23 27 -25 -26 26 -28 -29 -30 -31
leaf_value=-8289.1770937500005 2879.8657313454914 36643.038027372815 -1944.3192637329103 4601.7795175781248 431.64529079861114 4833.9840966796874 15477.786914062501 -5376.5401521381582 2289.7703166961669 11294.599345703125 -2640.8748790922618 11841.508174189816 -3345.1696006081324 -197.99203833357353 1568.7161912184497 4256.9760262625559 7188.1697234122985 -4963.129488877119 -884.28632383346564 -3224.4662582608139 10696.2834140625 7163.1425724283854 2195.5408940124512 -1058.7705114821758 -4522.9805944494301 3941.3100122528081 7238.5974493117574 1841.5701620073462 80.099786457794394 7244.064276413691
leaf_weight=25 203 21 350 25 27 20 26 57 32 20 21 27 22 227 26 56 62 236 40 507 25 30 40 242 37 50 21 134 151 21
leaf_count=25 203 21 350 25 27 20 26 57 32 20 21 27 22 227 26 56 62 236 40 507 25 30 40 242 37 50 21 134 151 21
internal_value=7.40353 6168.25 -1936.44 5177.59 8134.98 -591.248 9395.52 -3878.81 3926.88 5641.4 3055.38 8257.83 546.85 397.472 -1623.36 3482.6 7393.91 -5281.72 -3272.58 -3441.96 8196.25 4791.3 546.636 -1755.3 -2190.86 4100.47 4916.56 1066.73 523.124 5071.64
internal_weight=2781 667 2114 646 192 1249 165 865 454 153 301 139 594 574 655 280 112 261 604 564 87 133 552 629 387 103 71 325 191 77
internal_count=2781 667 2114 646 192 1249 165 865 454 153 301 139 594 574 655 280 112 261 604 564 87 133 552 629 387 103 71 325 191 77
is_linear=0
shrinkage=0.05


Tree=69
num_leaves=31
num_cat=0
split_feature=14 26 14 14 23 14 14 14 13 59 42 82 91 42 11 26 14 50 42 22 23 8 27 11 14 125 27 14 11 23
split_gain=1.20229e+13 7.26944e+12 1.99401e+12 8.63777e+11 6.12627e+11 5.29632e+11 4.27976e+11 2.67785e+11 2.40665e+11 2.16577e+11 1.9046e+11 1.84544e+11 1.33979e+11 1.53381e+11 1.12058e+11 1.13242e+11 1.02807e+11 1.00317e+11 9.95902e+10 9.15352e+10 8.46557e+10 8.15924e+10 8.12259e+10 8.22167e+10 7.63914e+10 7.48507e+10 5.96227e+10 6.35567e+10 5.14733e+10 4.95224e+10
threshold=5346416.6900000004 79.500000000000014 2660990.4950000006 7703103.2400000012 373.50000000000006 3779268.1400000006 10686259.125000002 1477257.2100000002 891.09025513569827 35.500000000000007 101.50000000000001 2318188.9651534399 1718293.9200000002 120.50000000000001 139532.16 38.500000000000007 7081283.6150000012 1.182435844465868 82.500000000000014 8.5000000000000018 72.500000000000014 2614.6816242883256 25.500000000000004 74987.640000000014 4315459.120000001 291.19642857142861 65.500000000000014 6762199.1250000009 968173.95500000019 93.500000000000014
decision_type=2 2 2 2 2 2 2 2 2 2 2 2 2 2 2 2 2 2 2 2 2 2 2 2 2 2 2 2 2 2
left_child=2 3 7 8 6 18 12 19 10 16 26 -8 -5 25 15 20 -10 21 22 -1 -7 -9 -4 -24 29 -14 -2 -28 -16 -22
right_child=1 -3 5 4 -6 14 11 17 9 -11 -12 -13 13 -15 28 -17 -18 -19 -20 -21 24 -23 23 -25 -26 -27 27 -29 -30 -31
leaf_value=-8153.6174252717392 4188.5101656217839 34810.886304873515 -453.37191877111928 3438.10107421875 -1100.4842871093749 3097.5206654866538 9185.4321929931648 -5193.1711004849139 3640.8752031506992 10002.899892578127 -2071.7288241577148 14856.602478966348 7995.9432721077137 10582.573019935346 1106.1047948588496 -3251.5868348388672 7303.4645406087238 -1643.713912012244 1490.2803983248198 -4825.4405953543528 -358.00106423456691 -3209.5109239773674 -2417.2670926419773 -1110.1436159703121 657.11844553210085 5350.2679987507481 1734.8565781899219 3720.6726175631011 3278.8266448974609 -2609.8752761840824
leaf_weight=23 74 21 113 26 20 24 32 58 95 20 20 26 47 29 184 25 24 93 26 203 103 488 325 191 194 62 106 65 32 32
leaf_count=23 74 21 113 26 20 24 32 58 95 20 20 26 47 29 184 25 24 93 26 203 103 488 325 191 194 62 106 65 32 32
internal_value=7.03335 5859.84 -1839.62 4918.71 7281.02 -561.686 8036.11 -3684.87 3503.66 5188.66 2619.83 11727.7 6730.56 7350.87 519.507 0.374828 4379.55 -3161.68 -1542.19 -5164.15 230.684 -3420.23 -1667.54 -1933.43 21.5528 6491.06 3002.81 2489.7 1427.99 -891.779
internal_weight=2781 667 2114 646 242 1249 222 865 404 139 265 58 164 138 594 378 119 639 655 226 353 546 629 516 329 109 245 171 216 135
internal_count=2781 667 2114 646 242 1249 222 865 404 139 265 58 164 138 594 378 119 639 655 226 353 546 629 516 329 109 245 171 216 135
is_linear=0
shrinkage=0.05


Tree=70
num_leaves=31
num_cat=0
split_feature=14 36 14 14 1 23 14 106 106 42 14 14 16 35 22 24 51 13 23 11 14 23 50 77 23 11 86 27 27 14
split_gain=1.07794e+13 7.26506e+12 1.61804e+12 1.33837e+12 4.12423e+11 3.95839e+11 3.00447e+11 2.60822e+11 2.29032e+11 2.77006e+11 1.85627e+11 1.74492e+11 1.30182e+11 1.08267e+11 9.68802e+10 9.2448e+10 9.11534e+10 7.88255e+10 1.00676e+11 7.2213e+10 7.14191e+10 6.75312e+10 5.96301e+10 5.90902e+10 5.70119e+10 5.45956e+10 5.29143e+10 5.28913e+10 5.09258e+10 4.71057e+10
threshold=5013175.3800000008 35.500000000000007 2895933.5100000002 7866205.0050000008 558.50000000000011 304.50000000000006 1424362.6600000004 1091307.4150000003 -3321889.7699999996 120.50000000000001 3605022.5400000005 6762199.1250000009 23231.947775624463 37.500000000000007 8.5000000000000018 106.50000000000001 29786.997464943914 1043.6503971010186 122.50000000000001 205674.03000000003 2362454.1200000006 72.500000000000014 1.1933053221288519 5537294.9700000007 37.500000000000007 39525.000000000007 1648385.9167995939 23.500000000000004 25.500000000000004 4370743.9350000015
decision_type=2 2 2 2 2 2 2 2 2 2 2 2 2 2 2 2 2 2 2 2 2 2 2 2 2 2 2 2 2 2
left_child=2 3 6 8 5 12 14 -7 -2 11 22 16 13 26 -1 20 19 18 21 -10 24 -12 28 -15 -8 -26 -5 -22 -4 -23
right_child=1 -3 10 4 -6 7 15 -9 9 -11 17 -13 -14 23 -16 -17 -18 -19 -20 -21 27 29 -24 -25 25 -27 -28 -29 -30 -31
leaf_value=-8130.4669200067938 -1106.1821629379735 34081.471930803578 -207.98088107891937 2835.804581351902 770.06745117187506 8367.5210131835938 -2539.0451918805234 16174.759476902174 1482.3680196010707 8680.1882634943177 2176.6279927220839 4475.2827521708477 9994.343170362903 5880.3016778128494 -4674.0469201160458 -1112.3586030874681 4505.7335460574132 876.60566206878093 -3781.5420886230468 3099.4387190620855 -1594.6459183829172 -842.53478057930863 859.35000610351562 8860.0622213224087 -4511.7813279435441 -3194.7178574335012 6072.4778997148787 -2977.090751538356 -1729.0255001476833 381.72050676059007
leaf_weight=23 33 21 67 23 20 20 122 23 198 22 29 134 31 28 171 67 43 212 20 106 112 192 30 41 148 168 28 181 308 133
leaf_count=23 33 21 67 23 20 20 122 23 198 22 29 134 31 28 171 67 43 212 20 106 112 192 30 41 148 168 28 181 308 133
internal_value=59.0378 5075.76 -1891.49 4263.6 7606.35 8311.13 -3319.02 12543.5 2929 3193.73 -462.523 2942.79 7105.88 6359.7 -5083.83 -2889.98 2351 106.372 -330.231 2046.22 -3052.9 -135.242 -1285.66 7650.88 -3457.12 -3811.57 4612.8 -2448.65 -1457.27 -341.532
internal_weight=2754 771 1983 750 214 194 992 43 536 503 991 481 151 120 194 798 347 586 374 304 731 354 405 69 438 316 51 293 375 325
internal_count=2754 771 1983 750 214 194 992 43 536 503 991 481 151 120 194 798 347 586 374 304 731 354 405 69 438 316 51 293 375 325
is_linear=0
shrinkage=0.05


Tree=71
num_leaves=31
num_cat=0
split_feature=14 32 14 14 22 7 14 52 104 12 97 14 14 6 8 22 7 51 22 8 12 23 23 17 87 33 14 22 14 105
split_gain=9.72845e+12 6.4503e+12 1.46202e+12 1.14767e+12 2.9203e+11 4.04048e+11 2.88472e+11 2.18673e+11 3.55787e+11 3.55513e+11 3.53344e+11 2.13397e+11 1.47707e+11 1.12769e+11 1.56679e+11 9.03135e+10 1.45074e+11 8.3064e+10 8.14886e+10 9.91053e+10 7.1216e+10 8.53157e+10 6.04362e+10 5.92826e+10 5.35541e+10 5.21463e+10 5.001e+10 4.51393e+10 4.43517e+10 4.34901e+10
threshold=5013175.3800000008 191.50000000000003 2958018.2250000006 7866205.0050000008 192.50000000000003 4114.8328605769238 1567966.0350000004 26998.852957875464 4130341.73 2529.8635033282135 5219924.9344657548 6762199.1250000009 3605022.5400000005 2.2514166845333166 3336.1949712773826 21.500000000000004 5175.8808252290355 29786.997464943914 127.50000000000001 2614.6816242883256 638.05065556978241 122.50000000000001 72.500000000000014 4634750.1467996081 2381836.5250000008 201.50000000000003 4315459.120000001 131.50000000000003 2346087.8300000005 1562390.0950000002
decision_type=2 2 2 2 2 2 2 2 2 2 2 2 2 2 2 2 2 2 2 2 2 2 2 2 2 2 2 2 2 2
left_child=2 3 6 4 5 -2 15 9 -9 10 13 17 24 -5 -15 16 -1 23 19 -8 21 22 -14 -7 -4 -16 -24 29 -21 -13
right_child=1 -3 12 7 -6 11 18 8 -10 -11 -12 27 20 14 25 -17 -18 -19 -20 28 -22 -23 26 -25 -26 -27 -28 -29 -30 -31
leaf_value=-9014.1111328125007 -4016.3558993252841 32846.477199707027 -833.93342297456297 9582.9597412109379 8495.9373357599434 951.4367340976753 -4552.7081632372356 7264.1612435176467 14859.631380208335 11759.558065518468 -567.46854248046873 3409.0035076672521 2067.7965927124023 1602.6080517578125 5360.6326406250009 -3580.6870368758496 -4712.7817847706456 4143.8806690449619 -765.15874888102223 -2966.7673724607989 846.89099233876095 -3328.2571921608669 -863.08346663407292 2431.7125816693765 -2234.185608774821 8740.3535667782744 380.07324393436829 6396.4618943434498 -2140.107299793915 5400.2262625558033
leaf_weight=24 22 20 283 20 22 103 71 58 21 22 24 79 29 20 25 115 107 49 54 352 207 22 183 197 90 21 145 26 301 42
leaf_count=24 22 20 283 20 22 103 71 58 21 22 24 79 29 20 25 115 107 49 54 352 207 22 183 197 90 21 145 26 301 42
internal_value=56.0859 4821.98 -1796.92 4075.65 2853.84 2614.22 -3110.76 7202.56 9283.21 5957.32 4796.87 2908.32 -394.017 6293.89 5297.2 -4603.19 -5500.81 2235.23 -2638.86 -2778.61 101.053 -306.304 -120.077 1923.48 -1171.8 6903.55 -313.517 4506.32 -2585.72 4100.17
internal_weight=2754 771 1983 751 540 518 1024 211 79 132 110 496 959 86 66 246 131 349 778 724 586 379 357 300 373 46 328 147 653 121
internal_count=2754 771 1983 751 540 518 1024 211 79 132 110 496 959 86 66 246 131 349 778 724 586 379 357 300 373 46 328 147 653 121
is_linear=0
shrinkage=0.05


Tree=72
num_leaves=31
num_cat=0
split_feature=14 36 14 14 1 40 8 14 14 51 0 14 16 22 8 103 8 43 51 13 23 14 27 23 115 27 87 95 79 103
split_gain=8.77993e+12 6.17132e+12 1.31947e+12 1.06474e+12 3.97351e+11 3.64765e+11 3.25263e+11 2.63838e+11 1.99325e+11 1.58888e+11 1.58595e+11 1.33306e+11 1.20075e+11 9.95544e+10 1.16375e+11 7.80553e+10 7.70326e+10 7.56271e+10 8.69709e+10 6.48726e+10 8.25902e+10 6.21399e+10 5.55021e+10 5.50793e+10 5.40935e+10 4.8617e+10 4.83326e+10 4.62491e+10 4.58509e+10 4.57877e+10
threshold=5013175.3800000008 35.500000000000007 2958018.2250000006 7866205.0050000008 558.50000000000011 43.500000000000007 2694.5340643481777 1256998.405 6762199.1250000009 24213.674675124108 442.50000000000006 3605022.5400000005 23231.947775624463 101.50000000000001 2646.8606781891317 -1089062.8749999998 3282.5835922295823 71.500000000000014 29786.997464943914 1043.6503971010186 122.50000000000001 2362454.1200000006 31.500000000000004 72.500000000000014 97.943391075599578 82.500000000000014 2381836.5250000008 2023092.5650000002 10661904.180000002 1183431.9250000005
decision_type=2 2 2 2 2 2 2 2 2 2 2 2 2 2 2 2 2 2 2 2 2 2 2 2 2 2 2 2 2 2
left_child=2 3 7 6 5 9 -2 15 17 -5 12 26 -11 14 22 -1 -10 18 28 20 23 -16 -9 -13 -19 -18 27 -4 -8 -21
right_child=1 -3 11 4 -6 -7 8 13 16 10 -12 19 -14 -15 21 -17 25 24 -20 29 -22 -23 -24 -25 -26 -27 -28 -29 -30 -31
leaf_value=-7788.8955344460228 -3457.6044038318455 31314.200788225451 -576.25833406823836 2867.4687284029446 103.64711914062501 11898.483466539887 1836.0086218164081 -6363.1796289062504 7313.9234228515625 5336.4545860877406 11127.956535993304 1964.4067669046337 9015.040070564517 -1074.6565823025173 -3000.1365786279953 -4516.1515560510024 5025.0836442057298 5883.3031080163046 3936.6866275709503 496.41395060780292 -3426.0520669555663 -2052.693767125556 -3598.8366996433429 -309.77463202373798 2327.8271261596683 3085.488815569197 -2122.4763497585723 -2683.9098270810882 -595.72233654203865 2604.6342462158204
leaf_weight=22 21 21 254 26 20 38 252 30 20 78 21 29 31 90 448 106 60 23 49 182 20 282 46 325 20 70 90 29 21 30
leaf_count=22 21 21 254 26 20 38 252 30 20 78 21 29 31 90 448 106 60 23 49 182 20 282 46 325 20 70 90 29 21 30
internal_value=53.2816 4580.88 -1707.07 3832.34 6813.86 7505.64 2641.96 -2955.22 2890.68 6435.58 7149.21 -374.316 6382.66 -2651.88 -2827.99 -5078.65 4425.12 2260.09 1997.09 96.0006 -300.08 -2634.14 -4690.02 -123.472 4229.59 3980.69 -1113.21 -792.237 1648.95 794.747
internal_weight=2754 771 1983 750 214 194 536 1024 515 156 130 959 109 896 806 128 150 365 322 586 374 730 76 354 43 130 373 283 273 212
internal_count=2754 771 1983 750 214 194 536 1024 515 156 130 959 109 896 806 128 150 365 322 586 374 730 76 354 43 130 373 283 273 212
is_linear=0
shrinkage=0.05


Tree=73
num_leaves=31
num_cat=0
split_feature=14 36 14 14 23 23 8 14 106 14 14 16 106 17 22 8 7 103 8 1 51 5 26 93 14 7 11 16 27 27
split_gain=7.92388e+12 5.56962e+12 1.19193e+12 9.6093e+11 3.72278e+11 3.21762e+11 2.9355e+11 2.29946e+11 2.19821e+11 1.79891e+11 1.36905e+11 9.86469e+10 8.59936e+10 7.9079e+10 7.89405e+10 1.04257e+11 7.05451e+10 7.05205e+10 6.95219e+10 6.91735e+10 7.76505e+10 6.60862e+10 6.22846e+10 5.95802e+10 5.6851e+10 5.93549e+10 5.46805e+10 5.27345e+10 4.79051e+10 4.39291e+10
threshold=5013175.3800000008 35.500000000000007 2895933.5100000002 7866205.0050000008 364.00000000000006 304.50000000000006 2694.5340643481777 1256998.405 1091307.4150000003 6762199.1250000009 3434913.0350000006 21819.330427099438 2116927.8600000008 8005303.6203494826 101.50000000000001 2646.8606781891317 3080.4230042016811 -720555.65499999968 3282.5835922295823 284.50000000000006 29786.997464943914 4.483030278097746 46.500000000000007 3520673.6505357143 4236733.6300000018 4431.5978740157489 5104.3500000000013 23231.947775624463 31.500000000000004 80.500000000000014
decision_type=2 2 2 2 2 2 2 2 2 2 2 2 2 2 2 2 2 2 2 2 2 2 2 2 2 2 2 2 2 2
left_child=2 3 7 6 5 11 -2 17 -7 19 23 12 22 27 15 28 -12 -1 -11 20 -8 -17 -5 -4 -18 -26 -27 -13 -9 -20
right_child=1 -3 10 4 -6 8 9 14 -10 18 16 13 -14 -15 -16 21 24 -19 29 -21 -22 -23 -24 -25 25 26 -28 -29 -30 -31
leaf_value=-7042.6302490234375 -3284.7243884858635 29748.490391322546 -396.88876399670619 5125.7159000651045 -21.886523437500003 7624.9490574048923 1579.96386908932 -6045.0206054687505 14792.316503906251 6948.2272363281263 2922.5299816894531 4795.9226057381466 7372.9639781605119 9690.1188232421882 -1116.44755859375 -3029.5859822456114 -485.92442947982192 -4203.7072944335941 4889.5048958256557 4109.1166241455085 3739.8522819674749 -2060.6849958867974 1623.1189575195312 -1831.7467578949138 -2043.8866050026636 85.102657975490743 1577.3391323662065 7964.4016764322923 -3441.7019803779071 3019.1041034648947
leaf_weight=28 21 21 118 30 20 23 276 30 20 20 20 29 22 24 86 339 385 100 53 40 49 366 22 187 22 159 100 24 43 77
leaf_count=28 21 21 118 30 20 23 276 30 20 20 20 29 22 24 86 339 385 100 53 40 49 366 22 187 22 159 100 24 43 77
internal_value=50.6175 4351.83 -1621.72 3640.73 6473.17 7142.76 2509.86 -2846.94 10958.6 2746.15 -395.257 6056.13 4752.5 7308.96 -2553.93 -2712.83 -3.39734 -4824.72 4203.86 2147.09 1905.61 -2526.58 3643.85 -1276.62 -91.263 449.465 661.256 6230.71 -4511.56 3781.65
internal_weight=2754 771 1983 750 214 194 536 992 43 515 991 151 74 77 864 778 686 128 150 365 325 705 52 305 666 281 259 53 73 130
internal_count=2754 771 1983 750 214 194 536 992 43 515 991 151 74 77 864 778 686 128 150 365 325 705 52 305 666 281 259 53 73 130
is_linear=0
shrinkage=0.05


Tree=74
num_leaves=31
num_cat=0
split_feature=38 14 14 14 27 40 106 14 8 51 14 17 14 38 43 51 11 23 23 13 27 16 27 13 23 53 23 2 97 14
split_gain=7.43313e+12 5.42716e+12 9.786e+11 9.23427e+11 3.25176e+11 3.8468e+11 2.22747e+11 2.1124e+11 1.89526e+11 1.60768e+11 1.80592e+11 1.37234e+11 9.38976e+10 8.07626e+10 6.83426e+10 6.71806e+10 5.71207e+10 8.00642e+10 5.59631e+10 5.59136e+10 6.01775e+10 5.33861e+10 5.04882e+10 5.00399e+10 4.83875e+10 4.60805e+10 5.146e+10 4.52875e+10 4.51039e+10 4.02991e+10
threshold=375.00000000000006 4760934.7500000009 7302660.2250000006 2895933.5100000002 185.00000000000003 43.500000000000007 1091307.4150000003 1567966.0350000004 2729.575091652524 23983.293663328204 9404515.5200000014 4597388.3440772044 3434913.0350000006 16.500000000000004 86.500000000000014 31300.689236928109 57400.950000000004 64.500000000000014 38.500000000000007 142.0955744876118 26.500000000000004 22003.185000597281 65.500000000000014 3399.6906037400818 84.500000000000014 0.21951215384690639 72.500000000000014 119.50000000000001 4711726.6832191786 4315459.120000001
decision_type=2 2 2 2 2 2 2 2 2 2 2 2 2 2 2 2 2 2 2 2 2 2 2 2 2 2 2 2 2 2
left_child=1 3 8 7 5 9 -7 13 -3 -4 28 15 19 -1 22 -10 17 -9 -15 20 -5 -12 -13 -20 -21 26 -14 -19 -11 -28
right_child=-2 2 4 12 -6 6 -8 16 11 10 21 14 25 18 -16 -17 -18 27 23 24 -22 -23 -24 -25 -26 -27 29 -29 -30 -31
leaf_value=-6940.618475632441 30419.015019531253 -2716.490397135417 2037.4413625662667 -505.69844365354447 -610.60809570312506 6925.5927230834968 13976.862676711311 -2362.9809610878551 643.82893397493183 6539.081949869792 6278.7801546223964 3614.6053689351897 1102.5085868326823 -3320.6316768291872 5492.5978097098223 3299.8730050223221 -1765.2989270947901 -5870.0544396033656 -7154.4934472656259 589.6196175359911 -2439.926441490044 9134.6866970486117 2172.8437162285177 -3698.8699485085231 -1370.2895863771439 1203.5967032596982 -768.02342319137483 -3214.822058686756 4123.0288545858984 202.8909718735413
leaf_weight=21 20 21 35 61 20 24 21 369 159 24 30 82 60 183 21 28 309 26 20 62 118 36 234 22 64 58 326 42 99 159
leaf_count=21 20 21 35 61 20 24 21 369 159 24 30 82 60 183 21 28 309 26 20 62 118 36 234 22 64 58 326 42 99 159
internal_value=48.0867 -174.085 3188.33 -1650.01 5540.33 5997.65 10216.2 -2704.59 1941.11 5150.18 5726.61 2127.77 -497.861 -3975.18 2730.53 1041.53 -2285.6 -2653.51 -3698.4 -1212.79 -1780.78 7836.55 2546.97 -5344.4 -405.89 -136.247 -278.836 -4230.06 4594.45 -449.724
internal_weight=2754 2734 834 1900 289 269 45 992 545 224 189 524 908 246 337 187 746 437 225 305 179 66 316 42 126 603 545 68 123 485
internal_count=2754 2734 834 1900 289 269 45 992 545 224 189 524 908 246 337 187 746 437 225 305 179 66 316 42 126 603 545 68 123 485
is_linear=0
shrinkage=0.05


Tree=75
num_leaves=31
num_cat=0
split_feature=38 14 38 14 14 39 13 11 14 14 14 107 5 18 28 106 33 109 36 27 66 65 50 14 5 5 27 10 30 13
split_gain=9.09213e+12 4.92619e+12 1.39171e+12 1.14385e+12 8.31616e+11 3.68239e+11 1.88927e+11 5.4567e+11 1.63265e+11 1.61775e+11 1.44334e+11 1.35294e+11 8.80995e+10 8.37237e+10 8.24119e+10 8.13511e+10 8.28916e+10 8.06036e+10 1.10159e+11 1.05075e+11 7.52504e+10 9.54577e+10 6.89551e+10 6.26763e+10 5.66157e+10 5.31458e+10 5.26107e+10 5.07335e+10 4.5922e+10 4.48303e+10
threshold=389.50000000000006 4864356.2500000009 347.00000000000006 8381096.5600000015 2440855.6350000002 81.500000000000014 846.14504547409331 9091.5650000000023 3826266.8850000002 6338146.290000001 1127071.4750000003 421.50000000000006 4.2029252901224678 11945.265800320638 21.500000000000004 -2467268.7349999999 70.500000000000014 322.50000000000006 21.500000000000004 131.50000000000003 -0.45205545877835862 -0.42888796625999276 1.1670653907496016 6113789.2800000012 4.5311117256637177 4.445864539238034 82.500000000000014 12803.975 3.5000000000000004 2438.360774968211
decision_type=2 2 2 2 2 2 2 2 2 2 2 2 2 2 2 2 2 2 2 2 2 2 2 2 2 2 2 2 2 2
left_child=1 4 3 6 10 17 7 9 13 14 12 23 -1 -6 -3 16 -15 19 -19 -5 21 -10 24 -8 27 -17 28 -12 -11 -22
right_child=-2 2 -4 5 8 -7 11 -9 20 26 22 -13 -14 15 -16 25 -18 18 -20 -21 29 -23 -24 -25 -26 -27 -28 -29 -30 -31
leaf_value=-7439.8287512737779 32795.334465680804 3603.9160811885713 -10007.752485351564 5886.4866696061763 1613.7264331054689 11609.58790211397 2445.374270897581 -6312.9685888671884 -3067.7203749436599 2856.7512911551344 -4903.4283506944439 7502.6457055664068 -3907.9683134380139 -1372.5227128906251 818.27565355455556 -1707.6162555173241 -5580.6882529172035 5417.441211635045 9815.552978515625 1828.2372336647729 195.15261824072863 -185.2771728655614 -1524.2887322213917 4329.7146132575144 -2280.3597191262361 -841.3380380983707 2507.1745799982659 -3081.9245057353824 5283.5485589677637 2019.7979783278247
leaf_weight=23 21 31 20 58 25 34 114 20 39 35 45 20 76 25 185 300 22 35 24 22 246 109 108 72 207 432 107 254 44 39
leaf_count=23 21 31 20 58 25 34 114 20 39 35 45 20 76 25 185 300 22 35 24 22 246 109 108 72 207 432 107 254 44 39
internal_value=19.5005 -228.891 3020.13 3345.42 -1596.81 6945.36 2353.72 1747.8 -812.89 2148.84 -2956.86 3594.98 -4728.5 -1234.44 1218.07 -1325.84 -3342.3 5804.47 7206.5 4770.47 -30.1539 -944.84 -2671.21 3174.8 -2916 -1196.37 3229.73 -3356.06 4208.39 444.841
internal_weight=2792 2771 821 801 1950 173 628 422 1237 402 713 206 99 804 216 779 47 139 59 80 433 148 614 186 506 732 186 299 79 285
internal_count=2792 2771 821 801 1950 173 628 422 1237 402 713 206 99 804 216 779 47 139 59 80 433 148 614 186 506 732 186 299 79 285
is_linear=0
shrinkage=0.05


Tree=76
num_leaves=31
num_cat=0
split_feature=38 14 38 14 14 39 22 7 14 13 14 16 34 109 10 26 14 1 104 62 58 5 14 5 53 10 13 117 76 51
split_gain=8.20565e+12 4.44589e+12 1.25602e+12 1.03255e+12 7.55054e+11 3.14225e+11 2.12315e+11 2.54175e+11 1.79807e+11 1.10579e+11 1.04196e+11 9.30733e+10 1.05433e+11 1.35831e+11 8.60916e+10 8.60552e+10 8.39491e+10 8.38869e+10 6.74942e+10 6.67293e+10 8.56111e+10 6.35196e+10 5.35286e+10 4.57441e+10 4.42383e+10 4.1918e+10 4.09548e+10 4.57297e+10 4.02124e+10 3.97869e+10
threshold=389.50000000000006 4864356.2500000009 347.00000000000006 7611143.5450000009 2223852.1350000002 81.500000000000014 175.50000000000003 4154.5421802808405 3803362.1450000005 846.14504547409331 1127071.4750000003 24366.262580426497 105.50000000000001 282.50000000000006 13192.940000000002 37.500000000000007 5977386.3950000014 257.50000000000006 280410.94 -0.5 208.50000000000003 4.5311117256637177 6113789.2800000012 4.5375961103573053 0.014504246797890741 11784.150000000003 2438.360774968211 366.50000000000006 7226620.1400000015 30819.676360205838
decision_type=2 2 2 2 2 2 2 2 2 2 2 2 2 2 2 2 2 2 2 2 2 2 2 2 2 2 2 2 2 2
left_child=1 4 3 6 10 11 7 -3 15 16 14 12 -5 -14 -1 17 29 18 23 20 -10 24 -11 -6 25 -12 -21 -28 -15 -9
right_child=-2 2 -4 5 8 -7 -8 9 19 22 21 -13 13 28 -16 -17 -18 -19 -20 26 -22 -23 -24 -25 -26 -27 27 -29 -30 -31
leaf_value=-6899.8588794849538 31155.568426804315 -3619.5520228794649 -9507.364863281251 3878.591049744653 -2048.5935755988576 9985.2169170673078 6579.2638132731126 416.80960906982421 -208.29258766174317 2391.1319076538089 -5786.7704398777178 8337.2314453125 3545.9000112680292 6602.7704785156257 -3589.158052741157 -4224.1938390096029 2265.812856978077 2011.5006286621094 -754.55905849057945 162.52509356301928 -2948.6836592824839 -2048.0119589395572 4300.4458063520242 -1078.9710541246041 -2586.3296295166019 -3450.1685218547955 3575.3186242675783 194.13080200195316 9773.4319824218746 2609.4292195638022
leaf_weight=27 21 21 20 122 291 39 24 150 114 100 23 20 26 20 72 24 177 20 373 252 38 207 58 209 144 116 20 20 20 24
leaf_count=27 21 21 20 122 291 39 24 150 114 100 23 20 26 20 72 24 177 20 373 252 38 207 58 209 144 116 20 20 20 24
internal_value=18.5254 -217.446 2869.13 3178.15 -1516.97 5866.69 1979.47 1771.18 -869.726 1993.59 -3012.56 5094.47 4749.5 6359.36 -4492.08 -1269.63 1499.14 -1190.22 -1263.57 -43.8064 -893.39 -2713.64 3092.02 -1643.29 -3200.52 -3836.8 398.443 1884.72 8188.1 719.24
internal_weight=2792 2771 821 801 1950 247 554 530 1361 509 589 208 188 66 99 917 351 893 873 444 152 490 158 500 283 139 292 40 40 174
internal_count=2792 2771 821 801 1950 247 554 530 1361 509 589 208 188 66 99 917 351 893 873 444 152 490 158 500 283 139 292 40 40 174
is_linear=0
shrinkage=0.05


Tree=77
num_leaves=31
num_cat=0
split_feature=38 4 38 4 17 8 106 17 8 7 17 15 34 17 52 47 13 10 19 52 78 0 47 17 62 23 42 78 8 62
split_gain=7.4056e+12 3.49251e+12 1.1048e+12 9.52943e+11 7.46018e+11 5.20665e+11 3.34083e+11 2.88664e+11 1.95793e+11 1.81964e+11 1.48182e+11 1.14844e+11 1.3776e+11 1.0457e+11 1.10912e+11 1.58678e+11 1.02979e+11 9.96283e+10 7.52508e+10 7.24351e+10 6.8403e+10 6.75922e+10 5.72869e+10 5.60484e+10 5.36618e+10 5.30042e+10 5.24483e+10 4.97491e+10 4.96716e+10 4.52705e+10
threshold=389.50000000000006 1054.5000000000002 347.00000000000006 2177.5000000000005 2599879.8022843292 1963.4539981501091 1170344.6399999999 5918992.0314961793 2839.0594283232463 4352.7814234180378 1502915.8171063031 28083.296439796908 99.500000000000014 3462387.1916950387 31414.979721132902 0.31674917491749183 2701.6050039733232 13152.875000000002 17756.037585458445 31997.400856717071 4244785.5200000005 340.50000000000006 0.87791434855738137 4692407.2724734219 -0.24999999999999994 98.500000000000014 103.50000000000001 7485185.3750000009 2885.3732214466354 -0.68301270189221952
decision_type=2 2 2 2 2 2 2 2 2 2 2 2 2 2 2 2 2 2 2 2 2 2 2 2 2 2 2 2 2 2
left_child=1 4 3 5 10 -3 -5 16 -6 -9 17 12 26 25 15 -15 21 -1 -8 24 -18 -7 -22 -17 28 -10 -11 -14 -12 -16
right_child=-2 2 -4 6 8 7 18 9 13 11 19 -13 27 14 29 23 20 -19 -20 -21 22 -23 -24 -25 -26 -27 -28 -29 -30 -31
leaf_value=-5888.0788769531255 29597.788848586311 -5286.4028231534094 -9031.9965234375013 4782.9225798778052 -2849.6828553852283 1862.0940882716031 9117.7578515625009 -37.066868854391167 -583.20521154234154 2496.5107511662259 -5348.1246981534096 7433.5245361328125 4563.7549263619094 -4336.803435058594 859.87957837653892 35.580292818560238 -1602.8470748465402 -3004.7195684249587 13455.118437500001 -911.6445324063302 3104.6711092741593 4800.7105771019342 -353.0060153198242 2109.6970197889541 -1992.218989610672 -2630.6024256089154 4395.2452488825875 7357.1957624162942 -2688.8318059110097 3441.1950894601005
leaf_weight=35 21 22 20 39 76 287 20 29 450 121 22 24 37 20 33 342 35 208 20 128 23 21 25 36 462 34 52 28 87 35
leaf_count=35 21 22 20 39 76 287 20 29 450 121 22 24 37 20 33 342 35 208 20 128 23 21 25 36 462 34 52 28 87 35
internal_value=17.5992 -206.574 2572.34 2868.75 -1340.45 2284.43 8075.84 2528.65 -407.66 3721.03 -2356.42 4137.01 3804.58 -212.298 322.316 3.47107 1641.22 -3420.02 11286.4 -1986.67 78.1041 2062.45 1303.8 233.115 -2227.66 -727.031 3067.23 5767.08 -3225.57 2188.5
internal_weight=2792 2771 803 783 1968 704 79 682 1026 291 942 262 238 950 466 398 391 243 40 699 83 308 48 378 571 484 173 65 109 68
internal_count=2792 2771 803 783 1968 704 79 682 1026 291 942 262 238 950 466 398 391 243 40 699 83 308 48 378 571 484 173 65 109 68
is_linear=0
shrinkage=0.05


Tree=78
num_leaves=31
num_cat=0
split_feature=38 14 38 14 14 39 13 11 0 14 8 14 14 26 5 78 51 14 13 4 87 83 66 58 50 8 5 28 5 104
split_gain=6.68355e+12 3.63709e+12 1.02415e+12 8.48247e+11 6.23323e+11 2.86258e+11 1.49457e+11 4.6357e+11 1.27346e+11 1.17075e+11 1.09559e+11 1.07908e+11 1.07551e+11 7.96698e+10 7.9373e+10 7.90739e+10 6.8381e+10 6.58708e+10 7.40562e+10 6.39394e+10 6.15167e+10 1.18633e+11 5.80006e+10 7.36076e+10 5.79514e+10 7.58797e+10 5.4082e+10 4.16728e+10 4.10489e+10 3.98813e+10
threshold=389.50000000000006 4864356.2500000009 347.00000000000006 8381096.5600000015 2440855.6350000002 81.500000000000014 846.14504547409331 9091.5650000000023 340.50000000000006 3826266.8850000002 2865.5455441087038 6113789.2800000012 1127071.4750000003 37.500000000000007 4.1479871175523355 8657573.1950000022 29114.147786422716 6396599.4350000015 2459.791657647334 1175.5000000000002 4260791.1000000006 6055892.9700000007 -0.45205545877835862 208.50000000000003 1.1728683512172611 2614.6816242883256 4.445864539238034 30.500000000000004 4.5069605943152462 53806.969999999979
decision_type=2 2 2 2 2 2 2 2 2 2 2 2 2 2 2 2 2 2 2 2 2 2 2 2 2 2 2 2 2 2
left_child=1 4 3 6 12 15 7 8 11 13 -8 27 14 19 -1 20 -13 -12 -19 26 -5 -22 23 -11 25 -14 -6 -3 -17 -28
right_child=-2 2 -4 5 9 -7 10 -9 -10 22 17 16 24 -15 -16 28 -18 18 -20 -21 21 -23 -24 -25 -26 -27 29 -29 -30 -31
leaf_value=-6892.1923535156257 28117.899562872029 1523.2804566771119 -8580.3965917968744 5316.6135242808959 -1572.214005157371 10086.990748865464 6377.0817637567934 -5948.0506689453132 5740.5005468750005 -166.1659996247073 2020.0747403954258 1936.8585324455712 -4455.6111710258156 -3887.3860595703127 -3366.0844670935521 4667.4957128906253 4117.3692430252731 5462.1959093248524 2018.2369511357062 1095.3697330050998 -0.017410714285714286 5380.6966601562499 386.89169918662628 -2697.3094951140574 -1207.7701082437345 -2327.206799924144 -1205.2963319039231 10.100816848251846 7522.2120174632355 -250.08177847716485
leaf_weight=20 21 91 20 44 306 34 23 20 20 109 119 153 46 24 79 20 47 37 27 36 21 20 285 39 101 467 209 91 34 229
leaf_count=20 21 91 20 44 306 34 23 20 20 109 119 153 46 24 79 20 47 37 27 36 21 20 285 39 101 467 209 91 34 229
internal_value=16.7192 -196.245 2595.49 2874.54 -1371.64 5974.61 2020.54 1481.62 1851.25 -692.951 3124.54 1647.63 -2549.11 -1049.92 -4078.43 4968.7 2449.28 2715.75 4009.28 -962.615 4018.17 2624.72 -30.1225 -833.157 -2302.52 -2518.06 -1062.2 766.691 6464.91 -705.881
internal_weight=2792 2771 821 801 1950 173 628 422 402 1237 206 382 713 804 99 139 200 183 64 780 85 41 433 148 614 513 744 182 54 438
internal_count=2792 2771 821 801 1950 173 628 422 402 1237 206 382 713 804 99 139 200 183 64 780 85 41 433 148 614 513 744 182 54 438
is_linear=0
shrinkage=0.05


Tree=79
num_leaves=31
num_cat=0
split_feature=21 14 28 14 14 14 8 10 7 14 14 78 23 7 13 5 10 34 22 52 96 12 52 98 22 52 13 23 41 16
split_gain=5.69984e+12 3.2209e+12 5.83114e+11 7.71032e+11 5.68414e+11 2.75974e+11 2.44463e+11 1.90569e+11 1.59027e+11 1.55322e+11 1.42819e+11 1.21148e+11 1.04343e+11 1.13423e+11 1.01569e+11 9.40238e+10 1.0566e+11 7.96271e+10 6.79051e+10 6.23147e+10 6.09731e+10 5.9498e+10 5.02675e+10 4.68832e+10 4.6318e+10 5.19694e+10 4.34021e+10 5.32333e+10 3.81284e+10 3.48274e+10
threshold=45.500000000000007 4864356.2500000009 123.50000000000001 8629907.8350000028 2148164.1150000007 12728648.100000003 2614.6816242883256 15743.825000000003 4661.0521451425257 6338146.290000001 3434913.0350000006 1482259.4600000002 144.50000000000003 3412.6801143131611 2876.4603862768754 4.305527447508223 13192.940000000002 108.50000000000001 229.50000000000003 30656.757015151517 6466698.0150000015 3604.3660440971466 23757.910810749778 3020696.1124384427 158.50000000000003 27786.480279940679 625.11720524009957 66.500000000000014 18.500000000000004 29856.652606726893
decision_type=2 2 2 2 2 2 2 2 2 2 2 2 2 2 2 2 2 2 2 2 2 2 2 2 2 2 2 2 2 2
left_child=1 4 3 6 15 7 -3 -5 -9 20 18 -12 13 -13 -14 16 -1 19 26 -11 -8 23 -22 -15 25 -10 27 -6 29 -17
right_child=-2 2 -4 5 10 -7 9 8 24 17 11 12 14 21 -16 28 -18 -19 -20 -21 22 -23 -24 -25 -26 -27 -28 -29 -30 -31
leaf_value=-6718.5561367187511 23783.096328125001 -3407.0381184895837 -5593.2269464666197 9470.9660546875002 -1239.5531852443355 11030.327015269888 3979.1969604492188 131.86640747070314 3160.5668338260139 2364.291391314669 -4053.949990234375 3377.9740771484376 -4952.3343901134676 -439.12417422771455 -277.09326113187348 -2622.1372912573438 -3147.9780088818766 5152.7180189344617 1639.7786767578125 5049.2532409667974 2123.5537863854133 2482.6030428799718 778.07215679529554 653.86298137664801 7181.3970800781244 5868.4676125919123 -838.2048494443502 -2397.7185968328167 -747.59866955731377 -1163.0515086072558
leaf_weight=25 25 21 22 20 301 22 21 20 37 217 20 25 21 400 26 315 121 36 20 24 101 22 222 130 20 34 292 148 37 47
leaf_count=25 25 21 22 20 301 22 21 20 37 217 20 25 21 400 26 315 121 36 20 24 101 22 222 130 20 34 292 148 37 47
internal_value=15.8833 -198.855 2436.63 2658.84 -1303.06 5848.5 1898.69 4978.27 4168.78 2078.11 -771.382 -223.39 -100.616 83.9153 -2366.03 -2673.7 -3759.38 2959.32 -1235.12 2631.67 1368.53 -65.2721 1198.8 -171.033 5056.01 4457.31 -1312.72 -1621.31 -2276.44 -2432.7
internal_weight=2792 2767 817 795 1950 153 642 131 111 621 1405 644 624 577 47 545 146 277 761 241 344 552 323 530 91 71 741 449 399 362
internal_count=2792 2767 817 795 1950 153 642 131 111 621 1405 644 624 577 47 545 146 277 761 241 344 552 323 530 91 71 741 449 399 362
is_linear=0
shrinkage=0.05


Tree=80
num_leaves=31
num_cat=0
split_feature=44 14 32 14 14 66 76 66 7 5 45 7 24 14 7 14 37 27 80 14 11 11 51 40 10 10 51 98 23 11
split_gain=5.25004e+12 2.35294e+12 8.7702e+11 5.04985e+11 4.61392e+11 1.25671e+11 1.75283e+11 1.24936e+11 2.01698e+11 9.85761e+10 1.07459e+11 9.19576e+10 9.01162e+10 8.46858e+10 8.26262e+10 7.10438e+10 6.62634e+10 5.84039e+10 6.69255e+10 4.91311e+10 4.84331e+10 4.73525e+10 6.98099e+10 4.64893e+10 6.78626e+10 4.63452e+10 4.15296e+10 3.78525e+10 3.71326e+10 4.59947e+10
threshold=69.500000000000014 4864356.2500000009 174.50000000000003 2589979.1300000004 7611143.5450000009 -0.86955717898714324 6693497.1900000004 -0.51974381215551546 4235.2420824559931 4.5137298986880179 89.500000000000014 2918.3923385344665 140.50000000000003 3690775.2450000006 3977.3013882280175 1567966.0350000004 58.500000000000007 25.500000000000004 6033928.6500000013 5545905.1750000007 30141.375000000004 200751.70000000004 23485.560045601316 23.500000000000004 15151.285000000002 21112.825000000001 30819.676360205838 3020696.1124384427 51.500000000000007 20875.345000000005
decision_type=2 2 2 2 2 2 2 2 2 2 2 2 2 2 2 2 2 2 2 2 2 2 2 2 2 2 2 2 2 2
left_child=1 3 4 15 7 6 -6 8 -3 -7 -11 -5 19 17 -15 21 -8 -13 20 -9 -19 22 -1 26 -25 -21 -10 -16 -17 -30
right_child=-2 2 -4 11 5 9 16 12 23 10 -12 13 -14 14 27 28 -18 18 -20 25 -22 -23 -24 24 -26 -27 -28 -29 29 -31
leaf_value=-5267.3146355879944 23757.908081585429 -4031.1388427734378 -8036.9711263020836 1890.3969695262419 -1538.7289862060547 3767.2547168913343 2159.0654870605467 1161.4522609922622 523.64227960276048 4823.199105957031 8648.9861732219833 -95.066811869027731 4602.0794494628908 -3235.181403808594 -195.6171456241608 -1484.7616358022315 6229.1818917846686 -1558.8675258604949 -3535.5230071004235 2190.0295806184822 -485.86992607526884 -2051.0643705055932 -2766.3357256789436 4746.4603979492194 1290.2769444056921 4755.2290829613094 2878.9828462146579 887.33237287081215 -3359.3663943820534 -1813.3871396821121
leaf_weight=38 23 20 21 39 20 84 20 108 172 50 29 143 37 20 360 331 20 242 30 109 186 110 105 20 49 21 21 104 72 145
leaf_count=38 23 20 21 39 20 84 20 108 172 50 29 143 37 20 360 331 20 242 30 109 186 110 105 20 49 21 21 104 72 145
internal_value=-30.371 -231.079 2046.17 -1178.65 2317.64 4239.55 2283.17 1548.19 808.706 4959.69 6227.6 -495.014 2306.5 -580.757 -88.5191 -2137.97 4194.12 -977.168 -1252.58 1949.62 -1092.56 -2830.99 -3430.93 1178.16 2292.07 2604.41 779.923 47.1129 -1818.01 -2326.34
internal_weight=2749 2726 801 1925 780 223 60 557 282 163 79 1124 275 1085 484 801 40 601 458 238 428 253 143 262 69 130 193 464 548 217
internal_count=2749 2726 801 1925 780 223 60 557 282 163 79 1124 275 1085 484 801 40 601 458 238 428 253 143 262 69 130 193 464 548 217
is_linear=0
shrinkage=0.05


Tree=81
num_leaves=31
num_cat=0
split_feature=44 14 32 14 14 91 18 8 45 82 14 52 23 53 83 17 33 26 22 10 18 23 11 10 27 79 52 54 62 18
split_gain=4.73816e+12 2.12353e+12 7.9151e+11 4.56755e+11 4.16406e+11 1.17515e+11 1.15806e+11 1.94904e+11 1.12768e+11 1.2064e+11 9.90567e+10 9.52399e+10 7.52976e+10 9.82434e+10 7.30738e+10 7.27768e+10 6.30638e+10 5.66704e+10 5.28684e+10 6.19598e+10 5.1586e+10 4.84579e+10 4.78876e+10 5.93054e+10 5.32834e+10 4.4286e+10 4.34653e+10 4.1701e+10 3.79236e+10 3.74846e+10
threshold=69.500000000000014 4864356.2500000009 174.50000000000003 2440855.6350000002 7611143.5450000009 1694845.7350000003 16050.106178836455 2758.3461649531168 81.500000000000014 2865309.0755486735 3690775.2450000006 32673.148226723526 144.50000000000003 0.21951217337866974 4008912.5750000007 4536339.0203534458 215.50000000000003 37.500000000000007 63.500000000000007 13217.730000000001 22918.355138135124 51.500000000000007 30141.375000000004 11922.965000000002 26.500000000000004 11969161.165000001 27737.948234015807 2019.5000000000002 -0.5 18303.875463920183
decision_type=2 2 2 2 2 2 2 2 2 2 2 2 2 2 2 2 2 2 2 2 2 2 2 2 2 2 2 2 2 2
left_child=1 3 4 18 6 -6 -3 -8 14 16 17 15 13 28 -7 -9 -10 22 19 27 25 -20 24 -24 -5 29 -16 -1 -12 -17
right_child=-2 2 -4 10 5 8 7 11 9 -11 12 -13 -14 -15 26 20 -18 -19 21 -21 -22 -23 23 -25 -26 -27 -28 -29 -30 -31
leaf_value=-2735.4813276502823 22570.013298233695 4492.4859513346355 -7635.1230143229177 -458.31454056361355 935.07404966001161 5885.4683020550274 -3542.5534848022467 308.89180161232173 5383.6642385175155 2863.8813769531253 -716.49596392313651 4324.1665318080359 -2092.5216036283055 3121.8939860026044 1758.8052050781253 1083.2131443512747 8572.955931829636 -3528.140400695801 -458.74540679931647 -2052.4862764431568 -538.98006896972663 -2627.2300692106551 2063.9962412516279 -539.44453963770081 -1604.1059746051658 -204.32180881500244 4037.333712768555 -4769.4448311941969 316.16496816218296 2355.9207359620505
leaf_weight=90 23 30 21 166 27 23 20 129 31 25 126 28 39 27 50 78 31 20 80 470 24 38 24 247 261 24 36 35 302 224
leaf_count=90 23 30 21 166 27 23 20 129 31 25 126 28 39 27 50 78 31 20 80 470 24 38 24 247 261 24 36 35 302 224
internal_value=-28.8525 -219.525 1943.87 -1119.72 2201.76 4027.58 1470.78 1298.77 4453.58 5796 -528.99 1489.75 15.9638 196.691 3382.11 1324.06 6978.31 -903.93 -2123.88 -2315.62 1698.22 -1157.07 -828.737 -308.882 -1158.67 1862.92 2712.61 -3304.99 12.1573 2027.21
internal_weight=2749 2726 801 1925 780 223 557 527 196 87 1212 507 494 455 109 479 62 718 713 595 350 118 698 271 427 326 86 125 428 302
internal_count=2749 2726 801 1925 780 223 557 527 196 87 1212 507 494 455 109 479 62 718 713 595 350 118 698 271 427 326 86 125 428 302
is_linear=0
shrinkage=0.05


Tree=82
num_leaves=31
num_cat=0
split_feature=44 14 42 14 14 14 66 7 14 37 23 34 0 15 12 26 66 86 19 14 23 23 22 7 103 8 53 12 8 105
split_gain=4.27619e+12 1.92546e+12 6.78054e+11 6.41742e+11 2.75837e+11 2.10297e+11 1.14379e+11 1.80446e+11 1.09443e+11 8.24912e+10 7.94049e+10 9.73412e+10 6.3636e+10 6.29638e+10 6.04071e+10 1.23405e+11 6.00955e+10 4.77923e+10 5.39299e+10 4.70507e+10 6.65007e+10 4.92753e+10 4.50441e+10 9.08187e+10 3.40473e+10 3.12116e+10 3.42137e+10 4.38177e+10 3.11654e+10 3.11222e+10
threshold=69.500000000000014 4120412.0300000007 175.50000000000003 7369507.9100000011 2310705.2550000004 10686259.125000002 -0.51974381215551546 4235.2420824559931 5545905.1750000007 75.500000000000014 273.50000000000006 109.50000000000001 245.50000000000003 28083.296439796908 802.75167425721099 34.500000000000007 0.51972456038539816 1715359.00680231 16103.476785510904 3084159.6750000003 66.500000000000014 51.500000000000007 17.500000000000004 5226.1720228337244 598646.31000000041 2646.8606781891317 0.10706743023345582 3231.3504563492065 2062.2691421732429 1013931.7200000003
decision_type=2 2 2 2 2 2 2 2 2 2 2 2 2 2 2 2 2 2 2 2 2 2 2 2 2 2 2 2 2 2
left_child=1 4 3 6 22 10 7 -3 17 -7 11 13 -9 29 15 19 -10 18 -8 21 -21 -6 23 -1 -14 -16 -27 -28 -24 -5
right_child=-2 2 -4 5 14 9 8 12 16 -11 -12 -13 24 -15 25 -17 -18 -19 -20 20 -22 -23 28 -25 -26 26 27 -29 -30 -31
leaf_value=-5939.7780578613283 21441.511744756284 -4016.8027441936993 -6709.2746240234383 1823.5338240284034 -501.51826189002213 4952.8970193614132 3722.3711914062501 -25.436230174862612 2180.0314821024413 9343.55029296875 729.34044989224139 6664.9377485795458 821.89071372350065 5372.204768254207 1682.9611511230469 -4919.7214242553709 5075.8383184523809 -352.22368047035349 1009.4941628447367 780.72390850556872 -895.07645287900368 -1881.8741759209884 -3758.8877807617191 -2378.8659634461878 2464.3503038771614 1054.8820135819285 -989.8632870499805 330.0021125070673 -1738.2517491702849 3354.0552689401725
leaf_weight=20 23 23 25 59 98 23 20 196 122 20 29 22 96 26 20 20 21 59 218 74 296 190 20 171 47 38 186 95 416 76
leaf_count=20 23 23 25 59 98 23 20 196 122 20 29 22 96 26 20 20 21 59 218 74 296 190 20 171 47 38 186 95 416 76
internal_value=-27.4098 -208.549 1429.44 1621.94 -1286.59 3806.83 927.24 268.934 1468.85 6995.06 3160.16 3545.37 559.706 3119.09 -778.061 -1050.54 2605.29 921.67 1237.47 -932.939 -559.916 -1412.17 -2111.44 -2751.74 1361.72 -233.096 -353.225 -543.645 -1830.94 2685.16
internal_weight=2749 2726 1082 1057 1644 255 802 362 440 43 212 183 339 161 1017 678 143 297 238 658 370 288 627 191 143 339 319 281 436 135
internal_count=2749 2726 1082 1057 1644 255 802 362 440 43 212 183 339 161 1017 678 143 297 238 658 370 288 627 191 143 339 319 281 436 135
is_linear=0
shrinkage=0.05


Tree=83
num_leaves=31
num_cat=0
split_feature=44 14 23 14 14 23 91 37 18 51 13 7 14 14 23 9 14 91 98 13 90 29 27 56 11 51 13 8 14 12
split_gain=3.85926e+12 1.74078e+12 6.37413e+11 3.78233e+11 3.47419e+11 1.81189e+11 1.26891e+11 1.26247e+11 1.11478e+11 8.83268e+10 9.06129e+10 8.28336e+10 6.64237e+10 6.23768e+10 6.09751e+10 8.36446e+10 7.47934e+10 6.06636e+10 5.21069e+10 5.16776e+10 4.92023e+10 4.66218e+10 4.38687e+10 5.55741e+10 4.08983e+10 1.11924e+11 3.7115e+10 3.69893e+10 3.29186e+10 3.21104e+10
threshold=69.500000000000014 4864356.2500000009 353.50000000000006 2638927.5100000002 7866205.0050000008 254.50000000000003 1694845.7350000003 80.500000000000014 15539.177147906519 32785.398733595808 473.4870014702413 2918.3923385344665 6338146.290000001 1567966.0350000004 145.50000000000003 620.74500000000012 3690775.2450000006 1193561.3250000002 2677004.8489395743 2177.0443608469891 2622337.9456543918 8.5000000000000018 25.500000000000004 4.5000000000000009 161229.24500000002 23485.560045601316 135.9463279517216 3623.6009704464605 5768777.4650000008 2868.7430045791011
decision_type=2 2 2 2 2 2 2 2 2 2 2 2 2 2 2 2 2 2 2 2 2 2 2 2 2 2 2 2 2 2
left_child=1 3 4 13 5 8 -6 18 -3 10 17 -5 -12 24 16 -16 22 -10 20 -14 -8 -20 -13 -24 25 -1 -25 -23 -19 -18
right_child=-2 2 -4 11 6 -7 7 -9 9 -11 12 14 19 -15 15 -17 29 28 21 -21 -22 27 23 26 -26 -27 -28 -29 -30 -31
leaf_value=-6348.3389959161941 20369.436056385872 5224.2090966796877 -6835.4811360677086 1958.1165323893231 185.98738839285716 -3284.4677832031252 4213.8541503906254 7586.8610937499998 -1356.8087361653647 4159.8650634765627 1518.0737200419107 19.894721351036662 5337.9239257812505 -1529.4290294680047 -7.431523437500001 -4475.1643549138853 -44.20849731851721 374.14369707031256 2362.3076526988639 2325.5584953962057 915.17743577223564 4085.2244841202446 -2999.3877256451233 -1315.2653113391914 -1836.8464428999296 -2422.8895390437201 -352.38535562880497 6341.9311425781252 1427.9697750447872 1533.1219824218751
leaf_weight=22 23 20 21 36 21 20 20 25 30 28 126 130 24 581 20 22 413 125 22 35 26 46 33 214 127 104 188 30 182 35
leaf_count=22 23 20 21 36 21 20 20 25 30 28 126 130 24 581 20 22 413 125 22 35 26 46 33 214 127 104 188 30 182 35
internal_value=-26.0393 -198.121 1760.62 -1013.16 1992.06 1393.23 3851.57 4307.05 1557.36 1424.02 1277.27 -400.383 2166.39 -1814.77 -480.862 -2347.67 -403.463 789.182 3737.64 3550.93 2349.38 4389.28 -786.033 -1026.89 -2470.05 -3108.29 -864.963 4976.03 998.887 79.0204
internal_weight=2749 2726 801 1925 780 590 190 169 570 550 522 1091 185 834 1055 42 1013 337 144 59 46 98 565 435 253 126 402 76 307 448
internal_count=2749 2726 801 1925 780 590 190 169 570 550 522 1091 185 834 1055 42 1013 337 144 59 46 98 565 435 253 126 402 76 307 448
is_linear=0
shrinkage=0.05


Tree=84
num_leaves=31
num_cat=0
split_feature=44 14 42 14 14 27 52 66 42 66 17 14 39 11 78 24 66 5 5 17 102 105 39 38 14 113 89 120 87 3
split_gain=3.48299e+12 1.57689e+12 5.93169e+11 5.3901e+11 2.26204e+11 2.04016e+11 1.16152e+11 1.80707e+11 1.02194e+11 1.0011e+11 1.46594e+11 8.98844e+10 6.77386e+10 6.04468e+10 5.45878e+10 8.38323e+10 5.27452e+10 4.76677e+10 4.46685e+10 5.7772e+10 4.24468e+10 3.37909e+10 3.33598e+10 3.24972e+10 3.00493e+10 3.00328e+10 3.10742e+10 2.77622e+10 2.71397e+10 3.55977e+10
threshold=69.500000000000014 4120412.0300000007 175.50000000000003 7369507.9100000011 2148164.1150000007 155.50000000000003 24787.920378787883 -0.39754281428255622 120.50000000000001 -0.51974381215551546 6300642.1013105428 5545905.1750000007 43.500000000000007 747723.58000000007 2247087.7650000001 122.50000000000001 0.51972456038539816 4.4905645448431395 4.5298921872692377 4124375.4315995895 2679076.9554893323 1.0000000180025095e-35 29.500000000000004 23.500000000000004 4834575.5750000002 216.50000000000003 5787449.7808928574 201.50000000000003 3527989.4900000007 183.50000000000003
decision_type=2 2 2 2 2 2 2 2 2 2 2 2 2 2 2 2 2 2 2 2 2 2 2 2 2 2 2 2 2 2
left_child=1 4 3 9 17 6 7 -5 28 10 12 14 24 18 -11 20 -13 23 19 21 -16 -6 -20 -1 -3 -26 -27 -15 -8 -30
right_child=-2 2 -4 5 13 -7 8 -9 -10 11 -12 16 -14 27 15 -17 -18 -19 22 -21 -22 -23 -24 -25 25 26 -28 -29 29 -31
leaf_value=-4072.4348039899555 19350.965143087637 -555.65064253754679 -6318.1352124023442 -2142.4402988281249 -1349.2758922111525 7673.7787710336534 4272.5166652370144 3613.3918473307294 6400.0813441685277 -1674.385093460083 -3066.1943642893148 1975.6871033465277 2004.8062743474566 -600.36342712402347 331.39064602519193 4067.4620000930063 4688.6261526925218 -1516.7185408493569 -631.61470000620852 -3584.432288128397 1702.61493292309 -560.23722885998063 650.11674741547688 -2276.548036747055 2064.7956117902481 -1367.8558898925783 596.41945519714352 1747.3211773143096 2212.3341342381068 4361.57216015625
leaf_weight=28 23 91 25 25 333 26 37 30 28 20 31 122 63 20 172 21 21 261 407 23 84 229 58 251 28 24 125 34 84 25
leaf_count=28 23 91 25 25 333 26 37 30 28 20 31 122 63 20 172 21 21 261 407 23 84 229 58 251 28 24 125 34 84 25
internal_value=-24.7374 -188.215 1294.12 1474.16 -1163.81 3476.55 3000.01 997.105 3633.11 837.491 221.615 1344.19 529.537 -753.627 848.309 1030.45 2374.09 -2002.42 -837.529 -1128.28 781.324 -1027.76 -471.743 -2456.78 182.739 562.363 280.026 877.808 3102.46 2705.28
internal_weight=2749 2726 1082 1057 1644 255 229 55 174 802 362 440 331 1104 297 277 143 540 1050 585 256 562 465 279 268 177 149 54 146 109
internal_count=2749 2726 1082 1057 1644 255 229 55 174 802 362 440 331 1104 297 277 143 540 1050 585 256 562 465 279 268 177 149 54 146 109
is_linear=0
shrinkage=0.05


Tree=85
num_leaves=31
num_cat=0
split_feature=80 14 23 14 8 14 78 45 39 45 33 14 23 11 5 26 5 51 39 104 48 23 50 11 47 14 82 39 10 3
split_gain=3.37304e+12 1.52508e+12 6.5375e+11 5.70498e+11 2.79439e+11 2.5527e+11 1.7461e+11 1.45577e+11 1.27862e+11 1.23887e+11 1.09229e+11 9.02782e+10 7.57689e+10 6.46583e+10 6.27274e+10 5.7003e+10 5.05287e+10 4.26907e+10 4.46317e+10 4.26746e+10 3.82496e+10 4.72571e+10 4.4419e+10 4.2893e+10 3.6854e+10 3.54977e+10 3.48566e+10 3.2719e+10 4.48947e+10 5.35155e+10
threshold=14859592.285000002 4236733.6300000018 373.50000000000006 8213804.3350000009 2394.7956108174444 2430031.7550000004 9647893.1850000005 99.500000000000014 69.500000000000014 109.50000000000001 209.50000000000003 6113789.2800000012 15.500000000000002 727916.13500000013 4.6758660068519236 37.500000000000007 4.4905645448431395 27158.19080149115 58.500000000000007 -232100.01499999987 0.049089795467552946 180.50000000000003 1.0879560439560441 101612.79000000002 0.74004856931686214 1647926.6350000002 912774.80448969791 41.500000000000007 15716.470000000003 152.50000000000003
decision_type=2 2 2 2 2 2 2 2 2 2 2 2 2 2 2 2 2 2 2 2 2 2 2 2 2 2 2 2 2 2
left_child=1 5 3 4 -3 12 9 -8 11 10 17 24 -1 15 20 19 25 18 -5 -7 21 22 -13 26 -6 -14 -22 -26 -29 -30
right_child=-2 2 -4 6 8 13 7 -9 -10 -11 -12 14 16 -15 -16 -17 -18 -19 -20 -21 23 -23 -24 -25 27 -27 -28 28 29 -31
leaf_value=-4755.9302984328497 19952.930589657739 -4588.7789728338066 -7399.0600987025673 3660.7902878534223 1234.6295704408126 -1052.0147337692226 4189.9848876953129 9625.1288896040478 4881.3810102982961 -139.21285603841145 6805.8647237141922 61.843519658627713 -2749.6384895978658 1001.2201880670364 4093.2283103355994 -3021.4057695312499 -1283.2978579711917 4260.3420639038086 534.05532763671874 -342.97969988924535 -174.35233248197116 -723.53346557617192 3078.3327660193809 3215.644484965007 53.45872422737505 -1720.8043376813093 1906.6829904963463 2245.4470875841507 1319.9923636136737 -1922.2249349212645
leaf_weight=21 21 22 21 21 176 334 28 22 22 24 24 23 140 62 26 25 350 36 25 582 26 36 26 48 259 209 89 47 35 20
leaf_count=21 21 22 21 21 176 334 28 22 22 24 24 23 140 62 26 25 350 36 25 582 26 36 26 48 259 209 89 47 35 20
internal_value=-10.5542 -161.412 1334.76 1511.97 973.354 -1078.39 4070.4 6581.45 1120.25 3104.61 3839.07 1018.22 -1796.7 -562.758 1756.75 -665.805 -1707.8 2970.74 1961.48 -601.514 1511.79 651.904 1662.43 1960.2 641.4 -2133.52 1436.19 352.18 1110.7 141.004
internal_weight=2800 2779 1056 1035 855 1723 180 50 833 130 106 811 720 1003 274 941 699 82 46 916 248 85 49 163 537 349 115 361 102 55
internal_count=2800 2779 1056 1035 855 1723 180 50 833 130 106 811 720 1003 274 941 699 82 46 916 248 85 49 163 537 349 115 361 102 55
is_linear=0
shrinkage=0.05


Tree=86
num_leaves=31
num_cat=0
split_feature=21 14 28 14 78 35 8 28 14 34 14 38 43 5 14 5 17 5 48 102 50 82 5 32 11 14 82 3 14 106
split_gain=3.12359e+12 1.36917e+12 5.71912e+11 4.84501e+11 2.67405e+11 2.69961e+11 2.5289e+11 2.36162e+11 2.24751e+11 1.39915e+11 8.0842e+10 7.19395e+10 6.78251e+10 6.35416e+10 5.93364e+10 5.73151e+10 5.43474e+10 4.32024e+10 4.0664e+10 4.18537e+10 3.47506e+10 3.37568e+10 3.51599e+10 3.35539e+10 3.11948e+10 3.06505e+10 3.02949e+10 2.8261e+10 2.74293e+10 2.70282e+10
threshold=45.500000000000007 4236733.6300000018 119.00000000000001 8381096.5600000015 8657573.1950000022 51.500000000000007 2394.7956108174444 88.500000000000014 2430031.7550000004 123.50000000000001 6113789.2800000012 16.500000000000004 73.500000000000014 4.5278482797518338 9134142.3500000015 4.6674041297935114 4387297.7968687611 4.4905645448431395 0.054972527472527476 2296587.2619846589 1.1128012338538655 1027728.0128159545 4.4651780255611522 82.500000000000014 768312.44500000018 1647926.6350000002 1165073.6209816982 190.50000000000003 3490956.9000000004 -1177770.4299999997
decision_type=2 2 2 2 2 2 2 2 2 2 2 2 2 2 2 2 2 2 2 2 2 2 2 2 2 2 2 2 2 2
left_child=1 8 3 6 5 14 -3 -6 11 10 21 -1 13 16 -5 18 28 25 20 -20 26 22 -8 -23 -15 29 -12 -16 -10 -13
right_child=-2 2 -4 4 7 -7 9 -9 12 -11 15 17 -14 24 27 -17 -18 -19 19 -21 -22 23 -24 -25 -26 -27 -28 -29 -30 -31
leaf_value=-4663.6654724121099 17950.616692097985 -4359.3399946732961 -7118.1592260742182 2026.5878308614094 4087.4019471634269 -2660.8223366477273 209.25156402587891 10278.574654134114 -1136.8949129345131 5101.1229631696433 -880.30591953822557 -4293.5419238281247 2196.3616474498403 -267.85359320150354 3336.2479980468752 3757.9638463513606 -3473.5883890787759 -1231.8232277198272 148.89927520751954 2463.2613178943452 2214.4265758883571 -14.378410312467736 1395.9387017134784 1764.8626200358076 1662.7106955788354 -1634.7641147157221 982.41839767982219 5781.8903338396995 -359.42105298210595 -2307.0028763971409
leaf_weight=20 24 22 20 36 43 22 95 24 341 21 35 20 22 428 21 29 21 352 24 105 31 227 182 30 22 209 58 27 170 119
leaf_count=20 24 22 20 36 43 22 95 24 341 21 35 20 22 428 21 29 21 352 24 105 31 227 182 30 22 209 58 27 170 119
internal_value=-10.0265 -165.306 1256.2 1418.5 3832.57 2269.73 932.309 6305.14 -1032.72 1071.4 967.691 -1706.87 -549.273 -610.784 3561.06 1652.53 -980.692 -1622.39 1411.2 2032.68 764.651 606.033 988.952 193.315 -173.47 -2017.44 281.393 4711.92 -878.244 -2592.84
internal_weight=2800 2776 1052 1032 173 106 859 67 1724 837 816 720 1004 982 84 282 532 700 253 129 124 534 277 257 450 348 93 48 511 139
internal_count=2800 2776 1052 1032 173 106 859 67 1724 837 816 720 1004 982 84 282 532 700 253 129 124 534 277 257 450 348 93 48 511 139
is_linear=0
shrinkage=0.05


Tree=87
num_leaves=31
num_cat=0
split_feature=21 14 38 14 14 26 78 66 39 29 14 118 38 43 5 5 5 17 25 47 27 5 39 27 76 48 11 95 8 8
split_gain=2.81904e+12 1.23568e+12 3.79108e+11 3.95164e+11 2.02838e+11 2.01829e+11 1.60538e+11 1.69568e+11 1.55147e+11 1.45709e+11 1.031e+11 6.56095e+10 6.49254e+10 6.12121e+10 6.05152e+10 5.73463e+10 5.52478e+10 4.90485e+10 4.71556e+10 4.03487e+10 4.02898e+10 3.89902e+10 3.73051e+10 3.25598e+10 3.09871e+10 3.94432e+10 2.81533e+10 2.78161e+10 2.7672e+10 4.72279e+10
threshold=45.500000000000007 4236733.6300000018 359.00000000000006 8381096.5600000015 2430031.7550000004 57.500000000000007 8657573.1950000022 -0.86092912513210462 65.500000000000014 18.500000000000004 6338146.290000001 345.00000000000006 16.500000000000004 73.500000000000014 4.4905645448431395 4.5278482797518338 4.6758660068519236 4387297.7968687611 12.500000000000002 0.74004856931686214 116.50000000000001 4.4905645448431395 41.500000000000007 82.500000000000014 5729193.8400000008 0.045022522522522528 768312.44500000018 1772085.2250000003 3421.4210078984756 3570.0128235095904
decision_type=2 2 2 2 2 2 2 2 2 2 2 2 2 2 2 2 2 2 2 2 2 2 2 2 2 2 2 2 2 2
left_child=1 4 3 5 12 8 7 -5 10 18 11 19 -1 15 -9 17 23 27 -8 -3 -16 -14 -21 -12 -25 -26 -17 -6 -27 -30
right_child=-2 2 -4 6 13 -7 9 14 -10 -11 16 -13 21 -15 20 26 -18 -19 -20 22 -22 -23 -24 24 25 28 -28 -29 29 -31
leaf_value=-4430.4820941162106 17053.086094156901 1242.216274500908 -5155.3438327955164 -1327.6664842529299 -561.12598060839105 -3727.084366508152 5241.7676535866485 1763.2051916873818 4749.1814353660302 8326.0835027841422 2461.3055462065199 -2269.4376397705078 -1916.5700798155249 2086.5435890891335 3212.9404746093751 -254.46091203600446 3974.2202622633713 -3299.9090276808965 1968.0565551757813 30.905336824103969 6183.6940845307854 -1170.2320686454123 1142.7564536103748 -363.55280361833246 -301.8740657170614 3430.6118687947596 1579.575155362216 -1332.4421809075288 -227.35339111328128 2653.7324581261837
leaf_weight=20 24 188 23 25 330 23 22 33 27 26 63 20 348 22 25 428 26 21 22 268 21 352 105 29 24 24 22 181 25 33
leaf_count=20 24 188 23 25 330 23 22 33 27 26 63 20 348 22 25 428 26 21 22 268 21 352 105 29 24 24 22 181 25 33
internal_value=-9.52518 -157.041 1193.39 1335.3 -981.087 893.278 3507.3 2261.3 1021 5358.49 895.96 544.613 -1621.52 -521.809 3397.05 -580.245 1807.27 -931.657 3604.91 644.935 4569.15 -1541.27 343.893 1522.72 1084.71 1480.93 -164.797 -834.332 2002.73 1411.89
internal_weight=2800 2776 1052 1029 1724 855 174 104 832 70 805 581 720 1004 79 982 224 532 44 561 46 700 373 198 135 106 450 511 82 58
internal_count=2800 2776 1052 1029 1724 855 174 104 832 70 805 581 720 1004 79 982 224 532 44 561 46 700 373 198 135 106 450 511 82 58
is_linear=0
shrinkage=0.05


Tree=88
num_leaves=31
num_cat=0
split_feature=80 14 23 14 8 14 109 32 52 41 108 24 14 23 52 17 18 102 23 107 5 37 53 5 14 84 7 8 126 66
split_gain=2.8847e+12 1.09038e+12 5.64159e+11 4.12651e+11 2.18046e+11 1.88167e+11 1.30141e+11 1.50684e+11 1.19727e+11 9.67146e+10 7.59229e+10 6.01763e+10 5.97735e+10 5.97367e+10 5.89126e+10 4.84311e+10 4.17045e+10 4.11832e+10 3.61201e+10 5.32074e+10 4.37261e+10 4.28494e+10 4.83471e+10 3.60167e+10 3.5946e+10 3.57873e+10 3.48036e+10 7.62244e+10 3.32137e+10 3.20038e+10
threshold=14859592.285000002 4236733.6300000018 373.50000000000006 8213804.3350000009 2394.7956108174444 2267675.1550000007 380.00000000000006 143.50000000000003 27482.525003999595 50.500000000000007 244.50000000000003 76.500000000000014 5312981.2100000009 15.500000000000002 31527.156630236797 7740984.626887179 18266.86493209262 2699937.9097282435 203.50000000000003 206.50000000000003 4.5030665915281309 43.500000000000007 0.017651535706445707 4.5278482797518338 3434913.0350000006 10023807.745000003 2854.1654351591974 2614.6816242883256 100.89648087959613 -0.8520459593969173
decision_type=2 2 2 2 2 2 2 2 2 2 2 2 2 2 2 2 2 2 2 2 2 2 2 2 2 2 2 2 2 2
left_child=1 5 3 4 -3 13 8 -8 10 12 -5 17 -6 -1 18 -10 -12 23 19 29 28 -22 -23 -7 -19 -20 -15 -28 -21 -14
right_child=-2 2 -4 6 9 11 7 -9 15 -11 16 -13 14 26 -16 -17 -18 24 25 20 21 22 -24 -25 -26 -27 27 -29 -30 -31
leaf_value=-4251.8006533668158 18452.834377325151 -4090.208829012784 -6996.7884775070916 -359.81437000947841 367.85767194132819 -1433.8731135364549 3403.7514330314866 8821.6847493489586 3166.6779134114586 3383.7658894074266 4472.2026843261719 324.9687692742599 -1242.6161085862379 460.98789818173367 3373.753212890625 6498.1618432617188 1482.7757071358819 -675.54671315900748 981.61905634953428 1946.6248191139916 1589.9604310731631 2080.6583662109379 5378.8539160156251 -561.68999601091662 249.15631228033104 -1831.6514221191408 -3774.8229644373846 -1456.2735753406178 337.87370475174544 803.97368549770783
leaf_weight=21 21 22 21 34 369 251 33 21 24 39 20 171 26 21 30 20 28 310 26 55 74 25 20 224 159 20 38 528 77 72
leaf_count=21 21 22 21 34 369 251 33 21 24 39 20 171 26 21 30 20 28 310 26 55 74 25 20 224 159 20 38 528 77 72
internal_value=-9.04892 -148.559 1116.54 1281.16 823.079 -923.922 3457.06 5510.73 2576.92 952.842 1447.9 -538.076 833.439 -1631.52 1237.67 4680.99 2728.37 -694.411 1075.44 1249.02 1634.79 2329.84 3546.52 -1022.57 -362.055 -241.542 -1537.78 -1611.94 1008.19 261.001
internal_weight=2800 2779 1056 1035 855 1723 180 54 126 833 82 1115 794 608 425 44 48 944 395 349 251 119 45 475 469 46 587 566 132 98
internal_count=2800 2779 1056 1035 855 1723 180 54 126 833 82 1115 794 608 425 44 48 944 395 349 251 119 45 475 469 46 587 566 132 98
is_linear=0
shrinkage=0.05


Tree=89
num_leaves=31
num_cat=0
split_feature=80 14 38 14 14 26 109 29 15 34 7 5 10 1 52 11 52 14 0 17 41 14 23 8 97 11 16 24 16 103
split_gain=2.60344e+12 9.85154e+11 5.9021e+11 2.94256e+11 2.20698e+11 1.65433e+11 1.32957e+11 1.84515e+11 1.40065e+11 1.06189e+11 7.3697e+10 6.5733e+10 8.49507e+10 5.25595e+10 5.16288e+10 5.03447e+10 4.8852e+10 4.68477e+10 3.95363e+10 4.25925e+10 3.66193e+10 3.6275e+10 3.28198e+10 3.14994e+10 3.67165e+10 3.07677e+10 5.32383e+10 3.78617e+10 3.11852e+10 3.02582e+10
threshold=14859592.285000002 4708714.8550000014 359.00000000000006 8381096.5600000015 2770767.0000000005 58.500000000000007 380.00000000000006 17.500000000000004 20880.534304865578 118.50000000000001 2918.3923385344665 4.2200408687134807 13493.205000000002 229.50000000000003 32829.419503296514 768312.44500000018 27482.525003999595 9581969.9700000007 234.50000000000003 7059132.1781536629 51.500000000000007 3490956.9000000004 77.500000000000014 3040.2938234376384 4982509.050657535 200751.70000000004 25938.863333009118 17.500000000000004 19325.604556576738 324404.2199999998
decision_type=2 2 2 2 2 2 2 2 2 2 2 2 2 2 2 2 2 2 2 2 2 2 2 2 2 2 2 2 2 2
left_child=1 4 3 5 11 9 8 -8 -5 14 -6 12 -1 15 18 21 20 -18 -3 23 -10 29 -23 -20 -25 26 27 28 -13 -12
right_child=-2 2 -4 6 10 -7 7 -9 16 -11 13 25 -14 -15 -16 -17 17 -19 19 -21 -22 22 -24 24 -26 -27 -28 -29 -30 -31
leaf_value=-5268.6676874069944 17530.192700195312 249.04380696852354 -7237.9119323730474 -1259.2682356400924 2104.5695256233216 -3389.6700404575895 3038.7934502096741 8999.7771251860122 946.74078747979536 4314.617017089844 -1002.4365256324181 -4034.2486768450058 -1812.6557307013152 -2132.468897736378 2778.4686934621714 1601.4862927246095 2805.5447015935729 6107.1671723865329 3090.0056194802992 -526.21778507777628 3530.910049203726 860.20584186372309 -229.11810952891474 552.9549344191314 1589.2954432122719 -777.96123823642733 -648.9559300615897 -1436.4177144774369 -2028.7810253324963 -94.880384826660162
leaf_weight=21 21 176 20 22 32 21 34 21 29 25 260 28 116 39 38 35 22 21 23 35 26 84 391 141 217 320 153 224 63 142
leaf_count=21 21 176 20 22 32 21 34 21 29 25 260 28 116 39 38 35 22 21 23 35 26 84 391 141 217 320 153 224 63 142
internal_value=-8.59648 -141.131 1252.21 1451.74 -777.191 978.687 3279.1 5314.81 2346.06 1118.74 -255.547 -1331.54 -2342.41 -334.962 991.92 -258.095 3155.42 4417.96 877.243 1143.02 2168.35 -332.308 -36.4798 1296.36 1181.13 -1155.8 -1414.15 -1785.81 -2645.85 -681.857
internal_weight=2800 2779 871 851 1908 676 175 55 120 655 983 925 137 951 630 912 98 43 592 416 55 877 475 381 358 788 468 315 91 402
internal_count=2800 2779 871 851 1908 676 175 55 120 655 983 925 137 951 630 912 98 43 592 416 55 877 475 381 358 788 468 315 91 402
is_linear=0
shrinkage=0.05


Tree=90
num_leaves=31
num_cat=0
split_feature=14 14 40 14 40 17 7 52 34 13 17 7 33 34 5 18 14 14 15 22 23 86 14 76 101 102 26 104 79 81
split_gain=1.28658e+12 5.77103e+11 4.12009e+11 3.50763e+11 2.71088e+11 1.43817e+11 1.56701e+11 7.97257e+10 6.81031e+10 6.74706e+10 7.59171e+10 6.0601e+10 1.28201e+11 4.4094e+10 4.27316e+10 4.05892e+10 3.98148e+10 3.83017e+10 3.68825e+10 3.51946e+10 3.39373e+10 3.04193e+10 3.03854e+10 2.80525e+10 2.62851e+10 3.29357e+10 3.21622e+10 2.50638e+10 2.43144e+10 2.10843e+10
threshold=6113789.2800000012 13161770.050000003 52.500000000000007 3049583.4950000006 43.500000000000007 6368300.6096897433 2918.3923385344665 30879.488106639252 8.5000000000000018 142.83614863769768 4778111.1997032324 4499.4146645021656 197.50000000000003 104.50000000000001 4.298656204906206 11242.780261385269 3881553.7100000004 4795217.7250000006 29320.777060787481 64.500000000000014 88.500000000000014 4171696.4341061614 1722881.0300000003 2152881.5900000003 4572429.9784310432 2770218.4790305174 50.500000000000007 213230.64500000016 3185196.9900000007 3095970.5635714289
decision_type=2 2 2 2 2 2 2 2 2 2 2 2 2 2 2 2 2 2 2 2 2 2 2 2 2 2 2 2 2 2
left_child=3 2 4 8 7 6 -5 11 -1 10 16 -2 13 21 22 -16 20 23 19 -18 -8 24 28 -11 -13 26 -26 -17 -10 -25
right_child=1 -3 -4 5 -6 -7 9 -9 14 17 -12 12 -14 -15 15 27 18 -19 -20 -21 -22 -23 -24 29 25 -27 -28 -29 -30 -31
leaf_value=-3501.0626407623295 -516.1914817810059 9194.374501255581 -4874.1586292613638 3793.8772088187088 6359.586708984375 -3981.9268920898439 -512.649726816613 3997.2330922719593 -2039.9326203801083 -1508.8363547585229 -3336.8927182006842 117.77510916573661 4499.5875658537216 3397.4932169987605 1183.2802577427456 -1252.2870615761663 -813.76271136711387 1280.2780825966283 1134.6365105946859 275.09983897533232 -2604.1032424200148 -539.27785089666202 -1321.3949802113229 1476.1644565158422 1543.5828146003275 41.848417460123699 3271.483568096161 -658.05532592102725 -4033.5387963867188 187.13083256639345
leaf_weight=32 32 28 22 28 35 22 254 37 65 22 20 35 38 26 21 507 116 114 72 206 21 22 147 36 170 30 32 273 20 267
leaf_count=32 32 28 22 28 35 22 254 37 65 22 20 35 38 26 21 507 116 114 72 206 21 22 147 36 170 30 32 273 20 267
internal_value=-57.5745 2217.17 1809.32 -571.75 2131.06 22.7676 98.9815 1780.35 -1229.35 7.2642 -301.407 1567.3 1756.17 1425.22 -1158.98 -985.905 -210.66 491.716 111.594 -117.161 -672.361 1247.79 -1756.51 215.112 1395.03 1587.72 1817.31 -1044.31 -2509.02 340.283
internal_weight=2750 507 479 2243 457 1178 1156 422 1065 1128 689 385 353 315 1033 801 669 439 394 322 275 289 232 325 267 232 202 780 85 303
internal_count=2750 507 479 2243 457 1178 1156 422 1065 1128 689 385 353 315 1033 801 669 439 394 322 275 289 232 325 267 232 202 780 85 303
is_linear=0
shrinkage=0.05


Tree=91
num_leaves=31
num_cat=0
split_feature=14 42 27 14 39 17 7 14 10 23 33 42 32 13 17 52 5 19 14 17 14 23 125 10 88 101 103 23 104 76
split_gain=1.16114e+12 5.36933e+11 5.00869e+11 3.16564e+11 2.60283e+11 1.29794e+11 1.41422e+11 9.57522e+10 9.02582e+10 7.56067e+10 8.70159e+10 6.49679e+10 6.29298e+10 6.08923e+10 6.85152e+10 4.29212e+10 4.23752e+10 4.1719e+10 3.65043e+10 4.54687e+10 3.45673e+10 3.44358e+10 3.33162e+10 3.27734e+10 2.83285e+10 3.1764e+10 2.79497e+10 3.38228e+10 2.7004e+10 2.53174e+10
threshold=6113789.2800000012 189.50000000000003 179.50000000000003 3049583.4950000006 90.500000000000014 6368300.6096897433 2918.3923385344665 9015487.0200000014 18039.410000000003 258.50000000000006 183.50000000000003 120.50000000000001 7.5000000000000009 142.83614863769768 4778111.1997032324 31527.156630236797 4.298656204906206 14574.40058165472 3779268.1400000006 2986708.9858339862 4795217.7250000006 254.50000000000003 195.89285714285717 12649.840000000002 15855700.335000003 4604331.8171540145 1575603.1250000007 204.50000000000003 175149.30500000008 2152881.5900000003
decision_type=2 2 2 2 2 2 2 2 2 2 2 2 2 2 2 2 2 2 2 2 2 2 2 2 2 2 2 2 2 2
left_child=3 2 4 12 7 6 -5 9 21 10 15 -10 -1 14 18 24 23 -18 19 -8 29 -9 -20 -14 25 -2 27 -27 -19 -15
right_child=1 -3 -4 5 -6 -7 13 8 11 -11 -12 -13 16 20 -16 -17 17 28 22 -21 -22 -23 -24 -25 -26 26 -28 -29 -30 -31
leaf_value=-3646.8430629882819 200.21281046549481 10135.5749609375 -5776.9753824869795 3604.1833007812502 7556.607432338169 -3782.8304709694603 -452.40682019703945 2833.3567750549319 2760.3448955535891 -1529.7587609863283 4673.6048952969641 5946.4455711364753 -3631.2856748962404 -1433.3945734197443 -3170.0480133056644 3442.5815658569336 834.5427360534668 -1234.2908054147729 388.19110721691504 -2665.0585390531105 1216.2641983617816 -65.603659202938999 -553.16835856846399 -1516.4516801532257 -332.70898813100962 1697.0107310637266 2783.7701152454724 -217.50357894897462 -620.59592961324779 323.26917994030237
leaf_weight=25 45 20 21 28 21 22 217 20 32 20 22 32 20 22 20 24 32 486 286 26 114 21 140 218 26 131 44 28 284 303
leaf_count=25 45 20 21 28 21 22 217 20 32 20 22 32 20 22 20 24 32 486 286 26 114 21 140 218 26 131 44 28 284 303
internal_value=-54.6958 2106.31 1776.57 -543.162 2116.96 21.6292 94.0324 1860.26 3180.06 1452.67 1639.08 4353.4 -1167.88 6.901 -286.336 1415.05 -1108.29 -934.425 -200.127 -689.151 467.13 1348.52 78.8241 -1694.17 1237.46 1402.07 1668.49 1359.86 -1007.94 204.357
internal_weight=2750 507 487 2243 466 1178 1156 445 105 340 320 64 1065 1128 689 298 1040 802 669 243 439 41 426 238 274 248 203 159 770 325
internal_count=2750 507 487 2243 466 1178 1156 445 105 340 320 64 1065 1128 689 298 1040 802 669 243 439 41 426 238 274 248 203 159 770 325
is_linear=0
shrinkage=0.05


Tree=92
num_leaves=31
num_cat=0
split_feature=14 14 38 14 45 5 8 39 7 14 14 12 52 45 10 22 47 113 26 45 11 34 52 24 8 88 51 52 23 105
split_gain=1.04793e+12 5.09606e+11 3.30194e+11 2.88332e+11 1.46817e+11 1.65043e+11 1.16834e+11 8.34207e+10 7.19162e+10 6.94904e+10 6.89974e+10 5.04667e+10 4.51787e+10 4.63436e+10 4.12141e+10 6.18667e+10 3.95466e+10 8.92005e+10 4.16016e+10 4.76895e+10 5.45067e+10 3.56854e+10 2.8698e+10 3.3123e+10 2.84635e+10 2.58224e+10 2.79614e+10 2.52052e+10 2.45731e+10 2.44878e+10
threshold=6113789.2800000012 13161770.050000003 333.50000000000006 3331613.9700000007 95.500000000000014 4.4794379615536402 1963.4539981501091 68.500000000000014 2918.3923385344665 9833263.2000000011 1647926.6350000002 517.20767344497619 31527.156630236797 45.500000000000007 15918.845000000001 15.500000000000002 0.28614982578397213 166.50000000000003 29.500000000000004 69.500000000000014 869743.45500000019 104.50000000000001 31997.400856717071 26.500000000000004 2614.6816242883256 15301537.180000002 27518.977513112117 29324.049806672654 77.500000000000014 722839.02500000002
decision_type=2 2 2 2 2 2 2 2 2 2 2 2 2 2 2 2 2 2 2 2 2 2 2 2 2 2 2 2 2 2
left_child=3 2 4 10 7 -6 -5 9 -8 12 14 22 13 -2 15 -1 17 -10 28 20 29 25 23 -12 -13 26 -15 -26 -18 -20
right_child=1 -3 -4 6 5 -7 8 -9 16 -11 11 24 -14 21 -16 -17 18 -19 19 -21 -22 -23 -24 -25 27 -27 -28 -29 -30 -31
leaf_value=-4054.4804009688532 -566.45893381053008 8557.498146275113 -4671.217490234375 -3668.9414880371096 1486.4996936666555 6734.146871849799 2954.2744904891306 -1522.3100830078126 512.99178982438718 3907.3913326379029 -2023.0571742573725 1366.485789905895 3469.3581660517943 1153.7990268127264 -1142.1771414065254 -1670.9341384887696 561.58648381029445 -3827.4875494384769 220.35591340906481 -1766.5606958007811 2745.3745816138485 3260.9653645833332 -510.60900090535483 -1047.791224285176 -617.43488918998037 -329.72250046502978 2340.1430257306779 831.85329367897725 -256.92181309461597 1132.7362784742272
leaf_weight=38 29 28 20 20 29 31 23 21 29 33 122 22 27 171 151 96 117 20 204 20 31 27 144 304 330 21 70 33 424 115
leaf_count=38 29 28 20 20 29 31 23 21 29 33 122 22 27 171 151 96 117 20 204 20 31 27 144 304 330 21 70 33 424 115
internal_value=-51.961 2001 1617.73 -516.004 1891.76 4197.78 114.317 1544.99 191.291 1715.4 -1025.85 -822.104 1505.73 1339.01 -1708.59 -2346.87 125.094 -1258.63 199.521 608.088 743.783 1530.21 -1120.82 -1327.09 -379.843 1351.85 1498.38 -485.681 -79.9062 549.27
internal_weight=2750 507 479 2243 459 60 1003 399 983 378 1240 955 345 318 285 134 960 49 911 370 350 289 570 426 385 262 241 363 541 319
internal_count=2750 507 479 2243 459 60 1003 399 983 378 1240 955 345 318 285 134 960 49 911 370 350 289 570 426 385 262 241 363 541 319
is_linear=0
shrinkage=0.05


Tree=93
num_leaves=31
num_cat=0
split_feature=14 42 27 14 39 17 7 14 10 23 104 34 42 42 41 78 11 17 52 19 45 104 48 14 23 11 20 9 5 23
split_gain=9.45754e+11 4.8495e+11 4.64715e+11 2.60219e+11 2.29527e+11 1.19703e+11 1.33215e+11 7.81896e+10 7.7821e+10 6.84862e+10 6.38745e+10 6.27361e+10 5.55253e+10 5.40454e+10 5.30143e+10 4.83306e+10 4.4733e+10 8.07576e+10 3.67124e+10 3.6519e+10 3.30658e+10 3.12624e+10 2.72237e+10 2.57418e+10 3.30165e+10 2.38818e+10 2.33172e+10 2.27063e+10 2.18678e+10 2.07926e+10
threshold=6113789.2800000012 189.50000000000003 179.50000000000003 3331613.9700000007 90.500000000000014 6368300.6096897433 2918.3923385344665 9015487.0200000014 18039.410000000003 258.50000000000006 290364.20999999979 99.500000000000014 120.50000000000001 7.5000000000000009 53.500000000000007 1517135.0350000001 42804.200000000004 4812179.2751003904 31527.156630236797 14574.40058165472 45.500000000000007 801399.97500000009 0.05717554756456359 1647926.6350000002 38.500000000000007 880144.17000000004 4.5000000000000009 684.21500000000015 4.4630844706452404 203.50000000000003
decision_type=2 2 2 2 2 2 2 2 2 2 2 2 2 2 2 2 2 2 2 2 2 2 2 2 2 2 2 2 2 2
left_child=3 2 4 10 7 6 -5 9 14 11 13 18 -10 -1 -9 -8 17 21 20 -15 -2 26 25 24 -21 -18 -17 -26 -23 -22
right_child=1 -3 -4 5 -6 -7 15 8 12 -11 -12 -13 -14 19 -16 16 22 -19 -20 23 29 28 -24 -25 27 -27 -28 -29 -30 -31
leaf_value=-3663.5674227627842 -538.13599985056908 9531.6392578124996 -5688.2552891322548 4129.8789632161461 7023.6102248418902 -3538.8971457741482 -1871.0451436360677 2920.9630510239376 2483.7897641181949 -1532.4448950195313 -444.77462137662451 3390.6413069072523 5429.2663005828863 404.8413262261285 -675.98191894531249 -729.10142659958774 832.10666351318366 -3144.9118788946244 3096.9846160888674 -1357.3634658813478 1515.3751547228208 -260.67658321496214 143.63535146888782 -1051.1070149572965 -1889.2358269585504 2661.0109838867193 92.423321374257412 -4081.3965262276784 837.21057202569375 385.71508089461418
leaf_weight=22 29 20 21 21 21 22 30 21 32 20 390 38 32 36 20 157 166 21 24 164 176 66 163 580 27 20 192 21 145 53
leaf_count=22 29 20 21 21 21 22 30 21 32 20 390 38 32 36 20 157 166 21 24 164 176 66 163 580 27 20 192 21 145 53
internal_value=-49.3629 1900.95 1587.57 -490.204 1915.45 108.601 190.4 1674.39 2867.03 1306.08 -974.56 1483.48 3956.53 -1217.64 1166.36 104.224 167.943 -100.819 1226.49 -1152.65 1052.49 13.3343 615.365 -1223.44 -1694.94 1028.76 -277.145 -2848.31 493.796 1253.93
internal_weight=2750 507 487 2243 466 1003 981 445 105 340 1240 320 64 850 41 960 930 581 282 828 258 560 349 792 212 186 349 48 211 229
internal_count=2750 507 487 2243 466 1003 981 445 105 340 1240 320 64 850 41 960 930 581 282 828 258 560 349 792 212 186 349 48 211 229
is_linear=0
shrinkage=0.05


Tree=94
num_leaves=31
num_cat=0
split_feature=14 14 40 14 40 106 58 7 42 7 107 13 34 52 48 11 11 51 22 5 8 66 22 6 51 22 20 48 22 109
split_gain=8.54417e+11 4.52631e+11 3.64438e+11 2.3316e+11 2.13692e+11 8.3227e+10 1.15297e+11 6.89951e+10 9.14005e+10 6.74799e+10 6.02093e+10 5.50857e+10 5.27743e+10 4.6793e+10 4.0569e+10 4.02037e+10 3.37528e+10 5.20977e+10 3.97178e+10 3.28602e+10 3.19378e+10 3.12108e+10 3.73107e+10 4.25614e+10 3.96676e+10 2.83955e+10 2.68404e+10 3.66544e+10 2.6165e+10 2.55203e+10
threshold=6044394.3050000006 13161770.050000003 52.500000000000007 3049583.4950000006 43.500000000000007 -2467268.7349999999 210.50000000000003 4499.4146645021656 122.50000000000001 2711.0823474994963 366.50000000000006 138.1727658869552 8.5000000000000018 31527.156630236797 0.064396548784230831 880144.17000000004 39525.000000000007 29552.873818181823 45.500000000000007 4.4554563492063499 2614.6816242883256 -0.86092912513210462 80.500000000000014 2.2635624621143076 25884.001538856308 33.500000000000007 7.5000000000000009 0.074522178146411835 119.50000000000001 355.50000000000006
decision_type=2 2 2 2 2 2 2 2 2 2 2 2 2 2 2 2 2 2 2 2 2 2 2 2 2 2 2 2 2 2
left_child=3 2 4 12 7 6 25 -2 13 -7 11 19 -1 21 15 -13 17 18 -14 -11 -18 22 23 -9 -24 -5 -23 -28 -21 -10
right_child=1 -3 -4 5 -6 9 -8 8 29 10 -12 14 16 -15 -16 -17 20 -19 -20 28 -22 26 24 -25 -26 -27 27 -29 -30 -31
leaf_value=-3005.4033603668213 -737.73580896714157 7969.1952322823672 -4856.3972301136364 -1447.9886618652345 5486.3809614780976 2949.7229538690481 -3787.5373126405657 -2233.2693475341798 2627.2601795014884 -621.15227929888101 -2337.1651181640623 727.64595528536074 -2100.7936861143007 3207.7157437232236 -169.22548770746911 2722.4349478585382 1229.5942049893465 -623.08104931693936 -1007.8352041207108 14.362273182443923 -721.79341060459217 779.68189004026817 127.98407759232956 591.66789031982432 3204.6926879882812 721.72857184159136 1595.0194141575548 3904.3284960937499 1575.7105610814588 5122.8888029479986
leaf_weight=32 34 28 22 25 35 21 33 20 21 232 25 258 182 31 121 28 22 229 153 359 447 81 22 40 20 38 122 20 29 20
leaf_count=32 34 28 22 25 35 21 33 20 21 232 25 258 182 31 121 28 22 229 153 359 447 81 22 40 20 38 122 20 29 20
internal_value=-46.8948 1786.92 1432.2 -470.462 1729.09 17.0925 -1393.36 1423.97 1609.1 143.284 87.2621 146.279 -1005.63 1351.64 598.242 922.94 -943.678 -1204.31 -1601.62 -150.412 -630.257 1174.6 450.106 -349.978 1593.08 -139.27 1505.98 1920.27 131.061 3844.64
internal_weight=2750 516 488 2234 466 1169 96 431 397 1073 1052 1027 1065 356 407 286 1033 564 335 620 469 325 102 60 42 63 223 142 388 41
internal_count=2750 516 488 2234 466 1169 96 431 397 1073 1052 1027 1065 356 407 286 1033 564 335 620 469 325 102 60 42 63 223 142 388 41
is_linear=0
shrinkage=0.05


Tree=95
num_leaves=31
num_cat=0
split_feature=25 14 40 40 5 10 14 23 9 17 34 23 14 14 27 78 17 52 5 51 4 17 76 54 11 13 22 105 13 5
split_gain=2.07438e+12 5.11563e+11 4.98827e+11 2.45574e+11 2.83649e+11 1.54296e+11 1.31058e+11 6.44181e+10 8.74189e+10 6.05588e+10 9.85166e+10 5.91344e+10 5.55395e+10 4.98787e+10 4.44921e+10 4.37572e+10 5.27531e+10 3.43426e+10 3.41804e+10 3.33465e+10 3.27599e+10 3.16475e+10 2.94667e+10 2.94553e+10 2.77749e+10 2.52808e+10 2.44315e+10 2.25246e+10 2.1969e+10 1.85578e+10
threshold=24.500000000000004 4864356.2500000009 53.500000000000007 43.500000000000007 4.5190033402545824 12803.975 2148164.1150000007 144.50000000000003 633.69500000000005 8627148.6160498969 113.50000000000001 15.500000000000002 3472564.8000000003 6762199.1250000009 29.500000000000004 2001304.5100000002 4634750.1467996081 23757.910810749778 4.6277575020275767 23803.318309605635 545.50000000000011 5328222.5304739391 3316201.7200000002 2017.5000000000002 57400.950000000004 802.10348792917773 110.50000000000001 -27672.509999999773 2315.0506219413614 4.7265131693703131
decision_type=2 2 2 2 2 2 2 2 2 2 2 2 2 2 2 2 2 2 2 2 2 2 2 2 2 2 2 2 2 2
left_child=1 6 3 5 -5 -3 11 12 -9 10 13 -1 14 19 25 -14 22 -15 26 -7 28 23 -17 -21 -19 27 -13 -8 -16 -22
right_child=-2 2 -4 4 -6 9 7 8 -10 -11 -12 18 15 17 20 16 -18 24 -20 21 29 -23 -24 -25 -26 -27 -28 -29 -30 -31
leaf_value=-3782.0701071999292 15250.769794256037 -3378.5350112915039 -5198.2100587844852 1135.5863952636719 9198.0175292968761 1408.2084340246101 -833.42019382276033 -265.68081336388224 -4662.6143157958986 -1159.8073524212016 4132.5374810112844 -1481.7166397193741 -1637.5472412109375 -17.608391702586207 -2145.2623473307294 623.13832569009458 2148.7857754794036 1611.7602518404447 -493.52584368814564 207.62007356764954 -786.75675441834244 -1306.2338657226564 -187.08228371000575 1411.1193755255806 3381.9510012207029 360.56110445565554 233.85669625022197 51.697234609050135 -348.38262273615055 761.25560825892853
leaf_weight=22 22 20 32 24 20 114 171 26 20 29 27 366 34 29 75 169 33 195 149 173 248 25 334 72 25 137 22 124 22 21
leaf_count=22 22 20 32 24 20 114 171 26 20 29 27 366 34 29 75 169 33 195 149 173 248 25 334 72 25 137 22 124 22 21
internal_value=-41.6942 -163.679 915.892 1175.72 4800.33 950.781 -593.209 -336.986 -2177.39 1076.45 1174.71 -1241.33 -275.101 1048.55 -544.356 101.857 212.192 1599.72 -1137.24 691.143 -949.968 388.382 85.139 561.302 1812.92 -200.712 -1384.44 -461.371 -1737.72 -665.908
internal_weight=2780 2758 785 753 44 709 1973 1414 46 689 660 559 1368 633 798 570 536 249 537 384 366 270 503 245 220 432 388 295 97 269
internal_count=2780 2758 785 753 44 709 1973 1414 46 689 660 559 1368 633 798 570 536 249 537 384 366 270 503 245 220 432 388 295 97 269
is_linear=0
shrinkage=0.05


Tree=96
num_leaves=31
num_cat=0
split_feature=3 4 8 44 17 35 17 56 51 33 4 16 27 16 20 44 6 47 106 4 93 79 103 41 45 102 95 50 18 109
split_gain=1.73468e+12 4.15478e+11 3.54885e+11 3.10531e+11 2.71405e+11 1.55356e+11 9.15583e+10 9.42692e+10 1.39605e+11 9.61775e+10 8.3127e+10 8.10363e+10 5.71886e+10 5.19516e+10 4.00907e+10 3.92962e+10 3.82565e+10 3.3074e+10 7.15821e+10 3.27591e+10 2.95691e+10 2.72191e+10 2.58443e+10 2.49785e+10 2.6459e+10 2.49782e+10 2.4895e+10 2.35577e+10 2.38341e+10 2.28839e+10
threshold=235.50000000000003 820.50000000000011 1878.6343625231832 67.500000000000014 4881163.2932597995 60.500000000000007 5572286.3004647465 29.500000000000004 24840.062643398272 209.50000000000003 340.50000000000006 27336.502743769477 131.50000000000003 26232.61224025748 10.500000000000002 2.5000000000000004 2.3082076653638648 0.29200310057489831 -817604.43499999994 545.50000000000011 3242965.3633035724 2667394.9250000003 1106271.9900000005 30.500000000000004 63.500000000000007 2732108.8312952551 2188403.2500000005 1.0621293469488018 19615.364285605658 229.50000000000003
decision_type=2 2 2 2 2 2 2 2 2 2 2 2 2 2 2 2 2 2 2 2 2 2 2 2 2 2 2 2 2 2
left_child=1 10 4 5 -3 6 14 9 -9 12 13 17 16 15 21 -1 23 18 -12 26 -21 -4 27 -8 -25 -22 -19 -23 -29 -30
right_child=-2 2 3 -5 -6 -7 7 8 -10 -11 11 -13 -14 -15 -16 -17 -18 19 -20 20 25 22 -24 24 -26 -27 -28 28 29 -31
leaf_value=-3757.6040196736658 13944.777749911222 -304.27683105468753 1007.6735477910978 -5421.1263415527346 -8118.7596826171884 4931.8636538298233 -241.98773826316551 -3729.086089797247 1800.84300390625 4024.1767653245197 -4185.1828414535521 672.43615589141848 -905.52319824218762 -614.1110666409345 1446.3137983972886 -1606.4947972297668 2402.3604585988901 -775.2914885019519 -758.24045629501347 448.45646468828312 -685.11169909556929 -1368.3318650309247 1039.2114000690517 2269.5077613830567 893.83691192955109 92.705057318894191 -2247.7278708181075 -144.83068663761534 1408.2794551380894 -109.58288740678267
leaf_weight=24 22 25 107 20 20 23 27 21 25 39 20 136 25 142 85 184 95 388 64 106 371 30 67 56 93 143 31 290 57 44
leaf_count=24 22 25 107 20 20 23 27 21 25 39 20 136 25 142 85 184 95 388 64 106 371 30 67 56 93 143 31 290 57 44
internal_value=-39.6095 -151.16 575.054 752.463 -3777.38 866.367 778.237 1398.75 -723.69 1690.19 -669.756 -480.267 1382.67 -1351.38 430.565 -1854.7 1593.76 -619.864 -1574.18 -542.71 -311.908 285.458 127.104 1157.3 1410.87 -468.715 -884.231 -18.0536 85.5483 747.032
internal_weight=2780 2758 1149 1104 45 1084 1061 381 46 335 1609 1259 296 350 680 208 271 1123 84 1039 620 595 488 176 149 514 419 421 391 101
internal_count=2780 2758 1149 1104 45 1084 1061 381 46 335 1609 1259 296 350 680 208 271 1123 84 1039 620 595 488 176 149 514 419 421 391 101
is_linear=0
shrinkage=0.05


Tree=97
num_leaves=31
num_cat=0
split_feature=25 14 40 28 8 14 51 23 14 34 23 9 23 8 82 78 51 105 11 17 5 66 5 97 8 23 104 45 2 103
split_gain=1.79852e+12 4.12102e+11 4.64319e+11 2.22876e+11 1.35718e+11 1.07223e+11 7.56624e+10 6.94915e+10 8.76571e+10 7.00311e+10 6.91714e+10 7.22283e+10 6.14728e+10 6.0663e+10 4.45459e+10 8.54066e+10 3.68697e+10 3.29439e+10 3.68811e+10 3.21561e+10 2.99032e+10 2.84847e+10 2.73361e+10 3.31698e+10 2.65689e+10 2.38672e+10 2.54752e+10 2.36893e+10 2.77455e+10 2.16641e+10
threshold=24.500000000000004 4864356.2500000009 53.500000000000007 93.500000000000014 2694.5340643481777 3084159.6750000003 18833.925329536531 273.50000000000006 7252111.3050000006 108.50000000000001 144.50000000000003 633.69500000000005 15.500000000000002 2729.575091652524 1153105.8627855503 2072454.5100000002 30595.5568063926 224802.32999999975 39525.000000000007 4424933.408982194 4.8897569444444455 -0.62538740722492581 4.5827054891519863 5134522.842945206 2614.6816242883256 66.500000000000014 1031868.5900000001 62.500000000000007 208.50000000000003 147545.82000000009
decision_type=2 2 2 2 2 2 2 2 2 2 2 2 2 2 2 2 2 2 2 2 2 2 2 2 2 2 2 2 2 2
left_child=1 5 3 4 -3 12 -6 8 21 16 13 -12 -1 -7 19 -16 -10 18 20 25 29 -8 27 -24 -20 -15 -27 28 -23 -14
right_child=-2 2 -4 -5 6 10 7 -9 9 -11 11 -13 17 14 15 -17 -18 -19 24 -21 -22 22 23 -25 -26 26 -28 -29 -30 -31
leaf_value=-3475.0301236239352 14201.754629794035 -2803.829125595093 -5081.0873893737798 5291.3419315592455 3320.7442321777344 2583.1641124378552 150.82761503179023 -1582.0735441984955 1271.0296472107339 4616.0949055989586 -262.06902841421277 -4258.7647399902344 -1575.3454270924954 888.93356218729934 -3733.2818981352307 -367.59274547825692 3380.7721725463871 -263.11595963619214 1140.5644368489584 1571.4272038640204 516.78255024785585 -67.33857272221492 745.75855910891585 2770.7687146309095 -686.38802570644179 -313.59711274110248 505.83567810058594 -752.78041630497682 1372.0458655824052 -840.22209899393715
leaf_weight=22 22 24 32 30 34 22 188 27 151 21 26 20 302 73 21 184 24 223 21 37 23 52 42 39 380 337 132 27 94 150
leaf_count=22 22 24 32 30 34 22 188 27 151 21 26 20 302 73 21 184 24 223 21 37 23 52 42 39 380 337 132 27 94 150
internal_value=-37.629 -151.214 817.743 1068.42 893.198 -536.733 1020.14 902.51 1007.66 1887.77 -113.935 -1999.76 -858.076 -6.30687 -78.9706 -712.371 1560.37 -805.689 -943.81 145.29 -1241.9 617.383 962.707 1720.76 -590.712 47.934 -82.9678 607.778 859.388 -1331.39
internal_weight=2780 2758 785 753 723 1973 699 665 638 196 852 46 1121 806 784 205 175 1099 876 579 475 442 254 81 401 542 469 173 146 452
internal_count=2780 2758 785 753 723 1973 699 665 638 196 852 46 1121 806 784 205 175 1099 876 579 475 442 254 81 401 542 469 173 146 452
is_linear=0
shrinkage=0.05


Tree=98
num_leaves=31
num_cat=0
split_feature=25 4 40 40 5 7 18 28 4 15 5 17 0 23 15 102 18 47 4 41 7 30 15 27 86 85 89 101 9 13
split_gain=1.62317e+12 3.30099e+11 3.74148e+11 2.37351e+11 2.56922e+11 1.25838e+11 2.8221e+11 2.72591e+11 7.02718e+10 7.4878e+10 6.10035e+10 6.07222e+10 5.45239e+10 4.01847e+10 3.21188e+10 3.13594e+10 2.78347e+10 4.53011e+10 3.08598e+10 2.76811e+10 5.37304e+10 3.41409e+10 2.55682e+10 2.49629e+10 2.35649e+10 2.35297e+10 2.18492e+10 2.98919e+10 2.17066e+10 2.04164e+10
threshold=24.500000000000004 820.50000000000011 53.500000000000007 43.500000000000007 4.4882115176926503 4499.4146645021656 18796.123483409512 35.500000000000007 340.50000000000006 30403.293604100367 4.4841687552213871 5572286.3004647465 354.50000000000006 15.500000000000002 30540.718065594585 2702457.1779929535 26601.98880889027 0.29200310057489831 545.50000000000011 29.500000000000004 6083.7429465397072 6.5000000000000009 22061.514076747724 18.500000000000004 1118177.9961844247 8485957.0942857172 3747398.5694642863 5092364.1663420489 689.43000000000018 2701.6050039733232
decision_type=2 2 2 2 2 2 2 2 2 2 2 2 2 2 2 2 2 2 2 2 2 2 2 2 2 2 2 2 2 2
left_child=1 8 3 5 -5 6 10 -8 13 16 24 15 -12 -1 -15 -7 18 -18 23 -13 21 25 -23 -10 29 -21 -20 -28 -24 -3
right_child=-2 2 -4 4 -6 11 7 -9 9 -11 12 19 -14 14 -16 -17 17 -19 26 20 -22 22 28 -25 -26 -27 27 -29 -30 -31
leaf_value=-3301.2786393599076 13491.666910067472 829.09731724330368 -4827.0330230712889 -10.205344238281251 7592.9126904296882 267.12990882833594 -493.60669962565112 -8397.3227319335947 -267.09614448251654 586.20617984095713 543.07130572260644 177.46469518149775 3248.145246157439 -1445.3165351920172 -397.31456216985532 1208.9143921694549 -3499.9705648513068 -492.26317734256867 82.167302419371538 1954.2846680967959 3686.8249736644607 -1072.7047374906995 2067.4031661987306 -1099.2605287430677 -1558.4907985002567 262.43123118082684 -777.47891394340832 251.82609589074247 -133.78533724830262 -878.71756234305258
leaf_weight=22 22 35 32 20 25 382 24 20 129 158 98 41 23 218 110 115 21 31 236 143 27 21 24 299 39 24 292 93 21 35
leaf_count=22 22 35 32 20 25 382 24 20 129 158 98 41 23 218 110 115 21 31 236 143 27 21 24 299 39 24 292 93 21 35
internal_value=-35.7476 -143.653 503.658 656.372 4213.75 507.042 -417.455 -4086.2 -605.903 -431.681 284.393 824.476 1057.26 -1232.6 -1093.85 485.048 -577.753 -1706.91 -521.78 1384.93 1575.33 1330.65 367.9 -848.445 -573.558 1711.14 -296.639 -528.842 1040.18 -24.8101
internal_weight=2780 2758 1149 1117 45 1072 274 44 1609 1259 230 798 121 350 328 497 1101 52 1049 301 260 233 66 428 109 167 621 385 45 70
internal_count=2780 2758 1149 1117 45 1072 274 44 1609 1259 230 798 121 350 328 497 1101 52 1049 301 260 233 66 428 109 167 621 385 45 70
is_linear=0
shrinkage=0.05


Tree=99
num_leaves=31
num_cat=0
split_feature=3 14 1 8 17 14 53 32 14 17 9 14 89 122 9 62 5 34 55 26 17 58 5 12 122 80 89 92 101 48
split_gain=1.47108e+12 3.37747e+11 3.5945e+11 1.82954e+11 1.83868e+11 9.15507e+10 8.67017e+10 8.42634e+10 7.08926e+10 4.8345e+10 8.86182e+10 3.76764e+10 3.85406e+10 3.70626e+10 5.24772e+10 3.37945e+10 3.80285e+10 3.3347e+10 2.96281e+10 2.72065e+10 2.71818e+10 2.67902e+10 2.61192e+10 2.555e+10 2.47155e+10 2.31987e+10 2.29305e+10 2.1725e+10 2.4721e+10 2.08161e+10
threshold=235.50000000000003 4864356.2500000009 558.50000000000011 2455.5590281065133 10149478.950604098 2161679.6350000002 0.21951218460651975 138.50000000000003 7252111.3050000006 4985195.9123749891 583.61000000000013 3176845.2900000005 3747398.5694642863 48.477767246086522 755.11000000000013 -0.5 4.6198591549295784 7.5000000000000009 7.5000000000000009 43.500000000000007 4276665.5199947627 174.50000000000003 4.5891973125884027 3647.6342175812256 78.359667200655707 9134613.4750000015 8083946.5837500012 7792885.5000000009 5016461.4684030646 0.049205548549810851
decision_type=2 2 2 2 2 2 2 2 2 2 2 2 2 2 2 2 2 2 2 2 2 2 2 2 2 2 2 2 2 2
left_child=1 5 3 -3 6 17 7 8 15 11 -11 12 -7 20 -15 19 27 -1 21 -5 -13 24 -19 -14 25 26 29 -17 -29 -10
right_child=-2 2 -4 4 -6 9 -8 -9 18 10 -12 13 23 14 -16 16 -18 22 -20 -21 -22 -23 -24 -25 -26 -27 -28 28 -30 -31
leaf_value=-2768.8047326894907 12844.115437178179 -3805.7493286895756 -5876.6255322265633 310.94699850546351 5255.6283671874999 -179.56558205366804 3480.5320926789318 -1909.1430742536272 755.32737365722664 371.80541137695315 -4335.055427246094 94.185833034054539 -1149.3300503823609 -272.65484709092129 -2777.8918487548831 -64.003596221076123 2144.9462495363673 -1185.0840233066954 3050.7951541900638 -1312.2783864339194 1187.7230728149414 -278.93650599888394 -455.04827911623062 635.61972739479768 108.38005609926971 3327.7875415636149 625.6078418350221 681.95391628689242 2551.6880792791198 2658.5905941832298
leaf_weight=26 22 20 20 185 25 357 31 28 20 20 20 507 226 162 24 72 52 359 32 30 64 21 186 22 23 23 40 90 22 51
leaf_count=26 22 20 20 185 25 357 31 28 20 20 20 507 226 162 24 72 52 359 32 30 64 21 186 22 23 23 40 90 22 51
internal_value=-33.9602 -136.686 740.511 913.508 1040.2 -485.697 893.83 777.448 891.252 -268.337 -1981.63 -218.02 -512.182 17.0766 -595.911 537.913 951.025 -1019.39 1650.09 84.4504 216.754 1398.28 -935.934 -990.988 1622.62 1882.52 1583.05 613.613 1049.22 2122.46
internal_weight=2780 2758 785 765 745 1973 720 689 661 1402 40 1362 605 757 186 451 236 571 210 215 571 178 545 248 157 134 111 184 112 71
internal_count=2780 2758 785 765 745 1973 720 689 661 1402 40 1362 605 757 186 451 236 571 210 215 571 178 545 248 157 134 111 184 112 71
is_linear=0
shrinkage=0.05


Tree=100
num_leaves=31
num_cat=0
split_feature=21 23 38 23 8 104 4 113 33 52 45 105 47 77 105 97 52 26 44 45 23 120 8 80 5 91 9 80 98 10
split_gain=1.17864e+12 9.68706e+11 4.50171e+11 2.64358e+11 1.52834e+11 8.70511e+10 8.48033e+10 1.09074e+11 7.2665e+10 5.4686e+10 5.37427e+10 5.19477e+10 4.35746e+10 4.31396e+10 4.08636e+10 3.91414e+10 3.8379e+10 3.51426e+10 3.4289e+10 2.79965e+10 3.46194e+10 2.68914e+10 2.76468e+10 2.68076e+10 2.31915e+10 3.14947e+10 3.0267e+10 2.66749e+10 2.54423e+10 2.31118e+10
threshold=45.500000000000007 373.50000000000006 123.50000000000001 318.50000000000006 1963.4539981501091 1049233.3500000006 1669.0000000000002 561.50000000000011 209.50000000000003 25968.550285502959 4.5000000000000009 1912920.7350000006 0.3078253926004792 6192513.7950000009 -27672.509999999773 5235941.4934520554 25506.769243628278 35.500000000000007 14.500000000000002 54.500000000000007 162.50000000000003 128.50000000000003 2508.9527848596267 7130347.3050000006 4.5137298986880179 2385977.8900000006 579.34500000000014 6524426.040000001 2976930.3011015817 14627.075000000003
decision_type=2 2 2 2 2 2 2 2 2 2 2 2 2 2 2 2 2 2 2 2 2 2 2 2 2 2 2 2 2 2
left_child=1 2 5 4 -4 10 9 8 11 24 -1 13 18 -8 21 19 -13 -14 -7 20 -11 22 -12 -21 25 26 29 -27 -28 -6
right_child=-2 -3 3 -5 6 12 7 -9 -10 15 14 16 17 -15 -16 -17 -18 -19 -20 23 -22 -23 -24 -25 -26 27 28 -29 -30 -31
leaf_value=-3151.6165332031251 11270.410287873643 -10545.408540482955 -2825.541756766183 5746.160943603516 728.50045863560274 322.19751708984381 4094.7566028225806 -596.12252376780793 4459.794789907095 1690.6705501161775 -2497.9180707804362 -978.56918247767862 344.74482577583211 1236.7715236497961 -208.33954860970559 571.77322077987219 2044.3184442429317 1957.5944384765626 -2570.5783761160715 2092.4429417660363 4356.3388730003717 -513.19314356324605 -924.43907686489729 31.897217927155676 785.4729648537832 -191.12343608008493 571.91813955307009 -2033.9776847556786 2614.9881634521485 -1483.1463008174192
leaf_weight=20 23 22 28 28 21 20 31 34 37 29 30 21 217 23 579 101 21 40 21 38 21 583 402 27 146 72 64 27 20 27
leaf_count=20 23 22 28 28 21 20 31 34 37 29 30 21 217 23 579 101 21 40 21 38 21 583 402 27 146 72 64 27 20 27
internal_value=-1.2769 -95.5492 -11.2761 971.909 802.266 -430.878 935.922 1931.19 2577.27 655.637 -575.845 1851.71 354.279 2877.47 -543.527 1289.98 532.875 595.772 -1159.47 1920.75 2810.25 -734.733 -1033.71 1236.52 292.193 -19.5766 486.031 -693.72 1058.36 -515.551
internal_weight=2773 2750 2728 816 788 1912 760 167 133 593 1614 96 298 54 1594 216 42 257 41 115 50 1015 432 65 377 231 132 99 84 48
internal_count=2773 2750 2728 816 788 1912 760 167 133 593 1614 96 298 54 1594 216 42 257 41 115 50 1015 432 65 377 231 132 99 84 48
is_linear=0
shrinkage=0.05


Tree=101
num_leaves=31
num_cat=0
split_feature=21 28 38 34 113 15 105 42 16 4 21 22 47 17 51 98 105 12 90 91 86 116 105 103 45 20 34 45 6 45
split_gain=1.06373e+12 8.03472e+11 3.91648e+11 2.02538e+11 1.87784e+11 1.02292e+11 1.46031e+11 9.42578e+10 7.5663e+10 7.559e+10 7.34318e+10 4.84436e+10 4.16777e+10 3.63086e+10 3.5151e+10 3.45027e+10 3.22411e+10 3.73806e+10 2.99514e+10 2.83906e+10 2.58026e+10 2.46053e+10 2.32704e+10 3.08836e+10 2.29835e+10 2.21642e+10 2.12246e+10 2.04487e+10 2.56478e+10 2.09775e+10
threshold=45.500000000000007 116.50000000000001 123.50000000000001 145.50000000000003 564.50000000000011 18871.133482101508 2699690.6300000004 115.50000000000001 25057.669128868878 523.50000000000011 21.500000000000004 248.00000000000003 0.29200310057489831 2599879.8022843292 25943.146109629208 2246436.6452055429 785290.7150000002 3647.6342175812256 990635.6374011091 2385977.8900000006 688824.66567598737 84.500000000000014 874423.51500000001 -145523.75999999986 6.5000000000000009 7.5000000000000009 73.500000000000014 48.500000000000007 2.3147985213664435 54.500000000000007
decision_type=2 2 2 2 2 2 2 2 2 2 2 2 2 2 2 2 2 2 2 2 2 2 2 2 2 2 2 2 2 2
left_child=1 2 8 5 -5 6 10 14 9 24 11 20 -11 -10 19 -16 17 -14 -15 21 -4 25 23 -21 -1 -7 -27 -17 29 -29
right_child=-2 -3 3 4 -6 7 -8 -9 13 12 -12 -13 16 18 15 27 -18 -19 -20 22 -22 -23 -24 -25 -26 26 -28 28 -30 -31
leaf_value=-2630.087359884511 10706.889949898097 -10075.938056030274 -1451.6919369346217 7620.0571283249628 1009.883078141646 -78.453211398654517 -2933.4373591496396 3045.9870963777817 -264.99971748720139 -2256.310733371311 2525.6636061724494 2239.0740879603795 -515.24190091566061 2083.2865463783 3214.5024902343753 11.273859001608457 340.33483578094661 960.33991699218757 362.76632085279988 -653.57664285608246 49.519012556404903 2566.7376292835584 -894.72885920206704 1214.7204609818891 -1012.5472660001905 473.11120154339335 2700.2402148437504 1995.7664366404217 2171.8680811147219 428.34062335040119
leaf_weight=23 23 20 38 21 22 45 39 56 285 27 34 21 641 29 22 34 177 46 198 37 116 22 48 55 486 23 20 30 61 74
leaf_count=23 23 20 38 21 22 45 39 56 285 27 34 21 641 29 22 34 177 46 198 37 116 22 48 55 486 23 20 30 61 74
internal_value=-1.21305 -90.7717 -17.6203 897.975 4238.11 712.652 -124.722 1106.71 -409.334 -599.547 399.392 -13.7116 -321.858 110.778 876.138 1335.55 -261.406 -416.44 582.568 470.018 -320.91 1071.13 -2.28354 463.34 -1085.64 697.227 1508.99 1127.83 1357.9 880.483
internal_weight=2773 2750 2730 818 43 775 248 527 1912 1400 209 175 891 512 471 221 864 687 227 250 154 110 140 92 509 88 43 199 165 104
internal_count=2773 2750 2730 818 43 775 248 527 1912 1400 209 175 891 512 471 221 864 687 227 250 154 110 140 92 509 88 43 199 165 104
is_linear=0
shrinkage=0.05


Tree=102
num_leaves=31
num_cat=0
split_feature=75 23 14 10 41 86 14 52 24 102 21 38 14 5 16 103 106 5 80 4 32 0 94 25 12 77 75 3 122 29
split_gain=9.84016e+11 3.88276e+11 3.53725e+11 1.39849e+11 1.50957e+11 1.27036e+11 6.43907e+10 5.05672e+10 4.88338e+10 3.86396e+10 7.18171e+10 7.10521e+10 4.22857e+10 3.6538e+10 3.41619e+10 3.37779e+10 3.30775e+10 3.25562e+10 4.30073e+10 2.96412e+10 2.8997e+10 3.25228e+10 2.61511e+10 2.5719e+10 2.29421e+10 2.18553e+10 2.13302e+10 2.13254e+10 2.09677e+10 3.08588e+10
threshold=14662946.160000002 350.50000000000006 4864356.2500000009 12720.125000000002 60.500000000000007 1513693.1781383443 2161679.6350000002 30879.488106639252 235.00000000000003 2766871.7041365597 22.500000000000004 193.50000000000003 8629907.8350000028 4.1366749688667506 22538.807730878172 -63392.475000000086 425700.26499999996 4.5678489223686976 6256390.3850000007 1111.5000000000002 115.50000000000001 234.50000000000003 3341213.9535854361 4.5000000000000009 929.62017159076265 3515052.52 3641769.0800000005 155.50000000000003 39.073787898718585 6.5000000000000009
decision_type=2 2 2 2 2 2 2 2 2 2 2 2 2 2 2 2 2 2 2 2 2 2 2 2 2 2 2 2 2 2
left_child=1 2 6 -4 7 -6 13 9 15 10 12 -11 20 14 -1 28 -12 18 -17 25 21 -5 23 27 -25 -9 -19 -23 -8 -30
right_child=-2 -3 3 4 5 -7 8 19 -10 11 16 -13 -14 -15 -16 17 -18 26 -20 -21 -22 22 -24 24 -26 -27 -28 -29 29 -31
leaf_value=-3122.0856849670413 11049.405124511719 -6854.2289422898066 -2878.8973517100021 -334.62340738485153 6554.5519275483639 1685.5778076171875 -281.75168763665914 2542.9289154052735 2030.1840094248455 580.02073827890251 1029.7412076822918 -2809.6785777698865 1927.9112639782475 -697.97000080573901 -773.52803936958321 -198.69964107118804 3226.0558001708987 136.86607399728976 -2570.0024536132814 3671.6222290039063 -1454.6907031631472 674.12381896972659 -809.4955429687501 825.76753874778751 1979.2812825865667 518.60946492513028 1110.5831072416572 -1219.9042522927991 -1489.9454317953735 -362.28220892753313
leaf_weight=32 20 21 24 91 21 37 353 24 24 52 30 22 51 494 30 435 40 257 20 20 20 42 25 160 59 30 72 23 113 131
leaf_count=32 20 21 24 91 21 37 353 24 24 52 30 22 51 494 30 435 40 257 20 20 20 42 25 160 59 30 72 23 113 131
internal_value=-1.1524 -81.4325 -29.3722 877.976 998.679 3448.48 -386.111 792.454 -205.875 643.87 790.447 -427.728 568.36 -841.564 -1985.69 -244.735 2284.78 -28.9513 -302.933 2027.31 403.271 496.169 740.836 877.309 1136.53 1418.31 349.959 3.92927 -528.109 -884.52
internal_weight=2773 2753 2732 771 747 58 1961 689 1405 615 541 74 471 556 62 1381 70 784 455 74 420 400 309 284 219 54 329 65 597 244
internal_count=2773 2753 2732 771 747 58 1961 689 1405 615 541 74 471 556 62 1381 70 784 455 74 420 400 309 284 219 54 329 65 597 244
is_linear=0
shrinkage=0.05


Tree=103
num_leaves=31
num_cat=0
split_feature=21 23 14 23 104 17 14 108 42 42 78 45 13 5 13 101 23 23 14 14 14 17 5 8 104 41 51 110 2 101
split_gain=9.41292e+11 8.08012e+11 3.86498e+11 1.49797e+11 1.31639e+11 9.97978e+10 7.84734e+10 7.35829e+10 5.47494e+10 5.50944e+10 5.28085e+10 4.00259e+10 3.77354e+10 3.77057e+10 3.05847e+10 2.85277e+10 2.80444e+10 2.6877e+10 4.12612e+10 2.6497e+10 2.56536e+10 2.49804e+10 2.2469e+10 2.2357e+10 2.15078e+10 2.11554e+10 2.10204e+10 2.01438e+10 2.08507e+10 1.83591e+10
threshold=45.500000000000007 373.50000000000006 7252111.3050000006 318.50000000000006 1049233.3500000006 6300642.1013105428 3049583.4950000006 218.50000000000003 148.50000000000003 116.50000000000001 1482259.4600000002 4.5000000000000009 142.0955744876118 4.4861828298632442 1252.8626768177423 5146718.2988333935 65.500000000000014 51.500000000000007 2041795.9800000002 3605022.5400000005 3296286.4250000003 2133755.5907708504 4.561523672194185 3406.0912988341256 717163.72000000009 33.500000000000007 30196.515239571039 142.78571428571431 207.50000000000003 5163061.9065779466
decision_type=2 2 2 2 2 2 2 2 2 2 2 2 2 2 2 2 2 2 2 2 2 2 2 2 2 2 2 2 2 2
left_child=1 2 4 8 5 6 11 10 9 14 -6 -1 16 -11 26 24 20 18 -13 -18 -8 -20 -12 -21 -14 -24 -4 -25 -29 -19
right_child=-2 -3 3 -5 7 -7 12 -9 -10 13 22 17 15 -15 -16 -17 19 29 21 23 -22 -23 25 27 -26 -27 -28 28 -30 -31
leaf_value=-2879.6490576171877 10071.92411047894 -9629.1863591974434 650.229737750749 5209.6865556989396 -1583.2663087283863 -3920.0332690429686 -42.290908177693687 2629.8081298828129 -1088.3131963820686 1424.5156508789064 161.62002754915247 -677.70427428495543 36.192637047130397 3982.453403607537 2833.0452514648441 1659.2876624130622 -1036.5509835194732 -1014.1469008890789 -33.27022635012257 -1466.0555957425026 2124.8907878528944 1549.9350748697916 639.64356633260581 470.19234100080968 1248.5525310169569 2061.8881268408991 2388.8145690917968 -669.42743857106859 332.8670602260492 358.07281907888563
leaf_weight=20 23 22 133 28 34 20 36 37 21 25 271 412 217 34 23 41 118 390 147 31 22 30 167 117 44 31 20 155 78 26
leaf_count=20 23 22 133 28 34 20 36 37 21 25 271 412 217 34 23 41 118 390 147 31 22 30 167 117 44 31 20 155 78 26
internal_value=-1.09478 -85.3418 -8.37536 1737.5 -211.251 -406.674 -369.377 477.796 1357.73 1576.31 319.497 -664.788 -16.8799 2898.58 1133.05 433.182 -260.899 -620.711 -403.407 -381.855 779.744 235.07 457.437 -179.089 240.575 862.318 877.496 -65.1003 -333.895 -928.383
internal_weight=2773 2750 2728 284 2444 1904 1884 540 256 235 503 1025 859 59 176 302 557 1005 589 499 58 177 469 381 261 198 153 350 233 416
internal_count=2773 2750 2728 284 2444 1904 1884 540 256 235 503 1025 859 59 176 302 557 1005 589 499 58 177 469 381 261 198 153 350 233 416
is_linear=0
shrinkage=0.05


Tree=104
num_leaves=31
num_cat=0
split_feature=75 27 14 23 8 94 14 19 14 23 112 21 12 23 45 24 34 26 45 118 47 7 15 34 79 12 23 87 23 14
split_gain=8.89681e+11 3.41523e+11 2.93905e+11 1.2514e+11 1.12438e+11 6.24822e+10 5.27611e+10 5.4065e+10 4.78891e+10 4.36165e+10 4.00445e+10 3.78963e+10 3.74369e+10 6.14207e+10 3.39288e+10 4.36738e+10 3.73912e+10 3.73209e+10 3.36645e+10 3.21191e+10 2.83353e+10 3.99011e+10 2.52876e+10 3.49799e+10 2.49638e+10 2.48065e+10 2.53369e+10 2.25003e+10 2.07048e+10 2.44995e+10
threshold=14662946.160000002 179.50000000000003 4864356.2500000009 318.50000000000006 2455.5590281065133 1066892.9090810267 2346087.8300000005 14109.521438170121 7185340.040000001 207.50000000000003 267.50000000000006 22.500000000000004 3520.1007101449281 145.50000000000003 81.500000000000014 175.50000000000003 103.50000000000001 47.500000000000007 4.5000000000000009 293.50000000000006 0.25757885066857206 6990.7521179502737 30403.293604100367 51.500000000000007 11006738.980000002 698.54765775401086 46.500000000000007 3414241.0850000004 37.500000000000007 1510471.0750000004
decision_type=2 2 2 2 2 2 2 2 2 2 2 2 2 2 2 2 2 2 2 2 2 2 2 2 2 2 2 2 2 2
left_child=1 2 6 4 -4 -6 18 -8 9 11 14 24 13 19 17 16 -16 -10 -1 20 21 -9 23 25 -7 26 -22 -19 -20 -30
right_child=-2 -3 3 -5 5 8 7 12 10 -11 -12 -13 -14 -15 15 -17 -18 27 28 -21 22 -23 -24 -25 -26 -27 -28 -29 29 -31
leaf_value=-2735.6665454101567 10506.48197631836 -6144.6570482336965 -3008.1793322753911 4434.7321315599529 3300.7483276367188 463.74973325107413 2291.0070599642668 -3092.9992016601564 441.99149538675948 -1729.5419348675271 -504.46823541049298 2160.4539531707765 818.02555659650318 -2960.3112606956847 1807.8618818359378 410.59907958984377 4542.5001250000005 3252.4620823072351 -335.25480074096146 -2218.8108666992189 1048.5643543061758 -146.44506157769098 526.04901210415744 150.07826130537183 -1350.1035632324219 87.160874256822808 -729.33221966904603 1298.578857421875 -2125.3476108035529 -765.72111136980993
leaf_weight=20 20 23 20 23 24 368 22 20 96 23 29 32 83 21 25 20 25 23 285 20 21 27 124 373 20 153 438 41 37 317
leaf_count=20 20 23 20 23 24 368 22 20 96 23 29 32 83 21 25 20 25 23 285 20 21 27 124 373 20 153 438 41 37 317
internal_value=-1.04004 -77.3751 -26.2588 802.194 690.199 792.082 -351.134 -166.622 706.316 390.548 1246.41 506.648 -208.862 -280.066 1467.18 2385.3 3175.18 1065.5 -715.679 -232.205 -197.835 -1400.3 -146.874 -231.587 370.252 -464.203 -647.991 2000.76 -652.456 -907.829
internal_weight=2773 2753 2730 769 746 726 1961 1302 702 443 259 420 1280 1197 230 70 50 160 659 1176 1156 47 1109 985 388 612 459 64 639 354
internal_count=2773 2753 2730 769 746 726 1961 1302 702 443 259 420 1280 1197 230 70 50 160 659 1176 1156 47 1109 985 388 612 459 64 639 354
is_linear=0
shrinkage=0.05


Tree=105
num_leaves=31
num_cat=0
split_feature=75 42 37 14 8 42 4 102 38 102 17 10 27 76 105 26 126 14 15 9 7 10 77 16 87 83 58 120 103 26
split_gain=1.2655e+12 5.17341e+11 2.73466e+11 1.98504e+11 1.29131e+11 5.77994e+10 5.08915e+10 5.33074e+10 9.36849e+10 4.53884e+10 4.43195e+10 4.10719e+10 3.9915e+10 4.70431e+10 6.45813e+10 3.03313e+10 3.01108e+10 3.65157e+10 2.87447e+10 4.08741e+10 2.95643e+10 3.36066e+10 2.77944e+10 2.48237e+10 3.17709e+10 2.49761e+10 2.2195e+10 2.08492e+10 2.08324e+10 2.2656e+10
threshold=14662946.160000002 175.50000000000003 84.500000000000014 3605022.5400000005 2614.6816242883256 7.5000000000000009 1077.0000000000002 2772813.9648096967 190.50000000000003 2704325.2195795006 4881163.2932597995 20918.200000000004 48.500000000000007 4041973.5200000005 2115076.5650000004 48.500000000000007 123.62149671516626 6268049.6750000017 30662.166234848486 720.48000000000013 4819.856304602923 11219.225000000002 4219103.5550000006 21271.429491488005 4260791.1000000006 5906025.9300000006 166.50000000000003 227.50000000000003 -76945.779999999781 37.500000000000007
decision_type=2 2 2 2 2 2 2 2 2 2 2 2 2 2 2 2 2 2 2 2 2 2 2 2 2 2 2 2 2 2
left_child=1 2 3 5 -5 -1 9 11 -9 10 -6 12 -8 14 -14 -13 17 27 19 -7 21 -21 -19 24 -18 26 -25 -15 -24 -30
right_child=-2 -3 -4 4 6 18 7 8 -10 -11 -12 15 13 16 -16 -17 23 22 -20 20 -22 -23 28 25 -26 -27 -28 -29 29 -31
leaf_value=-2894.3480222167968 11651.147977878738 -6548.8988375756053 5260.699273681641 -3071.2245704933448 -101.65110671209253 -363.76393488049507 2842.7860140713783 871.20617152622765 -3353.0979858398441 623.63276939392097 -2518.4706497192383 1049.6222645350865 522.14160690307619 1255.0693633203921 -2700.1730696968411 3398.3695492214629 713.8584533328102 347.05207148960659 134.15630779156106 -1009.1833346280184 -803.9796372010278 -3468.1764860788981 2987.8695158458891 -306.99080759684244 -1242.7653906845467 2463.6932059151786 1738.3899309430803 -219.9110446777344 2856.7936035156254 934.83787496815557
leaf_weight=25 23 31 24 27 368 840 22 35 21 264 20 28 48 46 23 27 42 28 173 33 305 24 42 36 41 21 21 50 23 46
leaf_count=25 23 31 24 27 368 840 22 35 21 264 20 28 48 46 23 27 42 28 173 33 305 24 42 36 41 21 21 50 23 46
internal_value=-28.1866 -126.44 -52.7824 -100.384 349.911 -511.76 423.69 755.996 -712.908 117.887 -226.229 907.207 761.504 663.456 -521.707 2202.64 875.947 1236.83 -468.441 -555.17 -999.318 -2044.55 1754.8 349.197 -252.667 989.642 446.571 486.85 2109.9 1575.49
internal_weight=2757 2734 2703 2679 1279 1400 1252 600 56 652 388 544 489 467 71 55 396 235 1375 1202 362 57 139 161 83 78 57 96 111 69
internal_count=2757 2734 2703 2679 1279 1400 1252 600 56 652 388 544 489 467 71 55 396 235 1375 1202 362 57 139 161 83 78 57 96 111 69
is_linear=0
shrinkage=0.05


Tree=106
num_leaves=31
num_cat=0
split_feature=14 23 14 28 8 42 36 34 5 22 5 26 27 27 25 76 23 103 114 26 94 26 93 112 4 19 51 106 105 107
split_gain=1.17169e+12 5.30224e+11 2.15819e+11 1.23862e+11 8.46473e+10 5.53779e+10 4.33774e+10 5.32905e+10 3.8253e+10 2.99932e+10 2.74805e+10 2.66521e+10 2.59093e+10 3.95653e+10 2.70555e+10 2.73815e+10 2.48822e+10 2.39881e+10 2.3754e+10 2.32429e+10 2.87839e+10 2.09972e+10 2.73507e+10 3.25535e+10 2.05806e+10 2.04356e+10 3.13657e+10 4.48254e+10 1.98993e+10 1.70559e+10
threshold=14140236.715000002 348.00000000000006 4120412.0300000007 88.500000000000014 2455.5590281065133 7.5000000000000009 28.500000000000004 116.50000000000001 4.561523672194185 35.500000000000007 4.4882115176926503 36.500000000000007 120.50000000000001 113.50000000000001 10.500000000000002 4242246.3850000007 90.500000000000014 -1960464.1399999999 125.23214285714288 32.500000000000007 3328019.4644550178 29.500000000000004 8376022.2742857151 112.50000000000001 1175.5000000000002 19596.786836382937 29427.618020744125 -2029482.0600000001 140749.22000000006 61.500000000000007
decision_type=2 2 2 2 2 2 2 2 2 2 2 2 2 2 2 2 2 2 2 2 2 2 2 2 2 2 2 2 2 2
left_child=1 2 5 4 -4 -1 7 8 9 -6 25 17 13 14 16 -16 -11 -12 -10 -18 -21 -20 23 -23 28 -7 27 -27 -19 -28
right_child=-2 -3 3 -5 6 10 -8 -9 18 12 11 -13 -14 -15 15 -17 19 24 21 20 -22 22 -24 -25 -26 26 29 -29 -30 -31
leaf_value=-2749.6305556640627 11738.591036551341 -8228.4013281249991 -2598.1093898607342 3468.4281652113968 -1172.7423400878906 -321.1728894155699 -1630.3915486653648 2409.2136342366534 2186.665996920678 1734.8253976995297 -1452.6439578894415 -1979.9622155761717 -963.24105063990544 2371.9313237508136 -524.68582816745925 1424.9278177652016 -352.98565584070548 -305.00669067246571 204.46076541476782 737.24946784420297 -1047.8617560563264 84.455468071831604 -659.34648779006238 1638.763096772379 1279.993212890625 -3068.8415744357644 -1120.0301376744321 -926.01864071943646 243.56960374320425 120.99081425386316
leaf_weight=25 21 20 23 34 37 379 24 36 31 22 33 20 38 24 23 83 204 504 117 138 27 45 21 134 27 27 38 254 246 102
leaf_count=25 21 20 23 34 37 379 24 36 31 22 33 20 38 24 23 83 204 504 117 138 27 45 21 134 27 27 38 254 246 102
internal_value=-26.7772 -117.082 -57.3517 499.31 401.014 -414.22 469.719 521.15 449.147 205.937 -378.401 -176.846 297.191 389.123 293.373 1001.9 101.292 -132.324 865.681 3.89996 445.14 736.5 1047.74 1248.02 -76.2489 -587.515 -827.286 -1131.91 -125.074 -215.858
internal_weight=2757 2736 2716 1061 1027 1655 1004 980 944 596 1630 830 559 521 497 106 391 810 348 369 165 317 200 179 777 800 421 281 750 140
internal_count=2757 2736 2716 1061 1027 1655 1004 980 944 596 1630 830 559 521 497 106 391 810 348 369 165 317 200 179 777 800 421 281 750 140
is_linear=0
shrinkage=0.05


Tree=107
num_leaves=31
num_cat=0
split_feature=75 42 37 4 101 16 41 52 9 20 103 113 22 11 47 113 116 36 77 22 66 53 43 28 52 97 2 6 79 77
split_gain=1.09318e+12 4.68347e+11 2.39265e+11 1.49668e+11 8.84542e+10 6.17392e+10 5.72825e+10 4.91139e+10 4.16885e+10 4.30088e+10 3.85088e+10 3.6889e+10 3.65204e+10 3.20282e+10 5.59454e+10 3.9781e+10 3.18831e+10 3.51935e+10 2.99876e+10 2.77823e+10 2.75798e+10 2.61221e+10 2.38819e+10 2.31645e+10 2.3043e+10 2.20988e+10 3.14421e+10 2.10758e+10 2.00211e+10 1.98151e+10
threshold=14662946.160000002 175.50000000000003 84.500000000000014 820.50000000000011 5173713.8853626493 25057.669128868878 3.5000000000000004 27536.043920500408 741.44500000000005 10.500000000000002 1244883.365 559.50000000000011 67.500000000000014 200751.70000000004 0.28614982578397213 120.50000000000001 156.50000000000003 21.500000000000004 6394115.3150000004 45.500000000000007 -0.52705818521824699 0.11110153011829021 86.500000000000014 59.500000000000007 29242.924920183985 5235941.4934520554 323.50000000000006 2.3034660117358929 2204755.8950000005 6346782.8800000008
decision_type=2 2 2 2 2 2 2 2 2 2 2 2 2 2 2 2 2 2 2 2 2 2 2 2 2 2 2 2 2 2
left_child=1 2 3 5 7 6 -1 8 9 10 11 22 20 14 15 -8 17 23 -10 24 -9 -15 28 -11 -16 -14 29 -12 -5 -27
right_child=-2 -3 -4 4 -6 -7 13 12 18 16 27 -13 25 21 19 -17 -18 -19 -20 -21 -22 -23 -24 -25 -26 26 -28 -29 -30 -31
leaf_value=-2883.9396651656539 10829.655270253057 -6227.5387348790327 4923.4473646799725 1094.6085007887621 -2711.2178710937501 70.261631244036067 -1162.4268916203425 -311.59909298137086 -2554.7170243696733 1350.7469318296853 448.94795469945797 -1925.228731282552 2374.602750846318 1507.865863327753 -1342.1126716026893 -4128.5223718261723 -315.34337594168528 2857.7684739635838 86.804759561447881 -330.25289230113367 1593.9512717110772 -301.51527344617415 1619.9995702107749 -387.83850292968754 -394.26364696772413 1157.6056680002521 2592.8448929496435 2029.8779890730575 -84.332396554338175 -861.02671813964844
leaf_weight=27 23 31 24 39 23 480 26 59 22 82 49 24 56 21 182 20 35 31 21 327 28 398 24 25 99 31 23 37 470 20
leaf_count=27 23 31 24 39 23 480 26 59 22 82 49 24 56 21 182 20 35 31 21 327 28 398 24 25 99 31 23 37 470 20
internal_value=-25.4384 -116.758 -46.6748 -91.2 356.903 -402.887 -609.352 422.486 252.701 332.661 144.373 -7.66965 1094.58 -552.116 -770.769 -2452.03 1032.48 1374.32 -1264.67 -643.568 301.681 -210.83 78.6745 944.535 -1008.17 1625.22 1058.12 1129.12 5.99903 365.985
internal_weight=2757 2734 2703 2679 1099 1580 1100 1076 859 816 643 557 217 1073 654 46 173 138 43 608 87 419 533 107 281 130 74 86 509 51
internal_count=2757 2734 2703 2679 1099 1580 1100 1076 859 816 643 557 217 1073 654 46 173 138 43 608 87 419 533 107 281 130 74 86 509 51
is_linear=0
shrinkage=0.05


Tree=108
num_leaves=31
num_cat=0
split_feature=14 17 14 8 4 107 3 32 42 39 14 103 111 102 54 11 81 14 15 9 111 107 10 7 102 6 52 104 110 101
split_gain=1.01924e+12 4.19639e+11 1.7646e+11 8.02458e+10 5.95802e+10 6.60368e+10 9.24672e+10 6.67404e+10 4.53671e+10 3.81033e+10 4.06865e+10 2.52515e+10 2.47571e+10 2.4587e+10 5.77242e+10 2.51628e+10 2.38337e+10 2.77007e+10 2.35789e+10 3.44948e+10 2.29868e+10 2.33279e+10 2.00622e+10 1.85502e+10 1.78516e+10 1.6867e+10 1.96045e+10 1.65275e+10 1.97542e+10 1.47244e+10
threshold=14140236.715000002 10912982.609033758 3605022.5400000005 2455.5590281065133 1840.0000000000002 542.50000000000011 210.50000000000003 123.50000000000001 7.5000000000000009 62.500000000000007 6762199.1250000009 -396276.14500000019 34.054227814959056 2702457.1779929535 2020.5000000000002 735531.11000000022 6094721.399285716 4795217.7250000006 30662.166234848486 720.48000000000013 38.543417877809901 128.50000000000003 18147.365000000002 4819.856304602923 2405692.9236995741 2.2867387483441513 27869.437419628917 2566599.5100000012 249.35714285714286 5086279.6939954655
decision_type=2 2 2 2 2 2 2 2 2 2 2 2 2 2 2 2 2 2 2 2 2 2 2 2 2 2 2 2 2 2
left_child=1 2 8 -4 9 6 7 -6 -1 10 13 22 -13 14 15 29 17 -15 19 -10 21 -21 -12 -22 -17 26 -14 28 -27 -5
right_child=-2 -3 3 4 5 -7 -8 -9 18 -11 11 12 25 16 -16 24 -18 -19 -20 20 23 -23 -24 -25 -26 27 -28 -29 -30 -31
leaf_value=-2556.5754692382816 10949.14017857143 -7324.4449853515634 -2195.5466019694009 -41.569367180347449 2733.8032379998103 -964.74041276411572 4915.3340767600321 -310.7810017903646 -309.84229039146788 -1579.5253417968752 -1208.0226809692383 102.43753502300808 326.2223396496895 398.23494412808805 -2329.6416157226563 146.3074365234375 -538.85132978530157 1488.6759826660157 138.44026216936939 -828.50948415709706 -2514.6697096301668 505.60534532987162 723.57705688476562 -1092.3571168032561 2150.4576425781252 3896.9501287841799 2078.9144247549552 1041.7146682012649 1725.7572254527699 1005.4012700398764
leaf_weight=25 21 20 30 500 36 22 22 36 840 26 20 35 39 185 25 20 42 85 173 205 31 39 41 88 25 20 27 21 22 36
leaf_count=25 21 20 30 500 36 22 22 36 840 26 20 35 39 185 25 20 42 85 173 205 31 39 41 88 25 20 27 21 22 36
internal_value=-24.1664 -108.391 -55.254 360.738 420.417 1501.22 2078.36 1211.51 -445.71 313.169 356.222 958.785 1281.83 208.535 22.8652 124.092 569.164 741.522 -407.359 -485.848 -893.135 -615.27 90.2657 -1462.88 1259.72 1601.82 1043.23 2187.01 2759.66 28.7496
internal_weight=2757 2736 2716 1315 1285 116 94 72 1401 1169 1143 225 164 918 606 581 312 270 1376 1203 363 244 61 119 45 129 66 63 42 536
internal_count=2757 2736 2716 1315 1285 116 94 72 1401 1169 1143 225 164 918 606 581 312 270 1376 1203 363 244 61 119 45 129 66 63 42 536
is_linear=0
shrinkage=0.05


Tree=109
num_leaves=31
num_cat=0
split_feature=14 23 14 28 8 23 47 53 9 42 38 5 15 100 4 58 48 15 9 47 51 19 53 18 16 105 52 22 80 18
split_gain=9.19861e+11 4.45288e+11 1.62931e+11 1.09644e+11 6.86051e+10 4.09664e+10 3.23808e+10 2.8185e+10 3.93495e+10 3.97742e+10 3.65021e+10 3.49929e+10 2.88152e+10 3.30271e+10 2.69757e+10 5.36389e+10 3.16114e+10 2.53243e+10 3.16334e+10 2.35016e+10 2.10946e+10 2.20198e+10 3.94678e+10 3.36285e+10 2.18401e+10 2.18182e+10 1.86188e+10 1.83255e+10 1.83072e+10 3.54807e+10
threshold=14140236.715000002 348.00000000000006 3605022.5400000005 88.500000000000014 2455.5590281065133 15.500000000000002 0.25095419847328249 0.21951218460651975 571.05000000000007 131.50000000000003 141.50000000000003 4.4861828298632442 28083.296439796908 18442218.330000002 1759.5000000000002 138.50000000000003 0.076362383375742179 30662.166234848486 720.48000000000013 0.23720076882753802 29552.873818181823 18984.307479499654 0.031621751366244462 21731.694076232798 21459.858983017035 -59820.840000000309 17747.270539654146 58.500000000000007 6383643.3900000015 18532.097347545088
decision_type=2 2 2 2 2 2 2 2 2 2 2 2 2 2 2 2 2 2 2 2 2 2 2 2 2 2 2 2 2 2
left_child=1 2 5 4 -4 -1 -6 8 -8 10 20 -9 13 14 16 -16 28 18 -7 -20 21 24 23 -23 -10 -24 -21 -22 29 -12
right_child=-2 -3 3 -5 6 17 7 11 9 -11 12 -13 -14 -15 15 -17 -18 -19 19 26 27 22 25 -25 -26 -27 -28 -29 -30 -31
leaf_value=-2564.0247175736863 10401.683277529763 -7536.2850854492199 -2085.769285481771 3153.9247257008274 -1613.0564767020089 -302.63415666128458 -1784.062127130682 4.0000090139883531 -25.097455623914612 -1477.2699959590518 150.34978040907117 2358.1982070119757 2574.4930571056548 -1048.5976893498348 -72.926318359375003 3134.2317150115969 2011.9114847819012 165.50556637002103 -2177.8474839733494 -2217.5413272094729 394.44956719307675 -510.12632112433442 -532.69392562374003 -2616.0885220614346 939.52616603400111 1126.0017973188922 -643.98874248193863 1667.3072949577781 -21.554037497473544 1676.6330841989229
leaf_weight=22 21 20 30 34 21 836 22 27 159 29 90 38 21 26 22 32 36 179 31 20 168 137 31 22 93 55 313 34 122 66
leaf_count=22 21 20 30 34 21 836 22 27 159 29 90 38 21 26 22 32 36 179 31 20 168 137 31 22 93 55 313 34 122 66
internal_value=-22.9581 -102.972 -48.2346 351.492 277.111 -423.425 333.775 367.013 310.478 350.793 398.382 1380.3 769.832 673.645 795.325 1827.61 617.798 -389.274 -472.029 -861.079 177.849 2.73797 -334.795 -801.517 330.895 528.1 -738.496 608.693 437.265 796.085
internal_weight=2757 2736 2716 1315 1281 1401 1251 1230 1165 1143 1114 65 415 394 368 54 314 1379 1200 364 699 497 245 159 252 86 333 202 278 156
internal_count=2757 2736 2716 1315 1281 1401 1251 1230 1165 1143 1114 65 415 394 368 54 314 1379 1200 364 699 497 245 159 252 86 333 202 278 156
is_linear=0
shrinkage=0.05


Tree=110
num_leaves=31
num_cat=0
split_feature=32 33 4 34 8 12 36 8 34 15 52 11 22 8 21 26 22 20 76 14 53 65 11 20 37 6 16 7 52 94
split_gain=8.56379e+11 3.00497e+11 4.46686e+11 1.2229e+11 7.47595e+10 1.4098e+11 7.42967e+10 5.37403e+10 4.69246e+10 3.89763e+10 2.94384e+10 2.81495e+10 5.8032e+10 5.56611e+10 2.73889e+10 2.71215e+10 2.57014e+10 2.72246e+10 4.27505e+10 3.79977e+10 2.32277e+10 3.37068e+10 2.18058e+10 2.06079e+10 1.89115e+10 1.85e+10 1.75294e+10 1.63401e+10 1.60323e+10 1.58779e+10
threshold=188.50000000000003 298.50000000000006 2641.5000000000005 53.500000000000007 1963.4539981501091 130.73166167664672 29.500000000000004 2729.575091652524 21.500000000000004 27817.425991452994 29536.860685439162 126925.28500000002 33.500000000000007 3650.3413873755776 14.500000000000002 47.500000000000007 258.50000000000006 9.5000000000000018 9298370.9800000023 10096738.675000003 0.1363636331509574 0.96683886033945965 228660.78500000003 13.500000000000002 17.500000000000004 2.324840262839186 12525.628230122356 6662.121487341773 31332.063456632659 3279776.0771681308
decision_type=2 2 2 2 2 2 2 2 2 2 2 2 2 2 2 2 2 2 2 2 2 2 2 2 2 2 2 2 2 2
left_child=1 2 3 7 5 -5 9 8 -1 16 11 12 13 -9 -13 -11 17 29 19 20 21 25 24 -22 -12 -19 -10 -15 -26 -6
right_child=-2 -3 -4 4 6 -7 -8 10 26 15 22 14 -14 27 -16 -17 -18 18 -20 -21 23 -23 -24 -25 28 -27 -28 -29 -30 -31
leaf_value=-3726.2422686767577 10298.564836425781 -5905.4062766335228 7406.6023901367189 1053.7673541525135 262.37954012882693 -4544.8452432112263 -2413.3410888671874 -3862.3735463018006 -1797.0207759857178 681.20100272042419 -295.91905065339921 -305.77698799243996 -400.68598030353417 -871.78108936351737 1166.2037026405335 3222.3598429361982 2127.4451078869047 484.44940032958988 2560.479462076823 -1045.8508705139161 879.02511076750579 2872.7022482167122 1601.1037832641603 -1074.5050356264469 -187.16988584539865 1840.1156341090348 -101.60318426316785 -2419.0866106305803 715.44629898071298 -622.86067970969464
leaf_weight=20 20 22 20 23 641 22 23 23 30 21 359 448 348 91 34 21 21 106 30 32 27 23 20 27 89 33 31 21 110 55
leaf_count=20 20 22 20 23 641 22 23 23 30 21 359 448 348 91 34 21 21 106 30 32 27 23 20 27 89 33 31 21 110 55
internal_value=-10.6689 -85.077 -38.4974 -93.0602 312.705 -1683.33 397.442 -369.151 -1624.51 459.784 -303.25 -472.273 -742.042 -1621.98 -201.944 1951.78 396.805 359.492 777.758 562.107 800.322 1099.68 -21.0586 -97.74 -79.2007 806.298 -935.415 -1161.9 311.764 192.425
internal_weight=2791 2771 2749 2729 1105 45 1060 1624 81 1037 1543 965 483 135 482 42 995 974 278 248 216 162 578 54 558 139 61 112 199 696
internal_count=2791 2771 2749 2729 1105 45 1060 1624 81 1037 1543 965 483 135 482 42 995 974 278 248 216 162 578 54 558 139 61 112 199 696
is_linear=0
shrinkage=0.05


Tree=111
num_leaves=31
num_cat=0
split_feature=88 33 35 14 8 36 43 18 22 10 83 5 7 17 88 20 89 14 41 51 5 36 18 51 6 51 9 14 109 14
split_gain=8.09043e+11 3.508e+11 2.16218e+11 1.03142e+11 1.21764e+11 8.38905e+10 7.07565e+10 4.53533e+10 3.72141e+10 6.57633e+10 3.2873e+10 3.07322e+10 2.84441e+10 2.33123e+10 2.31512e+10 2.24824e+10 2.36386e+10 2.58876e+10 2.07498e+10 2.65739e+10 2.36783e+10 2.46132e+10 2.11672e+10 1.98703e+10 2.49853e+10 2.89693e+10 2.34147e+10 1.93181e+10 2.05185e+10 1.75038e+10
threshold=17584189.610000003 304.50000000000006 63.500000000000007 4834575.5750000002 2646.8606781891317 28.500000000000004 112.50000000000001 10825.252062511432 13.500000000000002 13088.405000000002 5050522.6150000012 4.5678489223686976 4114.8328605769238 4985195.9123749891 15301537.180000002 6.5000000000000009 4025618.7776785716 2184026.5000000005 29.500000000000004 31970.15138805682 4.3574919020445853 16.500000000000004 22754.33820407149 27854.824021688437 2.3147985213664435 26065.594522716729 701.93000000000018 2753091.0000000005 76.500000000000014 3605022.5400000005
decision_type=2 2 2 2 2 2 2 2 2 2 2 2 2 2 2 2 2 2 2 2 2 2 2 2 2 2 2 2 2 2
left_child=1 2 3 7 -5 6 12 -1 9 -9 11 13 -6 15 18 16 17 -10 19 22 21 -20 -14 24 26 -26 -22 -13 -29 -18
right_child=-2 -3 -4 4 5 -7 -8 8 10 -11 -12 27 14 -15 -16 -17 29 -19 20 -21 23 -23 -24 -25 25 -27 -28 28 -30 -31
leaf_value=1632.5543339883129 9540.3644783713607 -6235.2984375000005 5019.5402506510418 -3428.4962524414063 2312.8976867675783 -2159.3339285714287 3489.9748186383931 -3740.5873059082037 -647.04016124483144 -636.11981590534083 -2072.9442169189456 -232.21074511965509 167.01106247320411 -1981.2786252108488 -896.04554274986538 92.483731777928469 -1164.6510786196081 32.870241251143199 671.41530169436817 1436.7955266462054 659.86980450773899 -1348.6352111434937 -1257.6648409935738 1676.1311730957032 857.25748428559643 2808.04119121845 -797.0467321059283 -1040.8680748572717 418.18783376861848 -379.22059444580077
leaf_weight=31 22 23 21 20 22 28 21 20 252 116 24 303 164 22 29 238 164 315 38 35 146 25 31 70 71 26 34 26 329 125
leaf_count=31 22 23 21 20 22 28 21 20 252 116 24 303 164 22 29 238 164 315 38 35 146 25 31 70 71 26 34 26 329 125
internal_value=-10.1355 -86.0152 -34.5099 -73.4586 421.17 525.215 630.788 -264.765 -295.177 -1092.66 -234.856 -209.989 543.895 -369.787 485.721 -337.38 -456.899 -269.312 548.333 168.218 761.568 -130.192 -59.4759 923.472 733.27 1380.15 384.674 61.0355 311.327 -824.932
internal_weight=2791 2769 2746 2725 760 740 712 1965 1934 136 1798 1774 691 1116 669 1094 856 567 640 230 410 63 195 347 277 97 180 658 355 289
internal_count=2791 2769 2746 2725 760 740 712 1965 1934 136 1798 1774 691 1116 669 1094 856 567 640 230 410 63 195 347 277 97 180 658 355 289
is_linear=0
shrinkage=0.05


Tree=112
num_leaves=31
num_cat=0
split_feature=88 33 35 34 8 53 36 43 8 34 34 52 16 11 47 76 15 21 98 98 65 91 18 66 19 93 16 78 28 118
split_gain=7.30162e+11 3.16597e+11 1.95137e+11 1.12937e+11 7.74169e+10 1.25142e+11 7.55538e+10 1.13835e+11 4.69653e+10 4.0981e+10 3.38124e+10 3.07936e+10 2.62573e+10 2.95404e+10 5.88558e+10 2.9375e+10 2.91746e+10 2.48461e+10 2.29924e+10 2.12285e+10 1.98882e+10 2.06672e+10 1.82804e+10 2.03358e+10 1.79175e+10 1.77404e+10 1.56102e+10 1.54373e+10 2.41705e+10 1.97444e+10
threshold=17584189.610000003 304.50000000000006 63.500000000000007 53.500000000000007 1878.6343625231832 0.0093458147507737808 28.500000000000004 112.50000000000001 2729.575091652524 21.500000000000004 116.50000000000001 30524.157976232866 26548.727859266251 126925.28500000002 0.28614982578397213 1292326.7850000001 26767.138381965848 14.500000000000002 3169918.1809442439 2718695.6419763067 0.92913280730858816 4381224.8750000009 27025.746823590511 -0.34155811708470757 22367.604267987022 8527266.2257142868 12525.628230122356 7952677.9250000017 59.500000000000007 336.00000000000006
decision_type=2 2 2 2 2 2 2 2 2 2 2 2 2 2 2 2 2 2 2 2 2 2 2 2 2 2 2 2 2 2
left_child=1 2 3 8 5 -5 7 10 9 -1 11 18 13 14 -10 -16 17 22 19 27 21 25 23 -15 -14 -21 -11 28 29 -6
right_child=-2 -3 -4 4 6 -7 -8 -9 12 26 -12 -13 24 16 15 -17 -18 -19 -20 20 -22 -23 -24 -25 -26 -27 -28 -29 -30 -31
leaf_value=-3473.0571630859376 9063.3461891867901 -5923.5334324048918 4768.5632370721723 875.76649475097656 68.186185943871223 -4520.3949852353053 -1988.0695247650146 3811.660017578125 -2503.7802850020562 -1678.0300149536133 1784.6541588192895 1813.2470589132872 1014.6423403104147 362.74731564303056 -2321.4788937523253 -421.43066919617735 1304.2068697684153 1109.019587617762 -940.11782424514354 500.23999354910347 1707.6775982196516 1685.9518787730824 -1770.9955236816409 -433.27523154271279 -30.367462079744815 -831.18295680454798 -78.114146571005548 999.5626976013184 -1394.2173828125001 1511.3370786132814
leaf_weight=20 22 23 21 22 456 21 32 25 38 30 42 34 48 109 21 649 35 34 37 235 39 33 20 304 282 28 31 48 27 25
leaf_count=20 22 23 21 22 456 21 32 25 38 30 42 34 48 109 21 649 35 34 37 235 39 33 20 304 282 28 31 48 27 25
internal_value=-9.62869 -81.7144 -32.7844 -69.7856 320.257 -1759.57 404.548 478.954 -335.429 -1508.93 395.968 335.34 -273.705 -381.525 -589.553 -480.984 -88.1319 -192.483 281.192 331.909 646.326 506.485 -294.679 -223.187 121.634 358.492 -864.958 142.467 61.4812 143.194
internal_weight=2791 2769 2746 2725 1104 43 1061 1029 1621 81 1004 962 1540 1210 708 670 502 467 928 891 335 296 433 413 330 263 61 556 508 481
internal_count=2791 2769 2746 2725 1104 43 1061 1029 1621 81 1004 962 1540 1210 708 670 502 467 928 891 335 296 433 413 330 263 61 556 508 481
is_linear=0
shrinkage=0.05


Tree=113
num_leaves=31
num_cat=0
split_feature=32 33 4 34 44 8 12 8 34 15 98 66 26 52 56 95 98 34 65 23 19 52 11 21 7 111 11 37 53 15
split_gain=7.58434e+11 2.40057e+11 3.72571e+11 8.7323e+10 5.87023e+10 6.29793e+10 1.32787e+11 4.22289e+10 3.69854e+10 2.99323e+10 4.12332e+10 3.75031e+10 2.47269e+10 2.46777e+10 2.86096e+10 8.31713e+10 2.39817e+10 2.69957e+10 2.83735e+10 2.85486e+10 2.57581e+10 2.35737e+10 2.18492e+10 2.26085e+10 2.07829e+10 2.07626e+10 1.83895e+10 1.60356e+10 1.57498e+10 2.13061e+10
threshold=188.50000000000003 298.50000000000006 2641.5000000000005 53.500000000000007 55.500000000000007 1963.4539981501091 130.73166167664672 2729.575091652524 21.500000000000004 27817.425991452994 3169918.1809442439 -0.99626127116974506 47.500000000000007 29536.860685439162 2.5000000000000004 1166985.5200000003 2718695.6419763067 105.50000000000001 0.82876241254485883 233.50000000000003 14109.521438170121 20200.873891227089 57400.950000000004 11.500000000000002 5753.4155416905733 29.136378187174163 228660.78500000003 17.500000000000004 0.1363636278066028 23139.983953355182
decision_type=2 2 2 2 2 2 2 2 2 2 2 2 2 2 2 2 2 2 2 2 2 2 2 2 2 2 2 2 2 2
left_child=1 2 3 7 5 6 -5 8 -1 10 11 -7 -11 14 15 -9 20 18 19 -18 -13 -22 24 28 -16 -26 27 -15 -24 -30
right_child=-2 -3 -4 4 -6 9 -8 13 -10 12 -12 16 -14 26 22 -17 17 -19 -20 -21 21 -23 23 -25 25 -27 -28 -29 29 -31
leaf_value=-3299.4042805480963 9692.6526367187507 -5281.3504438920463 6761.9147167968758 1077.9895905867868 -2362.7997231619697 2229.764425998264 -4421.2196469261535 -3757.4400329589844 -821.71011032354636 478.9997445969355 -1308.3077346389359 1521.5402275085451 2905.3896275111611 -256.8412286253693 -342.06885126576282 21.893608299461572 480.22634788867293 2050.0032493591311 1538.1964977599027 -1265.1123610276443 -482.24033235523802 259.06680510870302 134.97036425427694 773.49381846304868 -528.93938896365285 -1692.5255946265327 1485.7949310302736 302.73019398636558 -353.13993730625185 -1979.4706465287645
leaf_weight=20 20 22 20 23 21 27 21 24 61 21 37 32 21 359 264 37 237 32 57 26 146 404 164 62 82 72 20 199 238 22
leaf_count=20 20 22 20 23 21 27 21 24 61 21 37 32 21 359 264 37 237 32 57 26 146 404 164 62 82 72 20 199 238 22
internal_value=-9.14726 -79.1711 -37.5385 -87.3696 255.512 306.236 -1546.63 -320.673 -1433.49 384.627 329.599 392.661 1692.19 -262.256 -417.009 -1465.06 339.554 665.335 526.869 307.683 142.518 62.2835 -346.289 -118.321 -611.342 -1072.95 -3.88719 -57.2808 -248.728 -490.753
internal_weight=2791 2771 2749 2729 1105 1084 44 1624 81 1040 998 961 42 1543 965 61 934 352 320 263 582 550 904 486 418 154 578 558 424 260
internal_count=2791 2771 2749 2729 1105 1084 44 1624 81 1040 998 961 42 1543 965 61 934 352 320 263 582 550 904 486 418 154 578 558 424 260
is_linear=0
shrinkage=0.05


Tree=114
num_leaves=31
num_cat=0
split_feature=21 23 39 34 101 27 39 108 8 34 16 26 19 16 104 16 11 47 76 15 19 21 9 15 44 7 8 12 13 65
split_gain=6.83621e+11 3.01575e+11 1.84525e+11 7.9469e+10 7.00969e+10 4.92496e+10 4.12932e+10 5.30554e+10 3.81116e+10 3.33793e+10 2.7977e+10 3.14645e+10 3.01015e+10 3.09206e+10 2.38695e+10 2.28528e+10 2.56182e+10 5.18061e+10 2.54995e+10 2.48604e+10 2.19562e+10 2.07144e+10 1.8243e+10 2.3742e+10 2.244e+10 2.50752e+10 2.15188e+10 2.06059e+10 2.59442e+10 1.92768e+10
threshold=45.500000000000007 364.00000000000006 88.500000000000014 53.500000000000007 5168575.4107412612 148.50000000000003 66.500000000000014 240.50000000000003 2729.575091652524 21.500000000000004 21017.970574007981 47.500000000000007 19562.155691978202 22623.937231624634 2950888.0550000002 26548.727859266251 126925.28500000002 0.28614982578397213 1292326.7850000001 26767.138381965848 13711.259888166222 14.500000000000002 691.2850000000002 19121.524541041799 25.500000000000004 5296.1771881468676 3458.0496356709409 130.73166167664672 1852.4588173007746 0.98664879617890844
decision_type=2 2 2 2 2 2 2 2 2 2 2 2 2 2 2 2 2 2 2 2 2 2 2 2 2 2 2 2 2 2
left_child=1 2 3 8 5 6 10 -8 9 -1 20 12 13 -12 -13 16 17 -10 -19 21 -5 -18 23 27 -24 -26 29 -22 -29 -25
right_child=-2 -3 -4 4 -6 -7 7 -9 15 -11 11 14 -14 -15 -16 -17 19 18 -20 -21 22 -23 24 26 25 -27 -28 28 -30 -31
leaf_value=-3134.4340312194827 8393.583445231121 -5912.300248579546 3425.1860653525905 1662.8754952566965 -2316.4793557974008 -1881.3982382812501 3765.2199560546878 278.31212514241537 -2338.7300945081211 -780.62459431632624 405.43828059042653 2486.9148695203994 -185.72308765441653 1719.1082881382533 498.76489398662864 119.7756860744592 -265.68614332626379 -2156.0837187267484 -385.93347900367223 1209.2300633893694 987.26688646589014 1015.9991939769072 211.99464888139207 1425.4912817307461 -2333.9373899187362 -105.83955277152684 -53.225407311855214 -1713.8617288523708 -120.67583417315817 -96.383972821916856
leaf_weight=20 24 22 38 21 26 25 20 24 38 61 155 36 126 63 26 330 433 21 652 35 35 34 44 81 28 23 78 29 215 28
leaf_count=20 24 22 38 21 26 25 20 24 38 61 155 36 126 63 26 330 433 21 652 35 35 34 44 81 28 23 78 29 215 28
internal_value=-8.6899 -81.5683 -34.8375 -83.4082 248.336 311.425 364.546 1863.27 -304.639 -1361.81 297.801 616.361 429.493 785.077 1653.17 -249.143 -349.508 -542.585 -441.168 -76.046 75.5758 -172.373 16.1581 144.896 -615.335 -1329.11 580.826 -147.287 -310.03 1034.55
internal_weight=2791 2767 2745 2707 1083 1057 1032 44 1624 81 988 406 344 218 62 1543 1213 711 673 502 582 467 561 466 95 51 187 279 244 109
internal_count=2791 2767 2745 2707 1083 1057 1032 44 1624 81 988 406 344 218 62 1543 1213 711 673 502 582 467 561 466 95 51 187 279 244 109
is_linear=0
shrinkage=0.05


Tree=115
num_leaves=31
num_cat=0
split_feature=80 0 34 118 44 104 17 108 81 45 108 20 108 98 78 45 22 51 11 66 101 104 66 52 37 101 34 37 18 5
split_gain=2.66374e+12 3.63528e+11 2.43158e+11 8.30848e+10 7.35609e+10 6.72466e+10 5.4255e+10 4.74949e+10 4.48951e+10 4.65707e+10 4.47049e+10 4.27431e+10 3.47107e+10 3.23309e+10 2.61911e+10 2.58462e+10 2.47115e+10 3.35945e+10 3.08017e+10 3.19632e+10 2.38086e+10 2.29327e+10 2.0518e+10 2.16216e+10 2.04024e+10 1.85284e+10 1.84843e+10 1.73204e+10 1.72921e+10 1.45717e+10
threshold=14859592.285000002 658.00000000000011 143.50000000000003 510.50000000000006 50.500000000000007 999546.72499999998 7059132.1781536629 211.50000000000003 7818132.8550000014 81.500000000000014 186.50000000000003 10.500000000000002 165.50000000000003 2958096.56627467 6067135.6700000009 64.500000000000014 63.500000000000007 29552.873818181823 21725.000000000004 -0.79354221435844496 5159124.9635724863 2000182.2500000002 0.99548449742306455 26354.799411714779 50.500000000000007 4686003.2137698196 69.500000000000014 43.500000000000007 21731.694076232798 4.7138996138996143
decision_type=2 2 2 2 2 2 2 2 2 2 2 2 2 2 2 2 2 2 2 2 2 2 2 2 2 2 2 2 2 2
left_child=1 2 4 -4 5 6 11 10 9 15 12 16 24 -12 -14 -9 17 18 19 28 -20 -10 23 25 29 -18 -13 -27 -1 -7
right_child=-2 -3 3 -5 -6 7 -8 8 21 -11 13 26 14 -15 -16 -17 22 -19 20 -21 -22 -23 -24 -25 -26 27 -28 -29 -30 -31
leaf_value=-1209.4947191026477 18278.664598999025 -6751.4410742187501 1320.9822552490234 5684.4989095052088 -2745.7796875000004 151.96833221506566 -2214.0860885620118 2153.1086577384704 -1354.2456701660158 3453.1112312825521 -239.8915225758272 361.30053219568163 630.2044019294508 -2773.3921112060548 2857.4069646661933 195.8819002512339 193.13257349947668 29.701882483658284 -330.42049053172116 -654.43697008845788 1262.4006357421877 897.7889343261719 1520.996242357337 691.11847305699405 -1330.919881184896 -267.14745365471782 1702.5933454358901 -1506.447602081299 -2921.2316684570314 1009.8714095801638
leaf_weight=36 20 20 20 24 25 376 32 31 20 30 34 84 33 20 22 37 235 412 381 297 25 26 23 95 21 237 37 32 25 57
leaf_count=36 20 20 20 24 25 376 32 31 20 30 34 84 33 20 22 37 235 412 381 297 25 26 23 95 21 237 37 32 25 57
internal_value=97.3428 -35.0294 14.2292 3701.08 -46.2335 -20.8427 -172.237 396.936 1207.26 1812.12 189.678 -138.188 334.8 -1178.23 1521.09 1088.15 -199.404 -334.212 -530.459 -868.549 -232.34 -81.3565 55.4744 -0.797763 191.087 -131.218 771.448 -414.573 -1911.03 264.902
internal_weight=2767 2747 2727 44 2683 2658 1951 707 144 98 563 1919 509 54 55 68 1798 1176 764 358 406 46 622 599 454 504 121 269 61 433
internal_count=2767 2747 2727 44 2683 2658 1951 707 144 98 563 1919 509 54 55 68 1798 1176 764 358 406 46 622 599 454 504 121 269 61 433
is_linear=0
shrinkage=0.05


Tree=116
num_leaves=31
num_cat=0
split_feature=39 1 40 23 14 41 14 58 17 102 17 12 17 87 76 103 19 50 42 16 26 47 50 66 19 117 6 50 9 105
split_gain=2.60002e+12 3.36124e+11 2.17984e+11 1.20809e+11 2.24522e+11 1.10558e+11 5.63945e+10 3.99798e+10 5.47454e+10 3.48977e+10 3.46329e+10 9.74856e+10 4.39813e+10 2.84242e+10 2.39067e+10 2.18309e+10 2.86942e+10 2.12648e+10 2.07907e+10 2.03671e+10 2.33486e+10 2.24462e+10 2.38364e+10 2.25524e+10 2.10741e+10 1.92625e+10 1.86994e+10 1.85915e+10 1.82858e+10 2.21437e+10
threshold=100.50000000000001 558.50000000000011 43.500000000000007 271.00000000000006 10307273.775000002 65.500000000000014 5312981.2100000009 225.50000000000003 6222083.8969143955 2770218.4790305174 4985195.9123749891 2190.7394588786137 4692407.2724734219 4260791.1000000006 4735193.1800000006 -119458.92999999992 14574.40058165472 1.1251118067978536 63.500000000000007 23182.434815039986 26.500000000000004 0.50672699849170455 1.0563552885943113 -0.83352489619613901 19843.277293408912 294.50000000000006 2.3554870940861448 1.0952779104953021 614.2650000000001 785290.7150000002
decision_type=2 2 2 2 2 2 2 2 2 2 2 2 2 2 2 2 2 2 2 2 2 2 2 2 2 2 2 2 2 2
left_child=1 2 3 6 -5 -4 10 9 25 14 12 -12 15 -11 18 26 -17 28 -8 21 24 22 -18 -23 -21 -9 -1 -14 -16 -30
right_child=-2 -3 5 4 -6 -7 7 8 -10 13 11 -13 27 -15 17 16 19 -19 -20 20 -22 23 -24 -25 -26 -27 -28 -29 29 -31
leaf_value=-196.35264658242644 17618.94271763393 -6343.0459123883929 1170.3230066299438 -6530.9436981201179 961.08772216796888 5659.6139912923181 877.62849772135417 -475.44375801086426 3669.5984909784224 305.77547729492193 -3817.9182935078943 11.961274436668113 543.89144042968746 -1994.8286908379916 -784.08457132975263 1726.9249694824221 -1823.0978147849059 2149.8925625887782 -685.88350191508255 996.21672084077875 784.24895056244122 910.96708102756077 -361.57658845551163 -174.98709931350729 -139.25117204410199 1402.4798684438072 -766.82495143452627 2589.1496215820316 249.70992727076757 1203.6464600785871
leaf_weight=668 21 21 32 20 20 24 30 22 21 25 24 54 25 29 24 24 39 22 73 47 133 54 98 417 313 36 183 20 141 107
leaf_count=668 21 21 32 20 20 24 30 22 21 25 24 54 25 29 24 24 39 22 73 47 133 54 98 417 313 36 183 20 141 107
internal_value=92.4757 -41.5577 7.00418 -57.7725 -2784.93 3094.3 -16.279 444.573 1482.17 262.822 -132.645 -1166.46 -92.7447 -929.734 425.033 -127.944 16.6001 654.69 -230.492 -20.6821 218.137 -214.33 -777.63 -50.4828 8.99047 690.164 -319.028 1452.9 533.755 661.287
internal_weight=2767 2746 2725 2669 40 56 2629 530 79 451 2099 78 2021 54 397 1976 1125 294 103 1101 493 608 137 471 360 58 851 45 272 248
internal_count=2767 2746 2725 2669 40 56 2629 530 79 451 2099 78 2021 54 397 1976 1125 294 103 1101 493 608 137 471 360 58 851 45 272 248
is_linear=0
shrinkage=0.05


Tree=117
num_leaves=31
num_cat=0
split_feature=39 2 4 23 7 20 3 107 86 106 42 5 19 24 65 19 15 45 39 35 75 38 32 28 25 51 16 13 19 75
split_gain=2.34652e+12 3.53074e+11 3.04389e+11 5.69909e+10 2.65267e+11 6.34041e+10 4.17477e+10 3.02607e+10 2.93118e+10 3.0839e+10 2.72228e+10 2.37378e+10 2.84507e+10 2.22844e+10 2.20118e+10 2.20312e+10 2.40566e+10 3.25727e+10 2.46573e+10 1.96341e+10 2.08735e+10 1.71697e+10 2.62694e+10 1.8195e+10 1.82478e+10 1.71478e+10 1.67616e+10 2.42424e+10 2.42653e+10 2.04901e+10
threshold=100.50000000000001 553.50000000000011 2641.5000000000005 271.00000000000006 4524.7822566687846 4.5000000000000009 190.50000000000003 359.50000000000006 4171696.4341061614 -79806.225000000079 96.500000000000014 4.3266430539157819 14370.72080986923 51.500000000000007 -0.98801351631316325 16544.657978309504 20578.115755045084 65.500000000000014 41.500000000000007 27.500000000000004 4895976.1750000007 175.50000000000003 73.500000000000014 35.500000000000007 1.0000000180025095e-35 23803.318309605635 24618.001989779677 149.70588802712967 18830.559939013219 2419103.3450000002
decision_type=2 2 2 2 2 2 2 2 2 2 2 2 2 2 2 2 2 2 2 2 2 2 2 2 2 2 2 2 2 2
left_child=1 2 3 5 -5 11 8 -8 9 10 13 -1 -13 26 -11 -16 17 18 -17 -15 -21 22 23 24 -14 -18 27 28 -7 -30
right_child=-2 -3 -4 4 -6 6 7 -9 -10 14 -12 12 21 19 15 16 25 -19 -20 20 -22 -23 -24 -25 -26 -27 -28 -29 29 -31
leaf_value=-681.19867960254805 16737.995489211313 -6658.602255859375 5393.2281663161057 -6261.3699047851569 821.19244916867001 119.63351760137648 3191.5344342041017 473.99118071056546 -1120.1530174618676 1698.3962721880744 -1385.8274610028948 1420.5467685563226 -916.15333390669389 861.5532247192383 1388.4461679496017 -343.38301762448083 1651.6273233347927 -1962.3651776631673 1486.579094441732 -1550.4038940429689 366.40720912388394 -1645.8437904357911 1042.1738047755041 -1412.9908117478894 -110.63947991275671 394.70764812993775 345.8346212201414 64.410036224572835 -274.50862284342446 -1879.4183345277431
leaf_weight=267 21 20 26 20 39 42 20 21 42 34 35 28 77 125 51 79 29 24 24 20 49 20 43 31 809 422 113 147 30 59
leaf_count=267 21 20 26 20 39 42 20 21 42 34 35 28 77 125 51 79 29 24 24 20 49 20 43 31 809 422 113 147 30 59
internal_value=87.8519 -39.4799 9.08304 -42.7643 -1579.68 -8.42964 228.257 1799.62 179.634 222.183 -31.3108 -262.009 -150.974 49.7287 459.237 392.255 304.356 -303.513 83.0159 487.835 -189.19 -195.875 -165.667 -222.305 -180.645 475.53 -167.644 -376.36 -870.964 -1338.44
internal_weight=2767 2746 2726 2700 59 2641 1366 41 1325 1283 620 1275 1008 585 663 629 578 127 103 194 69 980 960 917 886 451 391 278 131 89
internal_count=2767 2746 2726 2700 59 2641 1366 41 1325 1283 620 1275 1008 585 663 629 578 127 103 194 69 980 960 917 886 451 391 278 131 89
is_linear=0
shrinkage=0.05


Tree=118
num_leaves=31
num_cat=0
split_feature=25 0 35 106 17 104 17 108 108 14 17 8 17 48 99 108 42 37 52 108 42 3 85 12 18 97 104 21 29 101
split_gain=2.30998e+12 3.15337e+11 1.82602e+11 5.96235e+10 1.4603e+11 5.30263e+10 6.9007e+10 2.99403e+10 3.93464e+10 2.84956e+10 5.5818e+10 2.44133e+10 2.43429e+10 2.35734e+10 3.48557e+10 1.88319e+10 1.753e+10 2.19538e+10 1.57249e+10 1.99029e+10 2.39634e+10 1.73788e+10 1.71738e+10 1.66066e+10 1.46074e+10 1.40352e+10 1.6281e+10 1.34108e+10 1.59489e+10 1.33818e+10
threshold=24.500000000000004 658.00000000000011 58.500000000000007 3339085.6249999995 9150342.0772241913 1031868.5900000001 7059132.1781536629 209.50000000000003 295.50000000000006 5013175.3800000008 4985195.9123749891 3233.6958527738825 4634750.1467996081 0.047373562687296207 1130540.7650000004 192.50000000000003 108.50000000000001 50.500000000000007 33960.349357723586 81.500000000000014 9.5000000000000018 33.500000000000007 4431160.1846428579 136.83820718654437 28100.753152828747 5577371.582452056 474797.37500000029 11.500000000000002 10.500000000000002 4522010.5120381089
decision_type=2 2 2 2 2 2 2 2 2 2 2 2 2 2 2 2 2 2 2 2 2 2 2 2 2 2 2 2 2 2
left_child=1 2 3 4 5 6 9 15 11 10 12 -9 18 14 -11 16 17 29 19 20 -1 -21 -23 -24 -20 26 -15 -13 -29 -7
right_child=-2 -3 -4 -5 -6 7 -8 8 -10 13 -12 27 -14 25 -16 -17 -18 -19 24 21 -22 22 23 -25 -26 -27 -28 28 -30 -31
leaf_value=-2278.9480680847169 16603.467358398437 -5872.8572032099182 3594.5903494698659 2040.1791950001436 -4033.7845915421199 -308.1552509825907 -2673.5833982114441 2620.2751726347828 -988.6119431268603 696.59462523589264 -2826.0915307617188 2054.2889567057296 1099.328087265427 1248.6335305647417 -1504.4974067034041 -1014.8295244770666 1705.5611035156251 -1247.7909029388429 723.82181374686115 1309.0283476257325 -487.89652118412317 -47.734648530277212 -736.28587680469866 -60.592952117919928 -362.46534875363722 -467.83664772727275 110.22688572095788 -134.7824325125558 1397.3593603885536 401.03554803171465
leaf_weight=20 21 23 35 34 23 81 27 29 21 37 20 21 37 99 35 31 20 25 84 20 282 810 220 155 49 22 46 35 33 372
leaf_count=20 21 23 35 34 23 81 27 29 21 37 20 21 37 99 35 31 20 25 84 20 282 810 220 155 49 22 46 35 33 372
internal_value=83.4593 -42.8772 6.36607 -40.3556 -67.009 -32.3318 -163.275 352.461 1005.49 -128.266 -200.254 1360.37 -168.938 382.884 -373.381 180.872 255.303 194.623 -197.552 -243.547 -606.509 -152.58 -177.249 -456.999 323.611 708.939 887.484 949.838 608.757 274.227
internal_weight=2767 2746 2723 2688 2654 2631 1963 668 139 1936 1697 118 1677 239 72 529 498 478 1640 1507 302 1205 1185 375 133 167 145 89 68 453
internal_count=2767 2746 2723 2688 2654 2631 1963 668 139 1936 1697 118 1677 239 72 529 498 478 1640 1507 302 1205 1185 375 133 167 145 89 68 453
is_linear=0
shrinkage=0.05


Tree=119
num_leaves=31
num_cat=0
split_feature=80 0 39 34 23 14 23 20 86 5 19 30 20 27 41 5 105 66 7 123 109 52 47 66 94 23 23 17 107 19
split_gain=2.16513e+12 3.55751e+11 1.87918e+11 8.06687e+10 1.61048e+11 5.51274e+10 1.14723e+11 4.02146e+10 2.60107e+10 2.19551e+10 2.50765e+10 2.08724e+10 2.08403e+10 2.90664e+10 3.64546e+10 2.45098e+10 2.04481e+10 2.84051e+10 2.1392e+10 2.10369e+10 1.93052e+10 1.87863e+10 2.66809e+10 2.43015e+10 2.93519e+10 1.76121e+10 1.51008e+10 1.8756e+10 1.63155e+10 1.67725e+10
threshold=14859592.285000002 658.00000000000011 90.500000000000014 143.50000000000003 300.00000000000006 9134142.3500000015 250.50000000000003 4.5000000000000009 4171696.4341061614 4.3266430539157819 14370.72080986923 6.5000000000000009 10.500000000000002 110.50000000000001 38.500000000000007 4.50426595094702 3456992.8249999997 -0.52705818521824699 4996.2078154776709 164.50000000000003 46.500000000000007 31473.9681905242 0.53365695792880274 -0.47495107206705001 1301481.8587155726 130.50000000000003 143.50000000000003 4692407.2724734219 209.50000000000003 19041.816472748731
decision_type=2 2 2 2 2 2 2 2 2 2 2 2 2 2 2 2 2 2 2 2 2 2 2 2 2 2 2 2 2 2
left_child=1 2 3 4 5 6 7 9 12 20 -11 25 13 14 21 -16 17 18 -14 -19 -1 22 23 24 -9 -12 27 -24 -28 -30
right_child=-2 -3 -4 -5 -6 -7 -8 8 -10 10 11 -13 16 -15 15 -17 -18 19 -20 -21 -22 -23 26 -25 -26 -27 28 -29 29 -31
leaf_value=-2128.7500900268556 16470.90234375 -6684.2379468667514 4083.7370542509216 2793.436524902344 -4529.9869311523435 1423.3021248817445 -3742.758578636533 -2611.8997109375 -1059.8149492536274 1350.7190218244282 -195.14738237676912 -1726.1778448195685 -1218.6207554408481 -1652.4461351477582 358.84101182725698 2083.4100464569897 -481.84518745740252 987.71995540800549 576.82648051780996 2639.9282167968754 -513.64940646244929 535.64022666237577 168.48160509050962 -34.016826394888078 -600.18439824653399 602.9333146972657 -1359.3505331716231 1409.7844143954192 532.58604137492637 -890.23852485207954
leaf_weight=20 20 20 28 25 20 64 21 25 42 28 883 21 21 23 45 38 36 84 79 25 247 165 391 104 66 75 31 33 53 34
leaf_count=20 20 20 28 25 20 64 21 25 42 28 883 21 21 23 45 38 36 84 79 25 247 165 391 104 66 75 31 33 53 34
internal_value=79.2863 -40.0556 8.67328 -33.6023 -60.0331 -26.3485 -62.1699 -32.0834 164.13 -231.532 -124.652 -166.849 205.157 104.626 145.654 1148.4 618.769 808.349 199.783 1366.67 -634.631 53.383 -54.585 -556.141 -1152.85 -132.667 125.864 265.092 -374.415 -23.4603
internal_weight=2767 2747 2727 2699 2674 2654 2590 2569 1295 1274 1007 979 1253 1008 985 83 245 209 100 109 267 902 737 195 91 958 542 424 118 87
internal_count=2767 2747 2727 2699 2674 2654 2590 2569 1295 1274 1007 979 1253 1008 985 83 245 209 100 109 267 902 737 195 91 958 542 424 118 87
is_linear=0
shrinkage=0.05


Tree=120
num_leaves=31
num_cat=0
split_feature=41 27 4 104 3 34 106 1 28 27 91 32 32 26 65 121 103 98 103 56 76 3 16 91 76 27 85 89 81 43
split_gain=3.01292e+12 5.05689e+11 1.24996e+11 5.37184e+10 4.89727e+10 3.88576e+10 3.07435e+10 4.25795e+10 3.12485e+10 4.40386e+10 2.56234e+10 2.46161e+10 3.26468e+10 2.91525e+10 2.36812e+10 2.11953e+10 1.83469e+10 1.76619e+10 1.58156e+10 1.59116e+10 1.46865e+10 1.69896e+10 1.32612e+10 1.84108e+10 1.29157e+10 3.45646e+10 2.01726e+10 1.97962e+10 1.63745e+10 2.01903e+10
threshold=85.500000000000014 185.00000000000003 2641.5000000000005 213230.64500000016 218.50000000000003 117.50000000000001 1534214.4500000004 388.00000000000006 70.500000000000014 112.50000000000001 4381224.8750000009 99.500000000000014 78.500000000000014 37.500000000000007 -0.99466160899732459 289.21428571428578 -36474.780000000021 2991928.2288637753 -844968.82999999996 2.5000000000000004 1292326.7850000001 34.500000000000007 28163.375243097704 990647.28000000014 4758971.0650000004 76.500000000000014 6217556.168928572 5409507.1378571438 5947044.2071428588 63.500000000000007
decision_type=2 2 2 2 2 2 2 2 2 2 2 2 2 2 2 2 2 2 2 2 2 2 2 2 2 2 2 2 2 2
left_child=1 2 3 11 5 6 7 10 9 17 14 12 16 -14 -5 -7 20 -8 19 -16 -1 -22 -18 -24 25 -20 28 -27 29 -26
right_child=-2 -3 -4 4 -6 15 8 -9 -10 -11 -12 -13 13 -15 18 -17 22 -19 24 -21 21 -23 23 -25 26 27 -28 -29 -30 -31
leaf_value=-1811.5935593377978 18923.094155738469 -8009.4387255859374 3355.291945167824 1176.5950722434304 -2196.0243274688723 2599.7773587544762 549.69092795054121 -2191.989142717634 2391.7757890624998 -1528.8136433145276 1432.0939169491039 -1959.1235751065342 49.816996684827302 2371.1240414937338 -1795.1937554168701 620.59839861469891 -195.60773166218996 2041.7151754150391 79.839953242488804 -281.05960974365701 930.74929112025677 -516.26025688568222 -484.44708775111604 1445.834796854655 1363.4981675720217 -2457.8366222563245 -496.17488250732424 -393.81944814828728 1992.4579662181714 -560.44249194335941
leaf_weight=21 21 20 27 44 22 24 96 21 25 23 34 22 38 21 20 31 497 25 786 131 21 596 21 30 30 21 32 26 27 25
leaf_count=21 21 20 27 44 22 24 96 21 25 23 34 22 38 21 20 31 497 25 786 131 21 596 21 30 30 21 32 26 27 25
internal_value=55.9238 -87.787 -29.9013 -63.6284 144.966 181.209 128.744 39.6156 760.029 476.74 79.4657 -301.198 -271.902 876.045 39.1948 1484.24 -329.009 857.96 -6.38407 -481.607 -511.268 -467.01 -116.816 651.013 69.3907 1.08083 568.532 -1316.04 984.027 488.98
internal_weight=2778 2757 2737 2710 1443 1421 1366 1197 169 144 1176 1267 1245 59 1142 55 1186 121 1098 151 638 617 548 51 947 833 114 47 82 55
internal_count=2778 2757 2737 2710 1443 1421 1366 1197 169 144 1176 1267 1245 59 1142 55 1186 121 1098 151 638 617 548 51 947 833 114 47 82 55
is_linear=0
shrinkage=0.05


Tree=121
num_leaves=31
num_cat=0
split_feature=41 27 11 40 44 37 23 6 20 105 99 11 103 105 26 43 16 107 23 22 33 79 17 19 79 19 98 9 88 9
split_gain=2.71916e+12 4.56384e+11 1.17802e+11 5.21529e+10 1.05004e+11 6.20837e+10 5.69658e+10 5.11864e+10 4.84073e+10 2.72526e+10 2.65582e+10 2.65957e+10 2.42986e+10 2.54113e+10 2.34562e+10 5.67741e+10 1.88048e+10 1.88548e+10 2.5079e+10 2.73185e+10 2.64631e+10 2.11678e+10 1.96995e+10 1.81108e+10 3.66729e+10 1.61892e+10 1.49762e+10 1.33968e+10 1.41878e+10 1.30229e+10
threshold=85.500000000000014 185.00000000000003 1558803.1450000003 47.500000000000007 50.500000000000007 67.500000000000014 258.50000000000006 2.2792897447122367 4.5000000000000009 250821.66499999983 852476.54000000015 813074.47000000009 -362694.74500000005 2846763.3750000005 40.500000000000007 73.500000000000014 27625.305964276544 249.50000000000003 143.50000000000003 35.500000000000007 65.500000000000014 5501873.9650000008 4721251.4055080516 18405.666812957377 2992905.4950000006 14370.72080986923 1648056.4740637245 730.21500000000003 12128308.305000002 702.62000000000012
decision_type=2 2 2 2 2 2 2 2 2 2 2 2 2 2 2 2 2 2 2 2 2 2 2 2 2 2 2 2 2 2
left_child=1 2 3 4 5 6 8 -7 9 25 12 14 13 -10 23 -16 17 18 19 20 -14 -19 -21 24 -12 -1 -18 28 -25 -20
right_child=-2 -3 -4 -5 -6 7 -8 -9 10 -11 11 -13 16 -15 15 -17 26 21 29 22 -22 -23 -24 27 -26 -27 -28 -29 -30 -31
leaf_value=783.84138138382525 17976.939217122399 -7608.9669628906258 3794.8955603027348 2090.1966363089427 -3124.8398228236611 -149.5890834263393 -2673.6006277901788 3115.9640333993098 -251.29906535804818 93.431511285271441 1825.9325856526693 2073.6437077840169 -108.42678840050331 -1851.3857753208704 2631.4680926154642 -472.33762089655949 1779.7516868328225 -89.074820810953781 -439.20015790385588 308.72802747430649 -1915.4895016988119 1759.6310410022736 1803.1545869140625 -91.099864019349567 186.53833572712352 -458.88590794970105 351.51413994598391 -809.42416931152354 1150.5622161865235 -1791.0187704467776
leaf_weight=27 21 20 20 28 28 21 21 28 218 355 45 24 130 28 34 26 29 30 62 187 24 32 25 129 141 892 50 50 28 25
leaf_count=27 21 20 20 28 28 21 21 28 218 355 45 24 130 28 34 26 29 30 62 187 24 32 25 129 141 892 50 50 28 25
internal_value=53.1276 -83.3976 -28.4063 -56.5498 -78.9034 -46.853 -79.9317 1716.44 -58.91 -278.645 153.651 451.61 -15.5472 -433.423 365.675 1286.49 157.512 47.3279 -64.5963 116.786 -390.047 865.096 484.958 225.093 583.166 -422.375 875.804 -96.6539 130.343 -827.654
internal_weight=2778 2757 2737 2717 2689 2661 2612 49 2591 1274 1317 477 840 246 453 60 594 515 453 366 154 62 212 393 186 919 79 207 157 87
internal_count=2778 2757 2737 2717 2689 2661 2612 49 2591 1274 1317 477 840 246 453 60 594 515 453 366 154 62 212 393 186 919 79 207 157 87
is_linear=0
shrinkage=0.05


Tree=122
num_leaves=31
num_cat=0
split_feature=41 23 39 17 94 34 25 65 21 14 99 52 50 13 66 64 105 103 107 78 26 45 27 50 12 105 45 22 24 52
split_gain=2.45405e+12 4.18046e+11 1.19254e+11 4.61903e+10 1.4332e+11 5.69654e+10 4.61627e+10 2.77813e+10 2.62195e+10 3.90124e+10 2.63715e+10 3.54572e+10 2.19189e+10 2.9614e+10 2.20004e+10 2.25388e+10 2.12591e+10 2.09486e+10 2.03543e+10 3.55595e+10 1.88445e+10 1.52949e+10 1.52239e+10 1.49475e+10 1.45694e+10 1.70787e+10 1.43572e+10 1.43428e+10 1.78375e+10 1.38994e+10
threshold=85.500000000000014 364.00000000000006 88.500000000000014 8627148.6160498969 2529306.2032642704 126.50000000000001 4.5000000000000009 -0.99865756837029884 33.500000000000007 9833263.2000000011 1030910.4400000002 31527.156630236797 1.0781460579514828 149.70588802712967 -0.86092912513210462 1.0000000180025095e-35 236946.27500000017 -433281.5749999999 249.50000000000003 5501873.9650000008 44.500000000000007 61.500000000000007 76.500000000000014 1.2042731143552314 2742.6501108661828 -1073653.9750000001 34.500000000000007 74.500000000000014 46.500000000000007 15099.97320634921
decision_type=2 2 2 2 2 2 2 2 2 2 2 2 2 2 2 2 2 2 2 2 2 2 2 2 2 2 2 2 2 2
left_child=1 2 3 5 -5 6 16 -8 9 10 11 12 13 14 15 -9 23 21 22 -20 24 -14 -19 29 25 -12 -13 28 -16 -1
right_child=-2 -3 -4 4 -6 -7 7 8 -10 -11 20 26 17 -15 27 -17 -18 18 19 -21 -22 -23 -24 -25 -26 -27 -28 -29 -30 -31
leaf_value=-1141.7949056273242 17078.092694382442 -7106.91086077009 2917.4518625147207 -4622.4746071555401 587.51833653305516 2625.8425386047365 1596.2697380297113 -884.19483141217916 -1444.7229940561149 2296.3264508928573 -388.73875949059004 399.69740616349151 -202.2593471411503 41.677840498219368 -666.29236939983605 -3022.7968245072802 56.904906804011425 285.30871836378219 -187.0661575317383 2758.8125531877795 1468.5512050083707 -1699.5395120371945 -864.40968951056993 288.30442142238866 1308.5887981305805 463.6924872995537 1590.6173694610598 -1801.6758825683596 1001.1108966064454 -382.51203733244051
leaf_weight=65 21 21 34 22 33 20 33 28 26 21 81 121 66 138 81 22 390 188 20 21 42 23 34 77 35 214 32 20 20 829
leaf_count=65 21 21 34 22 33 20 33 28 26 21 81 121 66 138 81 22 390 188 20 21 42 23 34 77 35 214 32 20 20 829
internal_value=50.4712 -79.2278 -25.2872 -62.3165 -1496.48 -32.5171 -52.7559 164.563 126.245 160.085 122.26 -37.1277 -195.893 -503.199 -942.924 -1825.18 -254.906 73.8731 298.258 1321.8 471.027 -589.197 109.226 -380.144 344.07 229.635 648.779 -578.355 -336.114 -437.717
internal_weight=2778 2757 2736 2702 55 2647 2627 1266 1233 1207 1186 814 661 309 171 50 1361 352 263 41 372 89 222 971 330 295 153 121 101 894
internal_count=2778 2757 2736 2702 55 2647 2627 1266 1233 1207 1186 814 661 309 171 50 1361 352 263 41 372 89 222 971 330 295 153 121 101 894
is_linear=0
shrinkage=0.05


Tree=123
num_leaves=31
num_cat=0
split_feature=41 27 37 120 36 22 104 5 103 45 10 19 18 103 93 23 80 42 40 118 3 89 16 19 103 34 29 105 116 32
split_gain=2.21478e+12 3.8416e+11 1.06651e+11 4.88453e+10 7.0167e+10 6.12042e+10 4.27726e+10 3.61478e+10 2.85708e+10 4.31123e+10 2.51067e+10 2.23403e+10 2.05434e+10 1.73524e+10 2.90434e+10 3.0155e+10 1.86795e+10 3.65352e+10 1.69383e+10 1.67477e+10 2.56904e+10 1.61803e+10 1.5512e+10 1.76155e+10 1.63095e+10 2.44915e+10 1.47195e+10 1.33031e+10 1.83463e+10 3.24702e+10
threshold=85.500000000000014 181.50000000000003 92.500000000000014 461.50000000000006 28.500000000000004 141.50000000000003 1.0000000180025095e-35 4.4813657407407419 -1596446.9450000001 89.500000000000014 15853.185000000003 18730.881093875807 18963.214334426968 -293080.15999999997 1923629.6162500002 24.500000000000004 6883099.0050000008 80.500000000000014 27.500000000000004 283.50000000000006 140.50000000000003 2919723.3087500003 21271.429491488005 18042.123105455223 738522.41999999981 95.500000000000014 9.5000000000000018 -762493.5349999998 112.50000000000001 92.500000000000014
decision_type=2 2 2 2 2 2 2 2 2 2 2 2 2 2 2 2 2 2 2 2 2 2 2 2 2 2 2 2 2 2
left_child=1 2 3 4 6 -5 13 11 -9 10 19 12 22 14 -1 -16 17 -15 -13 20 21 -10 24 -24 25 -8 -14 -12 29 -29
right_child=-2 -3 -4 5 -6 -7 7 8 9 -11 27 18 26 16 15 -17 -18 -19 -20 -21 -22 -23 23 -25 -26 -27 -28 28 -30 -31
leaf_value=-2407.5310592651367 16224.187616257441 -6510.1873874830162 3297.289835611979 311.37832884496572 -2776.0466476440433 3593.6323742675786 -372.51775800414003 -1044.9090023556271 -705.78258195100011 2463.4566528320315 52.532059945633165 -334.498353509342 416.23358053163042 -160.32079690016795 1389.3449227469309 -555.19096621402025 -1535.4214459460716 1871.0076177182405 -1613.9109954833984 1058.9716493959781 -1355.301736805051 339.15458792347022 1864.4816015625001 -109.28191387469951 -1303.4353847503662 1272.3608917236329 2031.1948157900858 610.67780574688447 1503.2409548245944 -1408.8671595982144
leaf_weight=20 21 23 24 49 24 20 118 37 54 24 134 340 43 589 21 394 23 23 28 27 43 118 20 26 32 28 21 381 52 21
leaf_count=20 21 23 24 49 24 20 118 37 54 24 134 340 43 589 21 394 23 23 28 27 43 118 20 26 32 28 21 381 52 21
internal_value=47.9476 -75.2664 -21.1321 -50.5203 -84.8316 1262.76 -60.151 107.961 315.346 374.28 313.87 -173.717 156.113 -303.206 -546.482 -456.793 -136.552 -83.98 -431.845 -114.784 -262.186 11.0929 -69.6099 748.876 -281.129 -57.0616 946.143 490.289 619.495 505.179
internal_weight=2778 2757 2734 2710 2641 69 2617 1547 891 854 830 656 288 1070 435 415 635 612 368 242 215 172 224 46 178 146 64 588 454 402
internal_count=2778 2757 2734 2710 2641 69 2617 1547 891 854 830 656 288 1070 435 415 635 612 368 242 215 172 224 46 178 146 64 588 454 402
is_linear=0
shrinkage=0.05


Tree=124
num_leaves=31
num_cat=0
split_feature=39 33 4 44 37 107 104 13 11 17 21 53 42 22 104 32 32 15 108 76 33 8 13 95 30 19 52 51 107 66
split_gain=2.04892e+12 3.68291e+11 1.34632e+11 6.09661e+10 5.30847e+10 4.64508e+10 3.58292e+10 2.09921e+10 5.63322e+10 8.57691e+10 3.03776e+10 3.09975e+10 2.66981e+10 1.95678e+10 1.95452e+10 1.61704e+10 3.45063e+10 1.59338e+10 1.56355e+10 1.54041e+10 1.48299e+10 1.78811e+10 1.6993e+10 1.43039e+10 1.52478e+10 1.39166e+10 2.73565e+10 1.90418e+10 1.40298e+10 1.35043e+10
threshold=105.50000000000001 299.50000000000006 2641.5000000000005 55.500000000000007 67.500000000000014 458.50000000000006 1.0000000180025095e-35 734.40627445021073 14625.000000000002 4949749.1609992282 22.500000000000004 0.1363636331509574 51.500000000000007 166.50000000000003 2393125.8500000006 96.500000000000014 78.500000000000014 32661.83222943723 309.50000000000006 1340033.4800000002 162.50000000000003 2729.575091652524 3183.8843969673121 3980264.5200000005 6.5000000000000009 19441.710844938872 27575.265127436283 28962.934682684903 209.50000000000003 -0.2511900638848194
decision_type=2 2 2 2 2 2 2 2 2 2 2 2 2 2 2 2 2 2 2 2 2 2 2 2 2 2 2 2 2 2
left_child=1 2 3 4 6 -6 15 8 13 12 11 14 -10 17 29 16 19 23 -18 -1 21 -13 -23 24 25 26 -8 -27 -28 -9
right_child=-2 -3 -4 -5 5 -7 7 10 9 -11 -12 20 -14 -15 -16 -17 18 -19 -20 -21 -22 22 -24 -25 -26 27 28 -29 -30 -31
leaf_value=-1695.0702343749999 15991.431992187499 -6830.4465988159182 3560.1395235501805 -2618.3398068635361 2463.9774101061703 -369.1512122112772 -91.430542983356702 -78.990364488348916 -1442.2692791482677 -4214.3695613098143 1805.2160217285157 1191.9524513527201 1023.5596665155322 1417.2186815185548 1974.6330332880436 -1698.0318850708009 2153.2103295898437 761.0257650708395 221.57853892933241 -293.49657351753928 -1279.2780704204854 -768.35685787442367 119.97194411147983 951.24179798473017 -974.26980158487959 -770.26377987745332 529.45809399879579 -0.12769951758446632 1923.5521071213943 674.34943343389614
leaf_weight=20 20 20 26 23 39 23 234 83 23 20 32 27 21 25 23 20 20 63 22 990 26 79 169 33 48 123 59 231 26 210
leaf_count=20 20 20 26 23 39 23 234 83 23 20 32 27 21 25 23 20 20 63 22 990 26 79 169 33 48 123 59 231 26 210
internal_value=45.5503 -70.0834 -20.7016 -55.0312 -33.1063 1412.98 -67.2355 86.0818 -69.404 -1499.45 303.139 225.235 -265.396 39.2931 571.119 -289.631 -262.856 -2.87106 1141.4 -321.251 -137.885 -29.9717 -163.004 -66.698 -113.289 -51.8816 187.635 -267.717 955.887 460.946
internal_weight=2778 2758 2738 2712 2689 62 2627 1555 906 64 649 617 44 842 316 1072 1052 817 42 1010 301 275 248 754 721 673 319 354 85 293
internal_count=2778 2758 2738 2712 2689 62 2627 1555 906 64 649 617 44 842 316 1072 1052 817 42 1010 301 275 248 754 721 673 319 354 85 293
is_linear=0
shrinkage=0.05


Tree=125
num_leaves=31
num_cat=0
split_feature=104 42 0 5 44 37 33 104 76 93 104 102 53 10 32 45 5 19 56 79 9 23 23 38 82 56 12 101 82 16
split_gain=1.00655e+12 5.44415e+11 1.3316e+11 4.08695e+10 4.01978e+10 5.10973e+10 3.74296e+10 2.67826e+10 3.32358e+10 3.01026e+10 4.32036e+10 2.94163e+10 2.27559e+10 2.10858e+10 2.45906e+10 2.866e+10 1.9359e+10 1.72742e+10 1.77307e+10 1.72603e+10 1.70537e+10 1.68266e+10 3.72277e+10 3.26509e+10 1.86371e+10 1.63055e+10 1.59065e+10 1.57069e+10 1.56154e+10 1.42613e+10
threshold=6700200.8950000005 175.50000000000003 528.00000000000011 4.3392899880335074 50.500000000000007 73.500000000000014 171.50000000000003 -44029.904999999904 4849588.9600000009 6520433.1726785721 2630669.7599999998 2772813.9648096967 0.13636362024743429 9853.2400000000016 78.500000000000014 57.500000000000007 4.49549142965457 15637.644645516042 23.500000000000004 5603128.245000001 691.2850000000002 143.50000000000003 137.50000000000003 136.50000000000003 1610815.3755024839 16.500000000000004 1460.9924251662972 4314792.6052658996 758052.95578410849 23315.262586440382
decision_type=2 2 2 2 2 2 2 2 2 2 2 2 2 2 2 2 2 2 2 2 2 2 2 2 2 2 2 2 2 2
left_child=1 2 3 6 5 7 25 13 21 10 12 16 19 -5 17 -16 -11 -15 29 -10 -18 22 27 -23 26 -1 -25 -9 -20 -19
right_child=-2 -3 -4 4 -6 -7 -8 8 9 11 -12 -13 -14 14 15 -17 20 18 28 -21 -22 23 -24 24 -26 -27 -28 -29 -30 -31
leaf_value=-643.513507264704 9599.2569607204859 -8321.5311294555668 3270.9762306722005 -1786.7869274321056 -2160.4516127813431 2553.2637880468374 -2601.9291989135745 799.5782490563771 1726.3411397833574 -298.61001841227215 3281.9882421875004 -1351.480955886841 -348.00857525449811 777.84773716173686 2356.6084143829348 -86.920428873697915 1796.4046064040242 -446.40795849439337 -360.5626833089193 350.63030845240542 160.83567504882814 -2228.4859210470449 1956.3679664024942 -1233.8542679205175 856.62170829772958 -59.521209298647364 296.23251113891604 -18.54407236830431 -2002.3637268066407 52.491304071712115
leaf_weight=281 27 20 30 21 21 20 20 63 57 48 20 28 33 38 20 30 34 341 30 38 30 23 26 41 32 208 29 853 28 247
leaf_count=281 27 20 30 21 21 20 20 63 57 48 20 28 33 38 20 30 34 341 30 38 30 23 26 41 32 208 29 853 28 247
internal_value=-6.96572 -102.673 -41.5667 -78.9262 16.4121 37.8742 -481.82 14.0316 147.003 623.642 1120.82 98.0577 783.134 -224.613 -179.918 890.491 460.442 -258.165 -319.107 1176.06 1029.73 18.3508 90.6804 -526.725 -142.994 -395.108 -599.961 37.7242 -1153.16 -236.836
internal_weight=2737 2710 2690 2660 2151 2130 509 2110 1355 288 148 140 128 755 734 50 112 684 646 95 64 1067 942 125 102 489 70 916 58 588
internal_count=2737 2710 2690 2660 2151 2130 509 2110 1355 288 148 140 128 755 734 50 112 684 646 95 64 1067 942 125 102 489 70 916 58 588
is_linear=0
shrinkage=0.05


Tree=126
num_leaves=31
num_cat=0
split_feature=14 42 0 44 103 26 14 17 10 40 65 17 102 4 103 55 5 29 11 102 75 82 34 12 42 35 16 11 52 107
split_gain=9.88405e+11 4.63014e+11 1.05171e+11 6.23751e+10 4.03198e+10 4.80867e+10 3.19239e+10 3.13928e+10 4.21814e+10 2.83966e+10 3.18896e+10 2.57217e+10 2.3525e+10 2.75981e+10 2.15289e+10 1.94773e+10 1.64124e+10 1.58076e+10 1.43769e+10 1.43169e+10 2.12533e+10 1.4324e+10 1.37216e+10 1.74782e+10 1.49443e+10 1.75732e+10 1.36364e+10 2.17639e+10 1.3285e+10 1.25341e+10
threshold=13161770.050000003 173.50000000000003 519.50000000000011 49.500000000000007 1781879.2300000002 64.500000000000014 5246998.1850000015 5104223.1168713411 14059.765000000001 38.500000000000007 -0.67760851415498069 4755449.7077401951 2722852.3102383241 1495.0000000000002 -1562534.2549999997 9.5000000000000018 4.4905645448431395 1.5000000000000002 42804.200000000004 2732108.8312952551 3604227.9600000004 2598641.7719198191 78.500000000000014 2447.9308110782381 99.500000000000014 41.500000000000007 27469.192213352482 15421.220000000003 26867.138017119451 247.50000000000003
decision_type=2 2 2 2 2 2 2 2 2 2 2 2 2 2 2 2 2 2 2 2 2 2 2 2 2 2 2 2 2 2
left_child=1 2 3 4 5 6 7 11 -9 10 15 14 13 -6 18 -8 17 26 28 21 -21 -19 -12 24 29 -26 27 -16 -1 -24
right_child=-2 -3 -4 -5 12 -7 9 8 -10 -11 22 -13 -14 -15 16 -17 -18 19 -20 20 -22 -23 23 -25 25 -27 -28 -29 -30 -31
leaf_value=-1941.0309463613173 9175.1308102311759 -7500.4380324590784 2675.7905170549666 -2797.2675548735119 -447.95622162690034 -2541.519924926758 2063.9069522020295 -3173.5915438079837 -323.54583674250421 -1354.5203955078125 -24.201272307849322 1190.910434044732 2379.9064286665484 1483.2269178235854 -2754.0325366210941 270.44097137451172 29.247184954571125 -288.44542083986573 -81.328518079674765 -194.85254616115404 853.98740966268224 -1410.8242788696289 -34.313590567452565 1922.7874116443454 -1104.2761150491649 794.9292820521764 11.27062713623047 -421.44394699096688 -643.53815255672373 1296.8277481714886
leaf_weight=34 29 21 35 21 37 20 41 20 37 25 244 36 22 37 20 24 952 542 46 161 69 30 28 21 29 21 20 20 47 48
leaf_count=34 29 21 35 21 37 20 41 20 37 25 244 36 22 37 20 24 952 542 46 161 69 30 28 21 29 21 20 20 47 48
internal_value=-6.61744 -104.945 -47.1461 -83.0823 -61.4183 -99.5087 -80.0891 -166.717 -1323.56 286.232 376.186 -133.363 944.406 517.635 -157.925 1401.7 -113.864 -271.917 -787.263 -213.352 119.799 -347.311 205.703 587.313 364.734 -306.61 -1054.74 -1587.74 -1188.16 806.407
internal_weight=2737 2708 2687 2652 2631 2535 2515 2034 57 481 456 1977 96 74 1941 65 1814 862 127 802 230 572 391 147 126 50 60 40 81 76
internal_count=2737 2708 2687 2652 2631 2535 2515 2034 57 481 456 1977 96 74 1941 65 1814 862 127 802 230 572 391 147 126 50 60 40 81 76
is_linear=0
shrinkage=0.05


Tree=127
num_leaves=31
num_cat=0
split_feature=105 44 80 33 104 8 76 23 102 103 42 5 21 41 65 39 80 107 5 66 109 58 103 107 17 80 16 116 115 86
split_gain=9.57303e+11 3.16353e+11 1.05799e+11 9.44248e+10 3.29302e+10 3.12338e+10 2.58254e+10 2.927e+10 3.22991e+10 1.95478e+10 2.69673e+10 1.67076e+10 2.1503e+10 2.25186e+10 1.55943e+10 1.51819e+10 1.50692e+10 2.06453e+10 1.46624e+10 1.36977e+10 1.3678e+10 1.29893e+10 1.56575e+10 1.26393e+10 1.26149e+10 1.4012e+10 1.23523e+10 1.5038e+10 1.40973e+10 1.48783e+10
threshold=8056916.830000001 66.500000000000014 13142215.310000002 251.50000000000003 1.0000000180025095e-35 1878.6343625231832 4895976.1750000007 145.50000000000003 2772813.9648096967 -313554.76999999996 80.500000000000014 4.49549142965457 22.500000000000004 44.500000000000007 -0.99939814596352028 51.500000000000007 8702848.0100000016 351.50000000000006 4.5080005120327709 -0.98798606843101155 47.500000000000007 178.50000000000003 450637.03999999986 274.50000000000006 5801400.6330159735 5790880.6700000009 25638.389569664894 35.500000000000007 33.709189987672396 725278.09567804111
decision_type=2 2 2 2 2 2 2 2 2 2 2 2 2 2 2 2 2 2 2 2 2 2 2 2 2 2 2 2 2 2
left_child=1 2 3 4 5 -1 14 -8 11 20 19 12 13 15 -6 -9 17 18 24 -11 -7 22 -13 -20 25 -16 28 -28 -21 -30
right_child=-2 -3 -4 -5 6 9 7 8 -10 10 -12 21 -14 -15 16 -17 -18 -19 23 26 -22 -23 -24 -25 -26 -27 27 -29 29 -31
leaf_value=-1898.0017823317955 9029.8458824420795 -6368.2022460937505 -3591.5101236979167 2671.1047119140626 1193.1722872220553 -1698.4943112580675 1894.8562670158619 -176.10152133373504 -1014.846054311899 717.39864729060685 1285.8545148577009 1.4939997239546343 1409.4628699669472 -1297.4247348785402 -272.35669909292653 1468.6754138183596 936.43862658048931 -1667.8680361938477 78.869536445924908 -1031.3354045990975 -440.61706511854464 1996.1757703145345 1283.0526245117189 1326.9453677222843 -1463.1736736106873 536.63017659505215 -445.68186264038087 696.85041546291779 428.43175894419358 -372.19868197744108
leaf_weight=29 29 20 21 32 26 23 33 47 39 43 35 44 26 32 496 20 38 20 596 62 358 24 52 21 20 60 48 72 72 299
leaf_count=29 29 20 21 32 26 23 33 47 39 43 35 44 26 32 496 20 38 20 596 62 358 24 52 21 20 60 48 72 72 299
internal_value=-6.28657 -103.055 -56.4389 -28.6037 -61.3896 -280.113 81.4532 485.392 321.616 -233.751 -62.9946 534.359 129.801 -206.271 -18.8197 314.877 -44.0089 -74.7237 -48.0155 -142.205 -516.552 955.772 695.672 121.349 -229.435 -185.056 -209.046 239.838 -333.448 -216.82
internal_weight=2737 2708 2688 2667 2635 1041 1594 317 284 1012 631 245 125 99 1277 67 1251 1213 1193 596 381 120 96 617 576 556 553 120 433 371
internal_count=2737 2708 2688 2667 2635 1041 1594 317 284 1012 631 245 125 99 1277 67 1251 1213 1193 596 381 120 96 617 576 556 553 120 433 371
is_linear=0
shrinkage=0.05


Tree=128
num_leaves=31
num_cat=0
split_feature=25 0 28 26 40 0 14 3 17 86 103 17 14 19 16 19 82 79 13 65 19 45 6 75 82 12 75 19 103 44
split_gain=9.43505e+11 4.32243e+11 2.03233e+11 7.52179e+10 5.66634e+10 5.27441e+10 4.07766e+10 2.95567e+10 2.7746e+10 2.53682e+10 2.01431e+10 1.88327e+10 1.78606e+10 1.83178e+10 1.70992e+10 2.21438e+10 1.61579e+10 1.55389e+10 1.95539e+10 3.23912e+10 2.04781e+10 1.52063e+10 1.49033e+10 1.47022e+10 1.42503e+10 1.41277e+10 1.3755e+10 1.36301e+10 1.35062e+10 1.34204e+10
threshold=24.500000000000004 658.00000000000011 103.50000000000001 67.500000000000014 43.500000000000007 486.50000000000006 5246998.1850000015 150.50000000000003 5135975.7318696612 4171696.4341061614 -1562534.2549999997 4253541.0059964648 9134142.3500000015 19020.708960299973 23315.262586440382 15477.018124643837 629366.70584443863 11969161.165000001 473.4870014702413 0.97310932590074095 17005.835764164633 70.500000000000014 2.295383507182597 6019969.955000001 679746.08493697376 698.54765775401086 6762992.830000001 19878.805037016515 -261156.25499999986 23.500000000000004
decision_type=2 2 2 2 2 2 2 2 2 2 2 2 2 2 2 2 2 2 2 2 2 2 2 2 2 2 2 2 2 2
left_child=1 2 3 4 5 6 7 10 -9 12 -1 14 17 -14 15 16 -12 18 20 22 -8 23 -20 29 -13 27 -21 -16 -25 -22
right_child=-2 -3 -4 -5 -6 -7 9 8 -10 -11 11 24 13 -15 25 -17 -18 -19 19 26 21 -23 -24 28 -26 -27 -28 -29 -30 -31
leaf_value=-727.47196612954144 10814.208642578125 -7231.2338541666677 4991.5569482421879 -2854.0519627888998 1927.8897105746801 -2453.2158806178882 1253.2044220753205 -219.8480518047626 -2577.4098871866863 -1103.8567536452722 -171.6241008843316 1575.6413955078126 577.8728514753069 2474.7515185546877 609.15584104489051 -322.34733977498888 1168.2733125813802 -682.98294576009118 910.76093953450527 651.84686417118201 292.76239251030819 -1054.4191936624463 2359.7179720633371 108.93487855242445 246.13708246671237 716.93112162272143 -1005.4944755917504 -97.274747056334562 1164.3136150512696 -816.89059392755689
leaf_weight=128 20 21 20 24 36 23 39 26 24 29 45 25 35 20 78 948 45 36 36 31 54 29 35 77 104 75 21 548 50 55
leaf_count=128 20 21 20 24 36 23 39 26 24 29 45 25 35 20 78 948 45 36 36 31 54 29 35 77 104 75 21 548 50 55
internal_value=-5.97224 -85.6202 -29.9608 -67.4908 -42.2731 -69.3854 -48.2407 -150.762 -1351.48 335.231 -120.684 -79.1056 415.798 1267.65 -122.345 -251.191 498.325 314.606 398.712 930.645 183.489 26.0592 1625.04 158.83 503.793 68.4414 -17.4641 -9.25304 524.438 -267.154
internal_weight=2737 2717 2696 2676 2652 2616 2593 2046 50 547 1996 1868 518 55 1739 1038 90 463 427 123 304 265 71 236 129 701 52 626 127 109
internal_count=2737 2717 2696 2676 2652 2616 2593 2046 50 547 1996 1868 518 55 1739 1038 90 463 427 123 304 265 71 236 129 701 52 626 127 109
is_linear=0
shrinkage=0.05


Tree=129
num_leaves=31
num_cat=0
split_feature=37 44 11 26 14 5 95 10 5 18 14 45 102 42 112 108 26 42 117 56 27 14 18 8 29 53 122 79 79 65
split_gain=9.03522e+11 2.32675e+11 4.73392e+10 7.9606e+10 4.60903e+10 3.9661e+10 3.58235e+10 2.31325e+10 2.26485e+10 1.92178e+10 1.80177e+10 2.27062e+10 3.13627e+10 2.24291e+10 2.0118e+10 3.00672e+10 1.8414e+10 1.79276e+10 1.67986e+10 1.48527e+10 1.40265e+10 2.17172e+10 1.80797e+10 1.92154e+10 1.76514e+10 1.48846e+10 1.34248e+10 1.26734e+10 1.24833e+10 1.24713e+10
threshold=104.50000000000001 66.500000000000014 1497754.6150000005 70.500000000000014 9134142.3500000015 4.4979838381867561 2243930.2200000002 8897.7650000000012 4.3392899880335074 11945.265800320638 4263380.2850000011 71.500000000000014 2659883.6914973119 100.50000000000001 180.50000000000003 271.50000000000006 37.500000000000007 92.500000000000014 199.50000000000003 16.500000000000004 29.500000000000004 2863288.4750000006 14619.988248248337 3154.1592862715024 5.5000000000000009 0.13636363555533759 46.447615071300469 12497995.295000002 4895976.1750000007 0.98930504265984687
decision_type=2 2 2 2 2 2 2 2 2 2 2 2 2 2 2 2 2 2 2 2 2 2 2 2 2 2 2 2 2 2
left_child=1 2 3 4 7 -6 -7 -1 17 26 16 13 14 18 -13 -16 20 19 -12 -9 21 -11 -22 -24 28 -26 -10 29 -25 -20
right_child=-2 -3 -4 -5 5 6 -8 8 9 10 11 12 -14 -15 15 -17 -18 -19 27 -21 22 -23 23 24 25 -27 -28 -29 -30 -31
leaf_value=-1659.5005885912026 10086.28485440341 -5330.08030482701 2376.9409423828124 -3207.3723278808593 -173.3034849509215 3416.3607039741846 829.3596507072449 -537.3517243946502 306.30677083333336 -99.146982362142083 1250.478240801837 -1255.4362458602243 -2263.064544968378 1687.9210137261286 1718.3598475341798 -882.62562622070311 -1358.1365814208984 -1702.4583201090497 265.28639499828608 31.416335919438577 -1700.8995982776989 595.88784783591689 425.64398356119796 -1076.6055821511598 3.2902992516233214 -1387.8198713030133 1978.6815411376954 -866.94057522477783 -146.54391740762964 -696.19674275716147
leaf_weight=23 22 21 20 20 39 23 32 277 30 539 37 23 21 27 25 20 30 24 534 196 22 142 90 113 228 21 20 29 53 36
leaf_count=23 22 21 20 20 39 23 32 277 30 539 37 23 21 27 25 20 30 24 534 196 22 142 90 113 228 21 20 29 53 36
internal_value=-5.67363 -87.4501 -46.5833 -64.7098 -41.0274 1046.35 1911.2 -80.9545 -66.6437 7.09446 -17.2312 175.807 -574.078 276.471 -52.4787 562.366 -134.489 -369.312 216.551 -301.668 -104.1 45.7795 -297.778 -236.652 -380.283 -114.032 975.257 152.685 -779.658 204.561
internal_weight=2737 2715 2694 2674 2654 94 55 2560 2537 2040 1990 752 89 663 68 45 1238 497 636 473 1208 681 527 505 415 249 50 599 166 570
internal_count=2737 2715 2694 2674 2654 94 55 2560 2537 2040 1990 752 89 663 68 45 1238 497 636 473 1208 681 527 505 415 249 50 599 166 570
is_linear=0
shrinkage=0.05


Tree=130
num_leaves=31
num_cat=0
split_feature=21 23 44 39 23 106 42 86 14 107 25 79 65 8 18 86 40 19 12 26 23 26 19 114 5 51 45 75 102 110
split_gain=1.48261e+12 3.95415e+11 5.86154e+10 6.91232e+10 3.38316e+10 1.44326e+11 5.0526e+10 3.67958e+10 2.53579e+10 4.68691e+10 2.21183e+10 2.37638e+10 2.21074e+10 2.23591e+10 2.64769e+10 2.44815e+10 2.34658e+10 1.90435e+10 1.80344e+10 4.32933e+10 2.2268e+10 2.66601e+10 2.22234e+10 1.76345e+10 1.65994e+10 1.56969e+10 1.46952e+10 2.69587e+10 1.41244e+10 1.39593e+10
threshold=45.500000000000007 373.50000000000006 66.500000000000014 92.500000000000014 262.50000000000006 63304.165000000161 129.50000000000003 1998922.0932985155 5312981.2100000009 355.50000000000006 1.0000000180025095e-35 2595775.5050000004 -0.88606241628642823 3693.1783644627781 20822.038355252629 1742089.3753952319 25.500000000000004 15544.638933894244 3560.7937566404107 43.500000000000007 143.50000000000003 27.500000000000004 21185.519223503208 305.58928571428572 4.4933510167992941 14785.425743389102 65.500000000000014 6133811.0500000017 2709979.2437348929 147.07142857142858
decision_type=2 2 2 2 2 2 2 2 2 2 2 2 2 2 2 2 2 2 2 2 2 2 2 2 2 2 2 2 2 2
left_child=1 2 3 4 6 -6 8 -7 9 10 11 -1 -10 14 15 23 -17 -12 19 20 21 25 -20 26 -15 29 27 -14 -16 -19
right_child=-2 -3 -4 -5 5 7 -8 -9 12 -11 17 -13 13 24 28 16 -18 18 22 -21 -22 -23 -24 -25 -26 -27 -28 -29 -30 -31
leaf_value=-1802.6866940816244 13279.693137323289 -7061.1795043945312 -2636.3509323846729 2944.0464547729493 -4329.4145974864132 1818.2537053222657 2355.4579654196036 -1059.0800331115722 1902.9105050223216 -2321.3798743206521 684.18377035817798 -205.68647396203244 -337.17056740208682 158.70795600891114 -238.6343472550555 216.22480948311943 1813.6582594651443 -267.30325311834162 936.79637887137278 -2305.8687538840554 -1182.5235058871183 340.32497397816115 -130.76774773351926 -1214.7739466513356 1127.1644168121645 -100.98896142003417 -537.80339819335939 1600.8338393267463 -1652.9550987981982 -1513.4522717927632
leaf_weight=36 21 20 21 20 23 25 23 20 21 23 93 66 38 80 41 56 39 55 98 22 44 354 97 31 99 1143 50 34 31 38
leaf_count=36 21 20 21 20 23 25 23 20 21 23 93 66 38 80 41 56 39 55 98 22 44 354 97 31 99 1143 50 34 31 38
internal_value=44.9421 -56.4551 -4.96868 15.4976 -6.35721 -1107.38 22.3065 539.439 1.57935 -76.8688 -51.6372 -769.334 313.712 246.832 -3.48953 241.568 872.013 -13.9803 -49.0582 -102.614 -72.9494 -42.2442 405.752 -149.884 694.335 -151.815 120.702 577.998 -847.578 -776.482
internal_weight=2762 2741 2721 2700 2680 68 2612 45 2589 2069 2046 102 520 499 320 248 95 1944 1851 1656 1634 1590 195 153 179 1236 122 72 72 93
internal_count=2762 2741 2721 2700 2680 68 2612 45 2589 2069 2046 102 520 499 320 248 95 1944 1851 1656 1634 1590 195 153 179 1236 122 72 72 93
is_linear=0
shrinkage=0.05


Tree=131
num_leaves=31
num_cat=0
split_feature=104 42 39 23 114 105 43 25 10 86 5 29 43 79 20 24 105 45 96 79 128 19 56 82 93 102 80 66 106 44
split_gain=1.38581e+12 3.4744e+11 1.24339e+11 6.93338e+10 1.69302e+11 3.79437e+10 3.55286e+10 2.32751e+10 2.32462e+10 2.22418e+10 2.06455e+10 3.15236e+10 2.66535e+10 2.03554e+10 1.9431e+10 1.57095e+10 1.42471e+10 2.32408e+10 1.55895e+10 1.60989e+10 1.37354e+10 1.66136e+10 1.51592e+10 2.34746e+10 1.38407e+10 1.36051e+10 1.41182e+10 1.31507e+10 1.34492e+10 1.21133e+10
threshold=7816134.1450000014 175.50000000000003 88.500000000000014 262.50000000000006 263.60714285714295 3276733.475000001 88.500000000000014 1.0000000180025095e-35 8897.7650000000012 1513693.1781383443 4.5678489223686976 10.500000000000002 81.500000000000014 2595775.5050000004 10.500000000000002 29.500000000000004 1815821.6850000003 63.500000000000007 14140236.715000002 6424837.0950000016 270.50000000000006 18262.343660541399 27.500000000000004 1210000.5496280878 3803613.2288392861 2769023.1002110336 6033928.6500000013 -0.97502841500522164 -3151233.4049999989 31.500000000000004
decision_type=2 2 2 2 2 2 2 2 2 2 2 2 2 2 2 2 2 2 2 2 2 2 2 2 2 2 2 2 2 2
left_child=1 2 3 6 -5 -6 7 13 -9 -8 12 16 14 -1 20 -16 17 18 -12 -20 21 24 27 -24 -10 -17 -27 -22 -29 -13
right_child=-2 -3 -4 4 5 -7 9 8 10 -11 11 29 -14 -15 15 25 -18 -19 19 -21 22 -23 23 -25 -26 26 -28 28 -30 -31
leaf_value=-1712.5523597717286 12838.122665550596 -5406.6424971516935 3664.5459488578472 -5336.5970505487348 1137.814387817383 -1673.7562271404267 1943.5426715248509 -1603.2585282759235 296.98951657739019 154.43338966369629 -28.848487042611648 600.02993962904986 -1557.1330834960938 -234.50964956572562 -799.56825006658391 942.90146382649755 878.84059995763437 -1625.2243204752604 -18.060054994240787 1392.7020342145649 610.13041122111872 -76.762806682987247 -2309.3899086692118 0.40109474875710227 1553.3187569754464 850.56363874162946 -924.64958572387695 908.03543303807589 -296.97902112253536 1599.6116737659161
leaf_weight=36 21 30 23 21 30 20 38 22 101 32 558 136 30 66 22 105 51 21 39 42 47 433 22 22 28 21 24 24 658 39
leaf_count=36 21 30 23 21 30 20 38 22 101 32 558 136 30 66 22 105 51 21 39 42 47 433 22 22 28 21 24 24 658 39
internal_value=42.695 -55.3363 3.88137 -27.4413 -1569.14 13.1861 14.3856 -16.156 14.7158 1125.66 29.4064 221.639 -81.4053 -756.172 -52.0279 448.165 73.6749 11.4575 65.2452 713.446 -116.472 71.6202 -253.222 -1154.49 569.681 631.166 -96.2167 -198.825 -254.574 822.794
internal_weight=2762 2741 2711 2688 71 50 2617 2547 2445 70 2423 886 1537 102 1507 172 711 660 639 81 1335 562 773 44 129 150 45 729 682 175
internal_count=2762 2741 2711 2688 71 50 2617 2547 2445 70 2423 886 1537 102 1507 172 711 660 639 81 1335 562 773 44 129 150 45 729 682 175
is_linear=0
shrinkage=0.05


Tree=132
num_leaves=31
num_cat=0
split_feature=39 2 39 23 89 33 97 47 26 26 7 17 93 24 42 5 10 112 25 23 17 17 43 9 79 95 52 23 14 24
split_gain=1.36382e+12 5.14804e+11 9.84472e+10 5.37111e+10 1.74772e+11 4.06728e+10 3.45782e+10 2.07465e+10 3.1962e+10 2.38491e+10 3.02947e+10 5.79119e+10 2.13949e+10 1.90079e+10 2.17008e+10 1.80862e+10 2.48587e+10 2.08683e+10 1.5727e+10 1.74555e+10 2.17249e+10 1.82957e+10 1.48703e+10 1.45642e+10 1.30936e+10 1.29868e+10 1.44832e+10 1.81022e+10 2.88686e+10 1.57206e+10
threshold=105.50000000000001 553.50000000000011 92.500000000000014 262.50000000000006 6388773.4808928585 209.50000000000003 5167121.2168356171 0.24499799919967988 33.500000000000007 29.500000000000004 3800.3657342990982 5135975.7318696612 8655173.5628571454 232.50000000000003 92.500000000000014 4.5573324905183314 13217.730000000001 112.50000000000001 1.0000000180025095e-35 37.500000000000007 1636929.2981294084 1624067.6969935407 21.500000000000004 583.61000000000013 2595775.5050000004 2041186.4500000002 16297.685698061769 51.500000000000007 1666405.6350000002 121.50000000000001
decision_type=2 2 2 2 2 2 2 2 2 2 2 2 2 2 2 2 2 2 2 2 2 2 2 2 2 2 2 2 2 2
left_child=1 2 3 5 -5 7 -6 8 22 13 11 -11 15 14 18 16 -12 -17 24 21 -21 -20 -1 -18 -9 26 27 28 -22 -28
right_child=-2 -3 -4 4 6 -7 -8 9 -10 10 12 -13 -14 -15 -16 17 23 -19 19 20 25 -23 -24 -25 -26 -27 29 -29 -30 -31
leaf_value=-504.70679270426439 12734.081910342262 -8049.2500390625009 3497.1179284667969 -5096.5543074174366 -1326.6961300048829 2207.4892537434894 1093.8578269110785 -1565.4493478520712 -2288.6826973293141 798.1494590065696 1586.171528280935 -2829.7685821533205 -776.03999447706269 1457.3936181640627 -1618.4254705014437 169.01455478463123 -1103.7472029976223 1128.5849552128234 188.54821936947178 -1263.1437172914164 -1023.8473514175416 1472.6475212328362 952.80038713727686 189.01145600418204 -289.61551913902412 -380.56449843773476 55.070585165838729 -886.23087513663563 1573.5489963697353 1439.5848725818453
leaf_weight=105 21 20 20 22 25 21 36 30 23 22 31 22 41 20 23 93 23 145 174 39 20 33 21 413 61 260 866 88 23 21
leaf_count=105 21 20 20 22 25 21 36 30 23 22 31 22 41 20 23 93 23 145 174 39 20 33 21 413 61 260 866 88 23 21
internal_value=40.5603 -56.6903 2.05689 -23.8229 -1276.06 15.8774 101.828 -1.84448 -574.665 33.0208 259.11 -1015.81 334.306 -74.7055 -93.4125 398.879 218.088 753.627 -71.694 -33.5668 -100.653 393.26 -261.789 120.815 -710.22 -65.1784 15.3721 -475.371 365.458 87.8494
internal_weight=2762 2741 2721 2701 83 2618 61 2597 149 2448 790 44 746 1658 1638 705 467 238 1615 1524 1317 207 126 436 91 1278 1018 131 43 887
internal_count=2762 2741 2721 2701 83 2618 61 2597 149 2448 790 44 746 1658 1638 705 467 238 1615 1524 1317 207 126 436 91 1278 1018 131 43 887
is_linear=0
shrinkage=0.05


Tree=133
num_leaves=31
num_cat=0
split_feature=21 28 44 37 26 14 107 18 3 14 93 113 22 25 14 38 48 65 12 26 13 6 14 118 6 5 0 104 104 9
split_gain=1.30557e+12 3.32756e+11 6.85508e+10 5.18651e+10 4.23769e+10 2.32099e+10 4.50914e+10 2.03549e+10 1.97899e+10 2.16504e+10 1.63536e+10 2.20521e+10 1.60565e+10 1.68318e+10 1.82374e+10 1.45858e+10 2.12504e+10 1.41553e+10 1.45288e+10 2.95352e+10 1.46087e+10 1.77735e+10 1.3658e+10 1.28091e+10 1.25438e+10 1.23904e+10 1.12358e+10 1.35457e+10 1.23943e+10 1.11943e+10
threshold=45.500000000000007 116.50000000000001 66.500000000000014 81.500000000000014 64.500000000000014 5113834.1250000009 355.50000000000006 15766.382436258793 203.50000000000003 9833263.2000000011 8655173.5628571454 441.50000000000006 244.50000000000003 1.0000000180025095e-35 1256998.405 188.50000000000003 0.063077272856452676 -0.99939814596352028 3560.7937566404107 43.500000000000007 3851.0220590512731 2.2537002344046351 6211845.8000000007 302.50000000000006 2.2841269396302843 4.7138996138996143 117.50000000000001 1115758.6250000002 333434.93500000035 572.8950000000001
decision_type=2 2 2 2 2 2 2 2 2 2 2 2 2 2 2 2 2 2 2 2 2 2 2 2 2 2 2 2 2 2
left_child=1 2 3 4 5 6 12 -7 9 10 11 15 13 14 -1 23 24 -15 19 25 21 -20 -13 -9 -17 -19 -27 28 -28 -22
right_child=-2 -3 -4 -5 -6 7 -8 8 -10 -11 -12 22 -14 17 -16 16 -18 18 20 -21 29 -23 -24 -25 -26 26 27 -29 -30 -31
leaf_value=-2001.5700439453126 12458.026050967263 -6326.4157761346723 -2853.8770693824408 1873.056280682538 -1765.806831898409 1850.7667114257813 -2271.8149567977243 187.87625561657373 -1278.4840018136163 1693.9300119253305 -797.74655314265078 331.36850841891385 1330.0440801711311 1110.4054961593063 -343.78300680812401 -1967.5667869931176 830.5342817826704 -121.88574846849374 1550.3181387967843 -1954.030766950335 862.83299779477329 218.4384265645345 1737.4127197265625 1159.0052464535363 -394.89680652618409 -32.715620037889856 927.64319122314453 1684.388872314453 -381.40295928030309 -410.8870808919271
leaf_weight=21 21 21 21 37 34 20 23 319 21 26 37 31 21 27 79 21 22 1410 43 21 23 60 39 38 32 127 40 25 33 69
leaf_count=21 21 21 21 37 34 20 23 319 21 26 37 31 21 27 79 21 22 1410 43 21 23 60 39 38 32 127 40 25 33 69
internal_value=38.5323 -56.6189 -8.21239 13.9288 -11.9119 10.7793 -70.5673 282.203 228.669 284.687 216.708 291.479 -45.2403 -59.8414 -691.918 158.081 -475.785 -26.1845 -42.7636 -90.8329 365.456 774.466 1114.74 291.246 -1018.03 -66.9019 277.663 679.889 335.883 -92.4571
internal_weight=2762 2741 2720 2699 2662 2628 2022 606 586 565 539 502 1999 1978 100 432 75 1878 1851 1656 195 103 70 357 53 1635 225 98 73 92
internal_count=2762 2741 2720 2699 2662 2628 2022 606 586 565 539 502 1999 1978 100 432 75 1878 1851 1656 195 103 70 357 53 1635 225 98 73 92
is_linear=0
shrinkage=0.05


Tree=134
num_leaves=31
num_cat=0
split_feature=42 42 41 3 4 17 52 17 78 22 101 26 5 26 113 113 0 52 19 93 7 19 10 3 77 51 12 22 91 84
split_gain=1.28501e+12 3.11902e+11 6.36261e+10 8.62083e+10 2.93465e+10 6.18436e+10 1.87636e+10 3.33009e+10 2.41821e+10 2.41381e+10 2.98015e+10 3.89622e+10 2.21853e+10 2.20939e+10 1.82551e+10 1.78368e+10 1.69687e+10 1.67236e+10 1.75696e+10 1.4998e+10 1.42822e+10 1.29015e+10 1.34036e+10 1.26165e+10 1.18581e+10 1.14003e+10 1.63616e+10 1.66673e+10 1.17836e+10 1.13356e+10
threshold=192.50000000000003 175.50000000000003 70.500000000000014 219.50000000000003 2177.5000000000005 8298934.6693056589 17560.687615334635 5135975.7318696612 4552108.8000000007 70.500000000000014 4521554.7595488448 37.500000000000007 4.1479871175523355 25.500000000000004 136.50000000000003 441.50000000000006 148.50000000000003 27536.043920500408 18830.559939013219 8655173.5628571454 2953.5268350328656 15477.018124643837 18320.710000000003 29.500000000000004 2693816.5200000005 31529.597057587223 144.60714285714289 34.500000000000007 1758916.5550000004 10055649.700000001
decision_type=2 2 2 2 2 2 2 2 2 2 2 2 2 2 2 2 2 2 2 2 2 2 2 2 2 2 2 2 2 2
left_child=1 2 3 4 5 6 7 8 21 10 11 12 -8 16 -11 17 23 29 -19 25 -10 24 -23 -12 -1 26 27 -15 -29 -16
right_child=-2 -3 -4 -5 -6 -7 9 -9 20 14 13 -13 -14 19 15 -17 -18 18 -20 -21 -22 22 -24 -25 -26 -27 -28 28 -30 -31
leaf_value=824.8648855498343 12072.399469549006 -5989.5180686257108 2403.0783422964591 -3227.319588797433 1693.8715541992187 -2029.8368883634871 -1949.6341381835937 -1803.5324903651647 1721.6863581848147 1617.8571612854005 1129.9471330122515 -2530.6381984544842 -200.19502055904411 -1152.6621227633568 106.73510109747855 1039.277609539032 -804.15565844616265 1890.7924770202637 382.91071770163148 -848.02244669596348 185.07596268192415 -813.45874173033474 533.64348144531255 -86.304200869212949 -695.00941220238099 859.46856486822969 565.19396250560021 -769.74971374511722 335.45138439705704 -863.79800643920908
leaf_weight=33 22 22 27 21 25 38 20 35 20 25 22 23 193 31 503 64 83 25 85 27 62 153 21 692 21 93 191 30 123 32
leaf_count=33 22 22 27 21 25 38 20 35 20 25 22 23 193 31 503 64 83 25 85 27 62 153 21 692 21 93 191 30 123 32
internal_value=36.6057 -60.0321 -12.0377 -36.2697 -11.1715 -27.2872 1.9022 -341.573 -176.513 54.2889 -58.915 -575.572 -364.462 35.4589 289.95 243.127 -127.489 164.129 725.611 297.821 559.859 -441.348 -650.877 -48.8287 233.803 363.928 241.033 -95.4592 118.745 48.6845
internal_weight=2762 2740 2718 2691 2670 2645 2607 345 310 2262 1528 236 213 1292 734 709 797 645 110 495 82 228 174 714 54 468 375 184 153 535
internal_count=2762 2740 2718 2691 2670 2645 2607 345 310 2262 1528 236 213 1292 734 709 797 645 110 495 82 228 174 714 54 468 375 184 153 535
is_linear=0
shrinkage=0.05


Tree=135
num_leaves=31
num_cat=0
split_feature=42 41 39 3 4 23 103 26 66 19 29 19 28 29 106 23 31 5 110 34 6 5 10 0 24 23 58 19 23 79
split_gain=1.66516e+12 2.61383e+11 4.76519e+10 8.82584e+10 3.55605e+10 7.47195e+10 2.42855e+10 2.28244e+10 2.88674e+10 1.65196e+10 1.78745e+10 2.42289e+10 1.79434e+10 2.15527e+10 1.61235e+10 1.59922e+10 2.14298e+10 1.35696e+10 1.29871e+10 1.25554e+10 1.18298e+10 1.17906e+10 1.08986e+10 1.12749e+10 1.11007e+10 1.08706e+10 3.24385e+10 1.83569e+10 1.80344e+10 1.56036e+10
threshold=192.50000000000003 79.500000000000014 94.500000000000014 219.50000000000003 2177.5000000000005 271.00000000000006 263019.46000000025 50.500000000000007 -0.60505606964884906 17583.436850897528 1.5000000000000002 19952.23917489007 54.500000000000007 12.500000000000002 1466430.4099999999 233.50000000000003 22.500000000000004 4.6616310767832809 355.64285714285717 54.500000000000007 2.3122503919104411 4.3681286817446514 18461.810000000001 213.50000000000003 21.500000000000004 143.50000000000003 174.50000000000003 18935.572180653933 124.50000000000001 5729193.8400000008
decision_type=2 2 2 2 2 2 2 2 2 2 2 2 2 2 2 2 2 2 2 2 2 2 2 2 2 2 2 2 2 2
left_child=1 2 3 4 5 6 9 15 -9 18 11 -11 14 -14 20 16 17 25 -1 -16 22 -13 24 -24 -12 28 29 -28 -8 -27
right_child=-2 -3 -4 -5 -6 -7 7 8 -10 10 12 21 13 -15 19 -17 -18 -19 -20 -21 -22 -23 23 -25 -26 26 27 -29 -30 -31
leaf_value=60.122640043952778 14030.450367664156 -5660.1423769996291 2371.3522021484378 -3096.7961246808372 1580.0836555249764 -2738.6186114971456 -29.686412871830051 -49.063486411354759 2484.3442807404895 -2418.9028785342266 351.93156064161616 -1380.8699026107788 -1867.1621291104486 89.831415812174484 -31.360401262555804 -1305.2391619873049 1395.419386291504 429.45275758913425 1372.6306835937501 1510.2481113281251 -411.77602714327179 -13.765528537916101 65.944048584632156 1072.8264728546144 -358.21412875838098 -339.4451145878545 -533.44429354349768 -2367.9561303710939 849.27833205714387 1040.5857965642756
leaf_weight=327 21 21 20 24 33 26 504 22 23 21 67 24 34 24 28 20 32 213 20 25 397 46 212 32 308 54 30 25 66 33
leaf_count=327 21 21 20 24 33 26 504 22 23 21 67 24 34 24 28 20 32 213 20 25 397 46 212 32 308 54 30 25 66 33
internal_value=5.11579 -103.528 -60.1487 -78.3622 -50.9842 -71.5832 -44.7788 144.795 1245.79 -168.577 -255.284 -929.352 -200.856 -1057.37 -154.384 94.0835 123.327 79.3199 135.772 695.813 -198.735 -482.487 -62.1001 197.994 -231.335 -25.4249 -416.852 -1367.31 72.0885 184.015
internal_weight=2732 2711 2690 2670 2646 2613 2587 1022 45 1565 1218 91 1127 58 1069 977 957 925 347 53 1016 70 619 244 375 712 142 55 570 87
internal_count=2732 2711 2690 2670 2646 2613 2587 1022 45 1565 1218 91 1127 58 1069 977 957 925 347 53 1016 70 619 244 375 712 142 55 570 87
is_linear=0
shrinkage=0.05


Tree=136
num_leaves=31
num_cat=0
split_feature=37 33 11 23 14 35 103 24 102 65 102 5 104 56 29 13 3 3 45 29 112 103 16 118 20 9 5 19 104 58
split_gain=1.51145e+12 2.61382e+11 6.48327e+10 9.33285e+10 1.69112e+11 4.30819e+10 2.98826e+10 2.15296e+10 2.64935e+10 2.04293e+10 1.82089e+10 1.75643e+10 2.04297e+10 2.94962e+10 1.63263e+10 2.31597e+10 1.56929e+10 2.86481e+10 2.39996e+10 1.45744e+10 1.44932e+10 1.37896e+10 1.6505e+10 1.58587e+10 1.33913e+10 2.0241e+10 1.22177e+10 1.18314e+10 1.07679e+10 1.0665e+10
threshold=104.50000000000001 299.50000000000006 1558803.1450000003 271.00000000000006 10307273.775000002 48.500000000000007 1575603.1250000007 140.50000000000003 2715820.2656313335 -0.99939814596352028 2808712.1457586992 4.4882115176926503 2857192.6450000005 18.500000000000004 1.5000000000000002 137.33853502210658 165.50000000000003 175.50000000000003 67.500000000000014 8.5000000000000018 123.50000000000001 -306095.99999999994 14474.521330644477 250.50000000000003 6.5000000000000009 581.82500000000016 4.4769936485532824 16849.297802420275 1961218.8250000004 310.50000000000006
decision_type=2 2 2 2 2 2 2 2 2 2 2 2 2 2 2 2 2 2 2 2 2 2 2 2 2 2 2 2 2 2
left_child=1 2 3 6 -5 -6 9 8 19 -1 11 12 14 -14 15 -11 18 -18 21 -8 -21 22 -13 -23 26 -26 28 -27 -16 -24
right_child=-2 -3 -4 4 5 -7 7 -9 -10 10 -12 16 13 -15 24 -17 17 -19 -20 20 -22 23 29 -25 25 27 -28 -29 -30 -31
leaf_value=1269.3134447370257 13057.561470170454 -5795.9789428710938 2708.533088030134 -5636.1495489211311 1369.1770367405634 -1611.5495388031006 804.89251748361903 2065.4220733642578 1542.4804190317791 -1790.3868664275958 1311.1264326012654 -1432.3768527560765 -30.256112816220242 -2713.2537390136722 -257.95997261764978 135.55707420066551 1851.8172080993654 -232.55539730296414 -1410.319403889974 -1626.6002166748049 44.006680875211153 96.853465645714152 -224.50190471543206 1457.8281469171698 -1326.8603576660157 1152.9852190971376 -1255.2318495432537 129.22251510620117 918.50498229980485 917.6482489845971
leaf_weight=28 22 20 21 21 22 27 31 23 36 37 23 27 21 20 707 27 32 34 30 20 37 791 288 22 22 32 30 239 20 22
leaf_count=28 22 20 21 21 22 27 31 23 36 37 23 27 21 20 707 27 32 34 30 20 37 791 288 22 22 32 30 239 20 22
internal_value=4.86 -101.103 -58.7618 -80.5352 -1882.13 -273.264 -32.0121 660.421 399.816 -73.5242 -89.0355 -102.448 -242.91 -1339.04 -202.567 -977.879 27.7548 778.05 -14.2108 -67.6374 -542.171 22.2094 -246.714 133.682 -155.31 131.702 -266.4 250.11 -225.595 -143.446
internal_weight=2732 2710 2690 2669 70 49 2599 147 124 2452 2424 2401 1155 41 1114 64 1246 66 1180 88 57 1150 337 813 1050 293 757 271 727 310
internal_count=2732 2710 2690 2669 70 49 2599 147 124 2452 2424 2401 1155 41 1114 64 1246 66 1180 88 57 1150 337 813 1050 293 757 271 727 310
is_linear=0
shrinkage=0.05


Tree=137
num_leaves=31
num_cat=0
split_feature=42 80 11 36 50 21 20 88 103 17 43 113 79 88 32 88 29 105 21 109 43 34 122 6 33 98 42 36 103 35
split_gain=1.46046e+12 3.48477e+11 6.46779e+10 1.05316e+11 2.65244e+10 2.53347e+10 4.64929e+10 2.29841e+10 2.20811e+10 3.32773e+10 2.038e+10 1.98579e+10 1.75452e+10 1.7771e+10 1.5848e+10 2.81766e+10 1.72024e+10 1.66925e+10 2.0063e+10 1.3982e+10 1.69351e+10 1.23707e+10 1.59146e+10 1.27649e+10 1.5212e+10 1.57461e+10 1.27952e+10 1.25904e+10 1.24296e+10 1.23571e+10
threshold=192.50000000000003 13142215.310000002 1449782.5200000003 28.500000000000004 1.2463400699850034 34.500000000000007 20.500000000000004 17140436.180000003 1215730.6000000003 8505605.658978669 88.500000000000014 256.50000000000006 8510441.4600000028 7767057.080000001 92.500000000000014 8203614.8550000014 12.500000000000002 -27672.509999999773 22.500000000000004 268.50000000000006 75.500000000000014 66.500000000000014 35.388994273871788 2.2987711205083392 76.500000000000014 2253741.5930556245 35.500000000000007 6.5000000000000009 -261156.25499999986 24.500000000000004
decision_type=2 2 2 2 2 2 2 2 2 2 2 2 2 2 2 2 2 2 2 2 2 2 2 2 2 2 2 2 2 2
left_child=1 2 3 4 5 6 7 8 9 10 14 -6 19 -14 17 -16 -17 18 21 20 -10 23 -23 29 26 -26 -25 -28 -24 -1
right_child=-2 -3 -4 -5 11 -7 -8 -9 12 -11 -12 -13 13 -15 15 16 -18 -19 -20 -21 -22 22 28 24 25 -27 27 -29 -30 -31
leaf_value=-155.72883260485153 13139.620295061384 -5749.1207763671882 2230.3476467993951 -2752.7626293606227 146.31891399881115 -1702.9237997303837 2306.9150134858633 -1275.8695276210183 651.1883930805302 -2065.6659011114211 1207.1245034494709 2247.5185913085938 -1577.4851715087891 505.05481305803573 -2083.9448016131369 -847.96014854029602 802.66263563368057 109.9871977239071 1321.4752599542792 1422.7869063266489 -733.71735930266209 -554.05594874790745 25.703369903564454 -487.96576952416353 -2124.7566830842393 -650.08674197926246 638.36852642121869 -373.40132702242948 1363.1644075494064 775.59085918225742
leaf_weight=568 21 27 31 36 23 23 21 38 121 21 31 22 20 21 27 38 27 883 22 43 27 35 32 267 23 85 61 62 38 38
leaf_count=568 21 27 31 36 23 23 21 38 121 21 31 22 20 21 27 38 27 883 22 43 27 35 32 267 23 85 61 62 38 38
internal_value=4.61699 -97.1296 -40.2728 -66.8047 -29.8561 -50.9114 -36.0051 -55.4676 -36.843 -84.5699 -65.9722 1173.57 427.671 -510.818 -83.8625 -726.273 -162.317 -55.9052 -174.9 629.127 398.537 -202.13 316.484 -251.454 -439.004 -964.137 -293.583 128.371 751.754 -97.3292
internal_weight=2732 2711 2684 2653 2617 2572 2549 2528 2490 2258 2237 45 232 41 2206 92 65 2114 1231 191 148 1209 105 1104 498 108 390 123 70 606
internal_count=2732 2711 2684 2653 2617 2572 2549 2528 2490 2258 2237 45 232 41 2206 92 65 2114 1231 191 148 1209 105 1104 498 108 390 123 70 606
is_linear=0
shrinkage=0.05


Tree=138
num_leaves=31
num_cat=0
split_feature=37 33 4 44 103 23 4 43 102 65 102 104 103 75 32 23 6 37 23 102 58 6 23 52 100 80 5 20 5 77
split_gain=1.30391e+12 2.52527e+11 4.36224e+10 9.03723e+10 2.79254e+10 3.83729e+10 8.21435e+10 2.2051e+10 2.09749e+10 1.77958e+10 1.5867e+10 1.55864e+10 1.53202e+10 1.52427e+10 2.01121e+10 1.90592e+10 1.24512e+10 1.98424e+10 2.18344e+10 1.51858e+10 1.20837e+10 1.20489e+10 1.20347e+10 1.57569e+10 1.17018e+10 2.49235e+10 1.15257e+10 1.40198e+10 1.14745e+10 1.1277e+10
threshold=104.50000000000001 299.50000000000006 2641.5000000000005 55.500000000000007 1655004.3800000004 262.50000000000006 2177.5000000000005 91.500000000000014 2715820.2656313335 -0.99939814596352028 2808712.1457586992 2082140.9649999999 -261156.25499999986 6019969.955000001 89.500000000000014 233.50000000000003 2.3122503919104411 53.500000000000007 187.50000000000003 1676389.3617173198 355.50000000000006 2.3361355405747832 25.500000000000004 16747.812379411767 15837270.375000002 5591243.7250000006 4.4882115176926503 8.5000000000000018 4.4769936485532824 2581808.3100000005
decision_type=2 2 2 2 2 2 2 2 2 2 2 2 2 2 2 2 2 2 2 2 2 2 2 2 2 2 2 2 2 2
left_child=1 2 3 4 5 9 -7 8 11 -1 12 -6 16 14 20 21 17 18 19 -11 26 -15 -21 29 25 -18 27 28 -14 -24
right_child=-2 -3 -4 -5 7 6 -8 -9 -10 10 -12 -13 13 15 -16 -17 24 -19 -20 22 -22 -23 23 -25 -26 -27 -28 -29 -30 -31
leaf_value=1195.673248726981 12127.847449840199 -5691.6140869140627 2164.9131569602273 -3337.7974458240333 449.66523367074825 -3715.2901777787647 558.24845872961964 1915.9813404224537 1364.6369123186385 -1416.1951160249257 1234.9326008672301 -939.62566872799039 -234.90726692396345 544.26386108398435 -1255.0248673872516 -870.42531372070323 -479.2995954885991 1089.0671001087537 -1617.0211528930665 963.25240173339853 898.06358981662333 1884.9023510160901 -207.24651285807292 -7.1444773960849011 -140.87004866665356 -1962.9766982134652 97.911369660362325 509.78043710031818 -1377.8774384871774 -1845.8426743280322
leaf_weight=28 22 20 22 21 52 22 23 27 35 21 23 33 485 83 33 20 169 33 25 28 36 21 21 389 146 34 754 62 23 21
leaf_count=28 22 20 22 21 52 22 23 27 35 21 23 33 485 83 33 20 169 33 25 28 36 21 21 389 146 34 754 62 23 21
internal_value=4.38615 -94.0331 -52.4154 -70.6992 -44.7797 -84.1602 -1531.04 624.957 334.477 -57.639 -72.0983 -89.7065 -84.6032 11.9138 -35.3734 543.132 -249.672 -98.7907 -176.413 -101.381 -5.77894 814.97 -41.2266 -106.483 -482.263 -727.797 -30.3547 -200.026 -286.656 -1026.54
internal_weight=2732 2710 2690 2668 2647 2500 45 147 120 2455 2427 85 2404 1517 1393 124 887 538 505 480 1360 104 459 431 349 203 1324 570 508 42
internal_count=2732 2710 2690 2668 2647 2500 45 147 120 2455 2427 85 2404 1517 1393 124 887 538 505 480 1360 104 459 431 349 203 1324 570 508 42
is_linear=0
shrinkage=0.05


Tree=139
num_leaves=31
num_cat=0
split_feature=42 80 11 27 43 110 23 105 17 14 10 35 76 5 19 104 7 85 83 6 9 16 87 124 13 21 29 95 87 115
split_gain=1.28097e+12 3.13776e+11 5.70558e+10 1.04031e+11 2.77803e+10 4.79429e+10 2.85235e+10 1.75443e+10 4.06563e+10 2.1986e+10 1.76236e+10 1.67122e+10 1.61631e+10 1.6147e+10 1.55217e+10 1.54572e+10 1.27423e+10 1.51481e+10 1.38495e+10 1.19437e+10 1.18759e+10 1.6171e+10 1.3168e+10 1.13774e+10 1.12358e+10 1.23808e+10 1.48784e+10 1.71874e+10 1.12615e+10 1.09754e+10
threshold=192.50000000000003 13142215.310000002 1449782.5200000003 148.50000000000003 94.500000000000014 336.57142857142861 254.50000000000003 609556.95499999996 7059132.1781536629 9134142.3500000015 22278.385000000006 21.500000000000004 4428212.8150000004 4.6004201680672274 28151.443092347599 2857192.6450000005 4235.2420824559931 3457861.8767857146 5012063.5450000009 2.2174521446892621 695.15500000000009 14474.521330644477 1718293.9200000002 162.50000000000003 2583.0099783280598 12.500000000000002 1.5000000000000002 1077871.0050000001 3546515.1250000005 59.350067610006981
decision_type=2 2 2 2 2 2 2 2 2 2 2 2 2 2 2 2 2 2 2 2 2 2 2 2 2 2 2 2 2 2
left_child=1 2 3 4 6 -6 7 8 11 10 15 13 -12 16 -15 20 17 -1 24 -13 21 -9 23 -22 25 26 27 -18 -27 -28
right_child=-2 -3 -4 -5 5 -7 -8 9 -10 -11 12 19 -14 14 -16 -17 18 -19 -20 -21 22 -23 -24 -25 -26 28 29 -29 -30 -31
leaf_value=-482.14026300486398 12305.535721261162 -5454.3267309118201 2095.463618321573 -2694.7915904277083 1947.1624178799718 -869.78925993546204 -1804.0991841191831 -815.25958881993449 -2251.7924671519886 1701.503954812755 394.11620111638854 995.17643094744005 2024.7209373837425 152.72679934333354 -1062.6602120535715 -888.88752103533068 -396.02329495337705 -1821.2705507812502 -1276.3568228886045 103.39166207609877 -349.02460805719551 380.10138307265294 90.905808540151895 -1787.292140197754 251.41400867603443 989.44159346686467 -55.079213688697351 -2276.048851928711 -490.33274627685552 -512.68878959135577
leaf_weight=136 21 27 31 37 44 23 23 31 22 23 55 42 21 425 28 42 31 25 29 354 44 324 119 20 135 36 324 20 20 220
leaf_count=136 21 27 31 37 44 23 23 31 22 23 55 42 21 425 28 42 31 25 29 354 44 324 119 20 135 36 324 20 20 220
internal_value=4.16684 -91.1223 -37.1705 -62.0901 -24.8539 980.149 -51.2702 -35.3101 -115.206 182.02 128.745 -89.4496 844.678 -169.1 77.6035 34.9334 -283.604 -690.08 -203.307 197.975 107.053 275.718 -220.137 -798.483 -163.716 -249.803 -316.697 -1133.29 460.951 -240.142
internal_weight=2732 2711 2684 2653 2616 67 2549 2526 1847 679 656 1825 76 1429 453 580 976 161 815 396 538 355 183 64 786 651 595 51 56 544
internal_count=2732 2711 2684 2653 2616 67 2549 2526 1847 679 656 1825 76 1429 453 580 976 161 815 396 538 355 183 64 786 651 595 51 56 544
is_linear=0
shrinkage=0.05


Tree=140
num_leaves=31
num_cat=0
split_feature=39 23 56 62 36 51 35 43 32 40 12 14 16 105 102 19 16 112 23 81 6 26 5 32 80 5 14 40 6 92
split_gain=4.31304e+11 7.83882e+11 3.47549e+10 1.01555e+11 6.50304e+10 3.85121e+10 3.61354e+10 3.15977e+10 2.61686e+10 2.55222e+10 2.34454e+10 2.2382e+10 2.86917e+10 2.03202e+10 1.89096e+10 1.64334e+10 2.04974e+10 2.15368e+10 1.96438e+10 1.48291e+10 1.31467e+10 2.13321e+10 1.93544e+10 1.55001e+10 1.50795e+10 1.2606e+10 1.25417e+10 1.54105e+10 1.54498e+10 1.55403e+10
threshold=102.00000000000001 373.50000000000006 29.500000000000004 -0.68301270189221952 26.500000000000004 18461.684121720122 51.500000000000007 102.50000000000001 7.5000000000000009 38.500000000000007 156.84046345811055 5149899.0750000011 25210.050669337314 2386814.2400000007 2712917.1742934971 15477.018124643837 12365.113154055114 148.50000000000003 95.500000000000014 9833554.8921428602 2.3088048371726524 50.500000000000007 4.4419230462739909 64.500000000000014 6136494.455000001 4.7138996138996143 7786137.8850000007 29.500000000000004 2.2834867778089678 14782001.495000003
decision_type=2 2 2 2 2 2 2 2 2 2 2 2 2 2 2 2 2 2 2 2 2 2 2 2 2 2 2 2 2 2
left_child=1 2 4 -4 6 -5 7 8 -1 11 -7 13 20 15 -14 -10 17 18 -17 25 23 22 24 -13 -22 -18 27 28 29 -25
right_child=-2 -3 3 5 -6 10 -8 -9 9 -11 -12 12 14 -15 -16 16 19 -19 -20 -21 21 -23 -24 26 -26 -27 -28 -29 -30 -31
leaf_value=-1831.0318173217775 6917.6634432705969 -9973.7829833984379 -3389.8530615234376 -1706.5959423828126 2053.1114948473478 -236.55693967149065 -2096.1528145926341 1917.9459385463172 557.76338095063147 -1750.9389009021579 1662.2070628199083 -995.71245388454872 457.15674583798364 -1347.0973101215977 2554.7642800071026 -1409.6183396112353 -96.350758459922432 -2105.4797932128909 664.73179638671877 -1266.7988210449221 422.83992757479348 1979.4675170898438 772.24829157953673 738.79312205459144 -1149.6456334514003 283.64825718551873 -494.48795977830889 1627.2421696472168 -569.51306261548814 -703.97812765370247
leaf_weight=20 22 20 30 25 38 37 21 21 103 21 29 36 21 31 22 21 1480 25 25 25 30 22 92 99 31 256 64 20 51 23
leaf_count=20 22 20 30 25 38 37 21 21 103 21 29 36 21 31 22 21 1480 25 25 25 30 22 92 99 31 256 64 20 51 23
internal_value=-55.2317 -111.239 -38.6935 -867.017 -0.114871 -35.3132 -30.5924 -13.5083 -29.6165 -15.1936 597.748 -0.477987 294.329 -77.1039 1530.35 -56.7577 -91.3078 -924.235 -282.254 -57.7258 180.763 523.665 314.334 -24.0416 -376.292 -40.314 112.068 313.206 161.294 466.795
internal_weight=2761 2739 2719 121 2598 91 2560 2539 2518 2498 66 2477 511 1966 43 1935 1832 71 46 1761 468 175 153 293 61 1736 257 193 173 122
internal_count=2761 2739 2719 121 2598 91 2560 2539 2518 2498 66 2477 511 1966 43 1935 1832 71 46 1761 468 175 153 293 61 1736 257 193 173 122
is_linear=0
shrinkage=0.05


Tree=141
num_leaves=31
num_cat=0
split_feature=20 0 40 28 23 3 16 14 22 26 26 23 38 5 6 21 103 120 75 94 14 21 78 20 2 39 40 94 19 40
split_gain=7.14903e+11 7.86682e+11 1.3858e+11 9.72581e+10 6.89024e+10 2.60541e+10 2.02675e+10 4.58953e+10 2.00547e+10 3.38599e+10 2.76637e+10 2.16449e+10 1.899e+10 1.89809e+10 2.00586e+10 1.85937e+10 1.93003e+10 2.10162e+10 1.76509e+10 1.71727e+10 1.56345e+10 1.37017e+10 1.94982e+10 1.52499e+10 1.34384e+10 1.31481e+10 1.2628e+10 1.62767e+10 1.41997e+10 1.25806e+10
threshold=26.500000000000004 658.00000000000011 51.500000000000007 98.500000000000014 301.50000000000006 190.50000000000003 14474.521330644477 4654439.7300000014 61.500000000000007 50.500000000000007 50.500000000000007 51.500000000000007 50.500000000000007 4.6256632323629328 2.3034660117358929 7.5000000000000009 -1384837.2849999999 79.500000000000014 11006738.980000002 3144384.770009906 8381096.5600000015 12.500000000000002 4552108.8000000007 4.5000000000000009 118.50000000000001 61.500000000000007 11.500000000000002 1339102.3511125294 18602.688602303893 29.500000000000004
decision_type=2 2 2 2 2 2 2 2 2 2 2 2 2 2 2 2 2 2 2 2 2 2 2 2 2 2 2 2 2 2
left_child=1 2 3 4 5 6 7 12 9 15 11 -10 -1 19 -15 16 17 -8 -7 24 -12 22 -14 -23 -13 29 28 -28 -17 -26
right_child=-2 -3 -4 -5 -6 18 8 -9 10 -11 20 13 21 14 -16 26 -18 -19 -20 -21 -22 23 -24 -25 25 -27 27 -29 -30 -31
leaf_value=-1431.4386868384577 9137.7486630394342 -9763.1764229910714 -4195.1408544921878 3456.0612436676029 -2967.4372412109378 1614.8341413497926 -2379.9329016113284 -2754.3588018798832 993.35290277004242 -2023.5580329231595 1992.4512689405872 -1234.1335207852451 -242.99059108335584 48.938533394223171 1119.5494115600586 1402.3832869991181 -155.8304163070801 -500.33269501390134 -204.3799725341797 -1101.7589881310096 404.46930069461951 -1837.5173486882993 897.70464289738584 3.8271739130434783 8.6202563778384711 -1205.1592882428852 -1102.0747188895091 63.367979284433218 260.31116287612059 973.63467610677094
leaf_weight=31 21 21 20 20 20 40 20 20 64 23 31 22 134 105 75 31 749 58 20 39 31 22 52 23 546 21 35 208 223 36
leaf_count=31 21 21 20 20 20 40 20 20 64 23 31 22 134 105 75 31 749 58 20 39 31 22 52 23 546 21 35 208 223 36
internal_value=-52.4701 -122.906 -48.4501 -17.7225 -43.6559 -21.6644 -45.4449 -445.671 3.26626 -121.563 176.612 106.838 -269.435 39.6142 495.026 -88.5225 -233.779 -982.281 1008.43 -83.8409 1198.46 -113.495 75.9135 -896.386 -20.3228 23.9621 153.181 -104.494 399.698 68.3119
internal_weight=2761 2740 2719 2699 2679 2659 2599 282 2317 1347 970 908 262 844 180 1324 827 78 60 664 62 231 186 45 625 603 497 243 254 582
internal_count=2761 2740 2719 2699 2679 2659 2599 282 2317 1347 970 908 262 844 180 1324 827 78 60 664 62 231 186 45 625 603 497 243 254 582
is_linear=0
shrinkage=0.05


Tree=142
num_leaves=31
num_cat=0
split_feature=20 41 56 41 33 79 32 43 95 43 87 4 11 14 19 16 87 19 39 52 29 91 86 18 16 19 77 19 105 65
split_gain=6.45199e+11 7.18288e+11 5.26643e+10 1.15692e+11 1.14822e+11 2.99127e+10 2.33701e+10 2.15358e+10 3.91256e+10 1.80938e+10 2.32709e+10 1.9933e+10 1.49764e+10 2.10981e+10 1.97885e+10 5.91742e+10 2.50217e+10 3.0184e+10 2.00041e+10 1.67723e+10 1.48051e+10 1.3144e+10 1.6913e+10 1.27254e+10 1.23738e+10 1.97272e+10 1.1652e+10 1.10483e+10 1.36545e+10 1.05574e+10
threshold=26.500000000000004 74.500000000000014 29.500000000000004 65.500000000000014 215.50000000000003 2992905.4950000006 7.5000000000000009 92.500000000000014 2775300.0400000005 83.500000000000014 4260791.1000000006 1739.0000000000002 57400.950000000004 6582315.8150000004 18830.559939013219 23468.241557239551 2166618.8500000006 20109.494240977107 31.500000000000004 27187.836956172683 5.5000000000000009 1712163.0600000003 890792.21964847122 18640.418701359085 25210.050669337314 21547.742260061834 5455740.4800000014 19364.04800492217 497643.06000000011 0.98930504265984687
decision_type=2 2 2 2 2 2 2 2 2 2 2 2 2 2 2 2 2 2 2 2 2 2 2 2 2 2 2 2 2 2
left_child=1 2 3 6 5 21 -1 9 -9 11 -11 12 14 29 19 16 -16 27 24 23 -21 22 -4 -8 25 -17 -25 -18 -29 -14
right_child=-2 -3 4 -5 -6 -7 7 8 -10 10 -12 -13 13 -15 15 18 17 -19 -20 20 -22 -23 -24 26 -26 -27 -28 28 -30 -31
leaf_value=-1711.8189036560061 8680.8611909412193 -7233.7054827008942 704.26762428283701 3632.0267533735796 -4321.4443552190605 -1958.248453776042 120.53224786247304 1987.7830157305743 -361.79208347096164 6.2174261277721783 -2044.094302246094 1533.7412372407462 154.02205717894111 1406.2267388343812 -366.34979551011241 -230.33947927893661 -568.10938738394475 -2925.7955627441406 720.44760236961895 15.151978174845377 1110.3638412914343 1032.9065281459264 -1283.8195017939029 -1145.5120936903843 59.032170847500623 -1738.1314438476563 93.117531765208525 -913.19092066147755 -2559.6498327636723 -444.734922150035
leaf_weight=20 21 35 20 22 22 21 306 37 34 31 25 21 808 32 138 164 69 24 86 54 72 28 23 43 411 25 34 34 20 81
leaf_count=20 21 35 20 22 22 21 306 37 34 31 25 21 808 32 138 164 69 24 86 54 72 28 23 43 411 25 34 34 20 81
internal_value=-49.8466 -116.761 -24.6746 21.6022 -1076.46 -300.482 -9.31617 4.04203 862.634 -20.5585 -909.1 -0.0141549 -13.4289 144.87 -111.938 -244.31 -849.882 -1303.81 7.27661 140.582 640.987 189.843 -359.128 -24.0422 -94.9446 -429.783 -598.585 -987.325 -1522.99 99.4671
internal_weight=2761 2740 2705 2591 114 92 2569 2549 71 2478 56 2422 2401 921 1480 971 285 147 686 509 126 71 43 383 600 189 77 123 54 889
internal_count=2761 2740 2705 2591 114 92 2569 2549 71 2478 56 2422 2401 921 1480 971 285 147 686 509 126 71 43 383 600 189 77 123 54 889
is_linear=0
shrinkage=0.05


Tree=143
num_leaves=31
num_cat=0
split_feature=20 0 40 28 23 3 32 16 17 105 35 11 11 39 14 11 27 19 65 81 5 113 37 16 113 101 63 4 19 16
split_gain=5.82293e+11 6.64652e+11 1.17479e+11 9.1328e+10 5.59675e+10 2.26728e+10 2.02419e+10 1.82524e+10 4.09506e+10 1.72002e+10 1.69627e+10 1.61491e+10 1.45619e+10 2.68926e+10 2.24829e+10 1.91286e+10 4.84986e+10 1.4405e+10 1.235e+10 1.2281e+10 1.15957e+10 1.20128e+10 2.14127e+10 1.53627e+10 1.15428e+10 1.67079e+10 1.63673e+10 1.53519e+10 1.14532e+10 2.09517e+10
threshold=26.500000000000004 658.00000000000011 51.500000000000007 98.500000000000014 301.50000000000006 190.50000000000003 7.5000000000000009 14078.301739260254 5135975.7318696612 4387777.3250000002 47.500000000000007 20875.345000000005 57400.950000000004 60.500000000000007 6582315.8150000004 1.0000000180025095e-35 34.500000000000007 15637.644645516042 0.98930504265984687 5533378.8692857148 4.5791732550259772 429.50000000000006 39.500000000000007 19729.988521901982 195.50000000000003 4515330.3388461061 1.0000000180025095e-35 408.50000000000006 18239.722725836767 21950.976448353333
decision_type=2 2 2 2 2 2 2 2 2 2 2 2 2 2 2 2 2 2 2 2 2 2 2 2 2 2 2 2 2 2
left_child=1 2 3 4 5 6 -1 8 11 12 -7 -8 15 14 18 17 -17 -9 19 24 21 23 -23 -19 26 -26 -14 -28 -25 -30
right_child=-2 -3 -4 -5 -6 10 7 9 -10 -11 -12 -13 13 -15 -16 16 -18 20 -20 -21 -22 22 -24 28 25 -27 27 -29 29 -31
leaf_value=-1626.2279891967773 8246.817761811757 -8972.0077148437504 -3860.4465316772462 3352.0224993896481 -2674.4153686523441 1604.2594693364326 -1394.9906287560098 783.84035971069341 -2353.7632373046877 1293.2887315016528 -124.87189569887909 -71.108586913760348 8.5151347478230797 -1599.2351392473493 1434.528346761068 -168.73058908946479 -2974.4355114746095 -1458.4406572265625 -436.12125230620177 758.36269478746635 121.15836099632855 -217.12586436916041 1781.8591151646206 128.34015682162951 -1394.3111396789552 16.148168092149916 -140.64592201232912 992.81987009856664 -1258.7927191680333 -216.41144835523997
leaf_weight=20 21 21 20 20 20 37 26 50 25 26 23 202 180 21 36 67 20 25 79 93 464 37 21 199 23 241 40 118 53 533
leaf_count=20 21 21 20 20 20 37 26 50 25 26 23 202 180 21 36 67 20 25 79 93 464 37 21 199 23 241 40 118 53 533
internal_value=-47.3542 -110.923 -42.4848 -14.1931 -39.3235 -19.5033 -41.6871 -29.3991 -432.718 14.4701 941.426 -222.078 0.0139128 167.287 213.086 -94.6109 -813.72 -49.3414 156.274 223.611 -80.6169 -188.478 506.645 -238.253 141 -106.733 334.496 705.867 -199.393 -310.688
internal_weight=2761 2740 2719 2699 2679 2659 2599 2579 253 2326 60 228 2300 831 810 1469 87 1382 774 695 1332 868 58 810 602 264 338 158 785 586
internal_count=2761 2740 2719 2699 2679 2659 2599 2579 253 2326 60 228 2300 831 810 1469 87 1382 774 695 1332 868 58 810 602 264 338 158 785 586
is_linear=0
shrinkage=0.05


Tree=144
num_leaves=31
num_cat=0
split_feature=20 41 56 37 41 79 43 95 32 43 87 32 32 32 8 106 5 64 108 13 105 9 96 109 111 80 92 8 65 13
split_gain=5.25519e+11 5.99866e+11 4.53499e+10 1.30073e+11 1.07398e+11 2.35737e+10 1.95037e+10 3.38767e+10 1.84763e+10 1.59727e+10 2.12965e+10 1.81434e+10 1.9631e+10 2.15248e+10 1.55341e+10 1.61742e+10 1.51312e+10 1.40671e+10 1.3716e+10 1.56934e+10 1.27872e+10 1.21537e+10 1.19299e+10 1.18261e+10 1.1767e+10 1.16107e+10 1.13368e+10 9.98117e+09 9.84656e+09 1.31234e+10
threshold=26.500000000000004 74.500000000000014 29.500000000000004 66.500000000000014 65.500000000000014 2992905.4950000006 92.500000000000014 2775300.0400000005 7.5000000000000009 83.500000000000014 4260791.1000000006 110.50000000000001 99.500000000000014 78.500000000000014 3818.5560815599124 221691.26499999987 4.7138996138996143 -0.22252093395631442 127.50000000000001 625.11720524009957 -775899.87499999942 626.3850000000001 11275989.805000002 388.00000000000006 56.699078060462675 4296382.4200000009 7698181.1750000017 3306.9612972866084 0.99052327954040398 1024.696753179184
decision_type=2 2 2 2 2 2 2 2 2 2 2 2 2 2 2 2 2 2 2 2 2 2 2 2 2 2 2 2 2 2
left_child=1 2 4 5 6 18 8 -8 -1 11 -11 12 13 16 15 22 23 -14 19 -4 27 -17 26 28 -23 -22 -15 -18 29 -10
right_child=-2 -3 3 -5 -6 -7 7 -9 9 10 -12 -13 17 14 -16 21 20 -19 -20 -21 25 24 -24 -25 -26 -27 -28 -29 -30 -31
leaf_value=-1544.9165629577637 7834.4769335065575 -6609.2413085937505 -1237.1961518096923 -4267.8284927368168 3500.3313520951706 -1547.7523370916194 1856.0631456529773 -330.23640172621782 -164.99453191498989 21.71192823840726 -1939.6935171318055 1114.3293009440104 -149.61391107468378 -317.4819044859513 1712.9367771314537 1738.0884066068211 532.44845428466795 -1958.8124678178269 1237.7400167511059 698.00952647816052 334.99418241858484 -93.197655607524666 -623.38198013305669 -982.4722294781659 1339.6923734250277 1317.8093059075845 1235.9563122431437 -551.92086632138205 -793.67921558136641 117.99875415391189
leaf_weight=20 21 35 20 24 22 22 37 34 1108 31 25 36 21 23 23 26 32 22 26 22 160 38 52 37 23 37 24 63 47 650
leaf_count=20 21 35 20 24 22 22 37 34 1108 31 25 36 21 23 23 26 32 22 26 22 160 38 52 37 23 37 24 63 47 650
internal_value=-44.9865 -105.377 -21.2231 -997.236 21.72 -125.078 -8.06958 809.103 -31.2959 -19.0794 -853.916 0.223185 -16.5865 2.84271 487.102 335.52 -44.5847 -1075.25 335.199 -223.517 289.813 832.893 -101.566 -97.5945 447.072 519.584 475.763 -186.66 -79.4558 -60.3611
internal_weight=2761 2740 2705 114 2591 90 2569 71 2498 2478 56 2422 2386 2343 209 186 2134 43 68 42 292 87 99 1842 61 197 47 95 1805 1758
internal_count=2761 2740 2705 114 2591 90 2569 71 2498 2478 56 2422 2386 2343 209 186 2134 43 68 42 292 87 99 1842 61 197 47 95 1805 1758
is_linear=0
shrinkage=0.05


Tree=145
num_leaves=31
num_cat=0
split_feature=44 17 39 28 8 47 82 5 34 15 19 104 93 17 20 101 11 30 112 40 41 106 45 37 109 29 10 14 47 29
split_gain=5.15925e+11 7.54683e+11 5.54687e+10 4.08415e+10 2.15541e+10 1.8058e+10 3.59691e+10 1.78367e+10 1.94006e+10 1.72644e+10 1.54582e+10 1.49721e+10 1.48374e+10 1.63426e+10 1.50182e+10 2.57654e+10 2.47656e+10 1.95925e+10 1.51031e+10 1.837e+10 2.00158e+10 1.85083e+10 1.36796e+10 1.20854e+10 1.35638e+10 2.265e+10 1.39803e+10 1.78619e+10 1.12088e+10 1.06974e+10
threshold=71.500000000000014 10912982.609033758 88.500000000000014 91.500000000000014 1742.4955872600819 0.25095419847328249 1096821.7293133999 4.1366749688667506 13.500000000000002 30869.762137757494 25938.114129091115 1786004.9500000007 8685604.9949107151 6585881.3140773894 9.5000000000000018 4520927.4144528881 954330.33000000019 6.5000000000000009 240.50000000000003 33.500000000000007 45.500000000000007 1442319.9349999998 52.500000000000007 55.500000000000007 374.50000000000006 10.500000000000002 11922.965000000002 2398245.0800000005 0.80133069630457687 1.5000000000000002
decision_type=2 2 2 2 2 2 2 2 2 2 2 2 2 2 2 2 2 2 2 2 2 2 2 2 2 2 2 2 2 2
left_child=1 2 3 4 -1 6 -6 8 -7 12 11 -11 14 -14 16 -16 17 23 19 20 -17 -21 -19 24 26 -26 27 -9 -10 -28
right_child=-2 -3 -4 -5 5 7 -8 9 28 10 -12 -13 13 -15 15 18 -18 22 -20 21 -22 -23 -24 -25 25 -27 29 -29 -30 -31
leaf_value=-1283.8165260661733 7775.3465215773822 -8569.8297907902652 2333.46236706543 -2044.1378393554689 -199.2613503029676 -1990.2701813507081 -2353.5031889542292 1.1041359517111706 56.481760313199914 569.62460150312086 -213.84751204057176 2039.887644042969 -68.034307425362726 -1939.3916528320312 -1410.9029016113282 318.19600207989038 1317.7174106373507 -139.98544259322315 1361.6467134915865 -1755.1778808593751 1710.7997691187365 346.43177809281786 -1464.7282173156739 938.76261134292145 -2037.922832072865 123.34744646990742 -755.3760431626265 1264.749876276652 -1161.6647817758414 -18.33670497622769
leaf_weight=33 21 26 25 25 123 20 23 67 69 129 55 20 28 20 20 234 34 38 39 20 29 22 40 33 22 27 51 48 26 1419
leaf_count=33 21 26 25 25 123 20 23 67 69 129 55 20 28 20 20 234 34 38 39 20 29 22 40 33 22 27 51 48 26 1419
internal_value=-32.1286 -91.4258 -10.9444 -32.5399 -13.8378 1.94126 -538.628 33.3847 -574.882 62.5917 502.538 766.975 21.6291 -847.767 41.1023 333.723 -18.7706 -44.8111 435.155 316.685 471.753 -654.335 -819.341 -8.57033 -27.7025 -847.019 -2.3735 528.539 -276.906 -43.9075
internal_weight=2786 2765 2739 2714 2689 2656 146 2510 115 2395 204 149 2191 48 2143 364 1779 1745 344 305 263 42 78 1667 1634 49 1585 115 95 1470
internal_count=2786 2765 2739 2714 2689 2656 146 2510 115 2395 204 149 2191 48 2143 364 1779 1745 344 305 263 42 78 1667 1634 49 1585 115 95 1470
is_linear=0
shrinkage=0.05


Tree=146
num_leaves=31
num_cat=0
split_feature=44 17 24 33 14 17 43 16 18 109 33 12 42 20 53 27 29 58 34 78 74 94 97 125 48 24 27 106 110 52
split_gain=4.65622e+11 6.81102e+11 5.03837e+10 4.38591e+10 3.12315e+10 4.1534e+10 2.37925e+10 1.66249e+10 2.5641e+10 5.08659e+10 1.5672e+10 1.5182e+10 1.86124e+10 2.33106e+10 1.59779e+10 1.46372e+10 1.46885e+10 1.73442e+10 1.37211e+10 1.36521e+10 1.35887e+10 1.25271e+10 1.16047e+10 1.08477e+10 1.06615e+10 1.03234e+10 2.25947e+10 1.68877e+10 1.52003e+10 1.44847e+10
threshold=71.500000000000014 10912982.609033758 235.00000000000003 253.50000000000003 10978572.715000002 8627148.6160498969 88.500000000000014 24508.972514237554 26183.296452975868 89.500000000000014 117.50000000000001 3560.7937566404107 114.50000000000001 10.500000000000002 0.21951220157554788 110.50000000000001 1.5000000000000002 218.50000000000003 20.500000000000004 7642367.4250000017 4.5000000000000009 3279776.0771681308 5074355.5756438365 152.08928571428575 0.10186786579038397 51.500000000000007 65.500000000000014 -3032670.1499999999 338.64285714285717 27643.787449001622
decision_type=2 2 2 2 2 2 2 2 2 2 2 2 2 2 2 2 2 2 2 2 2 2 2 2 2 2 2 2 2 2
left_child=1 2 3 4 5 6 7 8 11 -10 20 12 13 15 -13 16 17 -1 -11 -8 -9 24 -15 -16 25 26 27 -18 29 -27
right_child=-2 -3 -4 -5 -6 -7 19 10 9 18 -12 14 -14 22 23 -17 21 -19 -20 -21 -22 -23 -24 -25 -26 28 -28 -29 -30 -31
leaf_value=-2128.6357482910157 7386.5793991815481 -8141.3382495476653 1902.3745956420898 -2162.3772898356124 1819.1687432247659 -2146.8035262398098 315.64898904336468 188.58984463338621 -3101.2391543433782 -1226.1156020391554 1498.8564272793856 892.04743423461923 -1562.567127019709 -172.06653223390936 207.00328925987344 -1275.7310677363957 881.6253233013731 -115.36625817340354 390.52935686383933 1794.3397858796297 -1025.6033183097841 -875.48709746140707 705.05949269104008 -1099.964892578125 847.36775472005218 -98.32100752830506 -1885.6973167782737 -288.50294940623832 1272.8041945084283 650.22391306917439
leaf_weight=20 21 26 34 24 23 23 37 578 21 21 22 80 22 54 77 29 33 23 35 27 24 52 125 20 30 720 21 470 23 71
leaf_count=20 21 26 34 24 23 23 37 578 21 21 22 80 22 54 77 29 33 23 35 27 24 52 125 20 30 720 21 470 23 71
internal_value=-30.5221 -86.8545 -10.3972 -34.4395 -15.3904 -31.2651 -12.7993 -36.5042 -108.484 -1002.67 188.085 -71.664 -117.729 -98.7067 368.948 -163.391 -141.342 -1051.77 -215.713 939.472 140.183 -113.773 440.452 -62.4747 -84.8188 -105.72 -278.821 -211.735 5.71163 -31.1318
internal_weight=2786 2765 2739 2705 2681 2658 2635 2571 1947 77 624 1870 1693 1671 177 1492 1463 43 56 64 602 1420 179 97 1368 1338 524 503 814 791
internal_count=2786 2765 2739 2705 2681 2658 2635 2571 1947 77 624 1870 1693 1671 177 1492 1463 43 56 64 602 1420 179 97 1368 1338 524 503 814 791
is_linear=0
shrinkage=0.05


Tree=147
num_leaves=31
num_cat=0
split_feature=31 23 44 22 22 105 8 23 28 47 82 29 51 33 19 12 11 51 12 76 29 86 25 19 53 0 27 28 97 80
split_gain=4.33977e+11 5.14061e+11 5.48464e+10 2.95539e+10 3.46377e+10 2.50998e+10 1.87766e+10 1.81468e+10 2.36916e+10 1.5125e+10 3.1081e+10 1.42354e+10 1.52781e+10 1.30866e+10 1.21084e+10 2.27338e+10 3.10515e+10 1.61738e+10 1.42359e+10 1.47921e+10 1.33992e+10 1.31976e+10 1.23636e+10 1.25928e+10 1.16291e+10 1.14589e+10 1.1128e+10 1.27945e+10 1.10349e+10 1.07274e+10
threshold=45.500000000000007 364.00000000000006 65.500000000000014 258.50000000000006 231.50000000000003 6570470.4850000003 1742.4955872600819 301.50000000000006 75.500000000000014 0.25095419847328249 1096821.7293133999 1.0000000180025095e-35 32102.399067533624 94.500000000000014 18984.307479499654 142.49452654625071 5104.3500000000013 26937.892479873957 3214.3624930875581 2660626.8400000003 5.5000000000000009 3679697.8121604663 14.500000000000002 15637.644645516042 0.0093458147507737808 74.500000000000014 105.50000000000001 13.500000000000002 2902237.1068493156 6717544.0700000012
decision_type=2 2 2 2 2 2 2 2 2 2 2 2 2 2 2 2 2 2 2 2 2 2 2 2 2 2 2 2 2 2
left_child=1 2 3 4 5 6 -1 8 9 10 -8 -11 14 28 17 16 21 18 22 -20 -19 26 23 -13 -17 -25 27 -16 -14 -26
right_child=-2 -3 -4 -5 -6 -7 7 -9 -10 11 -12 12 13 -15 15 24 -18 20 19 -21 -22 -23 -24 25 29 -27 -28 -29 -30 -31
leaf_value=-1167.9140846470425 7131.6240809849332 -7695.9535644531252 -2567.7797619047619 1613.3575003487724 -1995.3273673317651 1641.4009155273438 -187.64289461151373 -1502.4218307495119 1248.7620393451891 -1099.8361457007272 -2190.1663529105808 461.6308902435303 915.30929260253913 1625.3272753906251 80.962696392059343 1276.6211140950522 -1795.292546530331 1.3982574590047201 -302.1736535644531 1385.5685472282203 955.81282416092733 -1442.1350228049539 1068.9672578125001 -1289.7680927094962 144.80844235992433 -102.70148676972563 964.47306503295897 -422.75626290284993 108.1444468104321 -709.6264741992951
leaf_weight=35 21 22 21 28 22 23 123 20 38 28 23 100 55 20 200 21 34 60 20 37 95 22 25 21 450 637 20 341 184 40
leaf_count=35 21 22 21 28 22 23 123 20 38 28 23 100 55 20 200 21 34 60 20 37 95 22 25 21 450 637 20 341 184 40
internal_value=-28.996 -83.3805 -22.3245 -2.68651 -19.4828 -3.21463 -17.494 -2.09055 9.47715 -8.94727 -503.109 20.9895 34.1646 396.707 -10.0646 -122.214 -326.491 117.075 30.4808 793.378 586.362 -240.832 -25.0558 -61.1384 124.438 -140.587 -193.722 -236.539 293.894 75.0587
internal_weight=2786 2765 2743 2722 2694 2672 2649 2614 2594 2556 146 2410 2382 259 2123 1128 617 995 840 57 155 583 783 758 511 658 561 541 239 490
internal_count=2786 2765 2743 2722 2694 2672 2649 2614 2594 2556 146 2410 2382 259 2123 1128 617 995 840 57 155 583 783 758 511 658 561 541 239 490
is_linear=0
shrinkage=0.05


Tree=148
num_leaves=31
num_cat=0
split_feature=30 28 11 36 5 45 2 8 18 82 84 15 19 15 50 33 33 0 118 105 33 76 50 15 107 126 43 40 91 38
split_gain=4.33299e+11 4.973e+11 5.59263e+10 8.78909e+10 1.80374e+10 8.03902e+10 7.44239e+10 2.61387e+10 2.07297e+10 2.09146e+10 1.79569e+10 1.54762e+10 1.4839e+10 1.97363e+10 1.51573e+10 3.83091e+10 1.49562e+10 1.47643e+10 1.41235e+10 1.36334e+10 1.33406e+10 1.32505e+10 1.25323e+10 1.46162e+10 1.18994e+10 1.14539e+10 1.55939e+10 1.07461e+10 9.82496e+09 9.72565e+09
threshold=11.500000000000002 116.50000000000001 1497754.6150000005 29.500000000000004 4.4616720085470094 102.50000000000001 407.50000000000006 1742.4955872600819 26069.878403391314 805612.48543384694 14244178.185000001 30869.762137757494 26074.540381567789 31768.878725711314 1.05438479739722 76.500000000000014 197.50000000000003 382.50000000000006 250.50000000000003 -585426.53999999992 65.500000000000014 984747.43500000017 1.1291419793723942 23544.324511160503 240.50000000000003 123.05782691690619 88.500000000000014 21.500000000000004 3038547.3400000003 161.50000000000003
decision_type=2 2 2 2 2 2 2 2 2 2 2 2 2 2 2 2 2 2 2 2 2 2 2 2 2 2 2 2 2 2
left_child=1 2 3 4 6 7 8 -6 11 -10 12 21 13 14 15 -9 17 18 24 -14 -15 -1 23 28 -16 26 -23 -26 29 -20
right_child=-2 -3 -4 -5 5 -7 -8 10 9 -11 -12 -13 19 20 16 -17 -18 -19 22 -21 -22 25 -24 -25 27 -27 -28 -29 -30 -31
leaf_value=-1375.9387719726565 6806.8452916518509 -7940.1718066406247 2483.676014848189 -2998.448974609375 -1746.4832623291015 3164.0193211146766 -3193.3988867187504 50.323236993912161 -334.12563353644481 -2350.7392308044432 -1098.6912653625011 998.43098440459289 -1354.3114629745485 525.99237580475983 117.21452395283229 -1894.1194551641292 1501.4975531005859 -1055.5421668419472 130.54014793395996 -60.57713274274554 1967.9795587158203 -34.939818595362468 1439.4839296228747 919.50989690231074 56.798394087086564 -442.16191708139104 1313.9112399014559 -1471.6352765954061 647.80676528267247 -1428.7582458496095
leaf_weight=20 23 20 22 25 20 21 20 109 36 20 32 33 32 81 893 33 20 26 20 56 20 823 34 59 23 177 22 23 23 20
leaf_count=20 23 20 22 25 20 21 20 109 36 20 32 33 32 81 893 33 20 26 20 56 20 823 34 59 23 177 22 23 23 20
internal_value=-27.5462 -84.4376 -27.1592 -47.46 -20.0955 91.5317 -169.934 49.1943 -116.469 -1054.34 73.073 -67.6118 98.5461 138.577 85.6003 -401.554 146.228 122.048 150.009 -531.026 811.534 -101.373 590.569 353.986 76.8172 -76.4306 0.178197 -707.418 -175.632 -649.109
internal_weight=2786 2763 2743 2721 2696 1545 1151 1524 1131 56 1504 1075 1472 1384 1283 142 1141 1121 1095 88 101 1042 156 122 939 1022 845 46 63 40
internal_count=2786 2763 2743 2721 2696 1545 1151 1524 1131 56 1504 1075 1472 1384 1283 142 1141 1121 1095 88 101 1042 156 122 939 1022 845 46 63 40
is_linear=0
shrinkage=0.05


Tree=149
num_leaves=31
num_cat=0
split_feature=44 17 39 25 8 5 80 47 82 15 19 33 44 13 16 106 16 19 8 29 39 110 105 64 25 122 115 19 37 9
split_gain=4.39418e+11 5.65917e+11 5.02064e+10 4.15982e+10 1.59431e+10 1.48494e+10 1.66823e+10 1.38338e+10 2.76614e+10 1.29443e+10 1.29096e+10 1.97471e+10 4.0435e+10 1.79186e+10 2.6211e+10 1.89434e+10 1.5993e+10 1.59353e+10 1.52761e+10 2.11909e+10 2.03654e+10 1.54226e+10 2.31364e+10 1.51692e+10 1.66952e+10 1.36053e+10 1.157e+10 1.14416e+10 1.09823e+10 1.09266e+10
threshold=71.500000000000014 10912982.609033758 88.500000000000014 20.500000000000004 1742.4955872600819 4.1366749688667506 1288297.8700000003 0.25095419847328249 1096821.7293133999 30540.718065594585 19183.805681495858 153.50000000000003 37.500000000000007 142.0955744876118 23721.736871715908 -2404584.2849999997 21950.976448353333 21048.657701440996 2758.3461649531168 22.500000000000004 66.500000000000014 248.35714285714286 -789003.87499999988 -0.56174490092936669 8.5000000000000018 66.1520594975715 82.089793384921762 27147.623878337294 14.500000000000002 799.91500000000008
decision_type=2 2 2 2 2 2 2 2 2 2 2 2 2 2 2 2 2 2 2 2 2 2 2 2 2 2 2 2 2 2
left_child=1 2 3 4 -1 6 -6 8 -7 10 16 13 -13 14 15 -12 18 -16 21 20 23 22 -9 -20 -25 26 -26 -11 -18 -8
right_child=-2 -3 -4 -5 5 7 29 9 -10 27 11 12 -14 -15 17 -17 28 -19 19 -21 -22 -23 -24 24 25 -27 -28 -29 -30 -31
leaf_value=-1102.9299623431582 7179.203022693453 -7422.7874530498802 2219.2282013549807 -1852.8384261592744 -1850.1256372070311 -137.89501380404911 -599.5891674242522 1100.3162207285563 -2043.0681311565895 569.05344406286054 -2148.4693115234377 -2598.2336255944297 400.09843084161935 164.8233828095467 391.65121050654233 -555.65438584827245 -402.39629095669454 -299.54675015055074 356.54590256202283 -1303.6652774933846 1463.2245117187501 1916.5482695007327 -1054.8662353515626 -289.34920804865726 860.42764827183316 1225.245270504671 -392.04448439986618 -380.12857505396795 638.11585201036814 514.23350091749626
leaf_weight=33 21 26 25 31 20 111 76 33 23 193 21 23 22 465 148 168 29 191 201 31 24 20 20 444 28 34 54 38 202 31
leaf_count=33 21 26 25 31 20 111 76 33 23 193 21 23 22 465 148 168 29 191 201 31 24 20 20 444 28 34 54 38 202 31
internal_value=-26.1689 -80.8932 -11.2002 -31.7458 -10.7045 2.89684 -524.646 29.4517 -464.902 57.1802 19.1016 -107.93 -1132.38 -61.5045 -260.827 -732.634 136.832 2.21519 40.5202 -21.4726 29.1618 733.48 287.04 -16.0649 -149.806 384.31 35.6289 412.911 507.489 -276.893
internal_weight=2786 2765 2739 2714 2683 2650 127 2523 134 2389 2158 1038 45 993 528 189 1120 339 889 816 785 73 53 761 560 116 82 231 231 107
internal_count=2786 2765 2739 2714 2683 2650 127 2523 134 2389 2158 1038 45 993 528 189 1120 339 889 816 785 73 53 761 560 116 82 231 231 107
is_linear=0
shrinkage=0.05


Tree=150
num_leaves=31
num_cat=0
split_feature=14 4 34 38 21 104 23 114 34 23 18 7 14 23 3 34 16 19 6 113 12 78 97 93 22 103 75 10 38 111
split_gain=7.61577e+11 1.36285e+11 6.25417e+10 6.66569e+10 2.52e+10 2.25321e+10 4.08034e+10 2.47269e+10 1.22016e+10 1.15715e+10 3.18347e+10 3.31882e+10 1.31417e+10 1.65291e+10 1.51982e+10 1.45766e+10 1.11735e+10 1.41226e+10 1.18886e+10 1.06231e+10 1.05354e+10 1.25661e+10 1.18757e+10 1.04301e+10 9.77754e+09 8.38248e+09 8.36925e+09 8.11033e+09 1.53003e+10 1.37919e+10
threshold=14140236.715000002 2777.0000000000005 143.50000000000003 282.50000000000006 33.500000000000007 3852207.0800000001 262.50000000000006 190.92857142857147 117.50000000000001 200.50000000000003 19968.408003114793 5640.5148793115104 5431553.6800000006 143.50000000000003 136.50000000000003 63.500000000000007 31767.748721006661 27421.687943121859 2.4967657382705188 432.50000000000006 348.60177545691909 5625086.6400000015 5203521.7806575345 6124973.5098214289 55.500000000000007 598646.31000000041 6269780.5000000009 10969.740000000002 135.50000000000003 26.238829571866408
decision_type=2 2 2 2 2 2 2 2 2 2 2 2 2 2 2 2 2 2 2 2 2 2 2 2 2 2 2 2 2 2
left_child=1 2 3 4 5 6 8 -7 9 12 23 -12 16 15 -15 24 18 -18 27 20 21 26 25 -11 -14 -23 -16 28 29 -1
right_child=-2 -3 -4 -5 -6 7 -8 -9 -10 10 11 -13 13 14 19 -17 17 -19 -20 -21 -22 22 -24 -25 -26 -27 -28 -29 -30 -31
leaf_value=982.83467804481245 9497.7087937127981 -3979.983209783381 2365.6984814820466 -2858.7344517299111 -1447.9747046624461 68.088936789376405 -1901.4583702350487 2103.7199310302735 1184.9419878278461 1181.1358770751954 -2982.9261381603424 -286.66829095458985 732.88770332769923 -1114.9763628641765 -1618.6121152496339 189.18149215698244 1500.3824338472807 -38.027856706891747 -1057.056028887431 1139.0402475992839 680.79369371854352 108.48732035160066 -526.73927806132554 -265.90537701231062 2192.1947753906252 1359.8944569463317 -189.45294131324405 -78.421044927679105 1614.0461450195314 -341.62771916623979
leaf_weight=29 21 22 27 21 31 35 29 26 21 20 21 25 22 24 20 40 26 35 30 27 52 32 37 33 24 23 21 1906 20 61
leaf_count=29 21 22 27 21 31 35 29 26 21 20 21 25 22 24 20 40 26 35 30 27 52 32 37 33 24 23 21 1906 20 61
internal_value=12.2258 -60.4731 -28.7479 -52.7724 -30.7031 -14.0545 -36.5282 935.735 -15.3109 -25.2814 -555.155 -1517.57 -3.68503 293.815 77.5635 887.25 -49.1502 617.688 -69.0315 212.568 77.3531 -158.579 165.868 280.148 1494.27 631.803 -886.604 -54.3287 363.126 85.1435
internal_weight=2761 2740 2718 2691 2670 2639 2578 61 2549 2528 99 46 2429 322 236 86 2107 61 2046 212 185 133 92 53 46 55 41 2016 110 90
internal_count=2761 2740 2718 2691 2670 2639 2578 61 2549 2528 99 46 2429 322 236 86 2107 61 2046 212 185 133 92 53 46 55 41 2016 110 90
is_linear=0
shrinkage=0.05


Tree=151
num_leaves=31
num_cat=0
split_feature=42 1 35 25 106 43 34 29 16 57 22 28 78 42 108 35 20 115 97 34 13 7 10 20 23 120 18 52 27 53
split_gain=9.45292e+11 2.55364e+11 5.3195e+10 4.96481e+10 1.60684e+10 4.47238e+10 1.99443e+10 2.66199e+10 1.40882e+10 1.53301e+10 1.33406e+10 1.63781e+10 1.69257e+10 1.48399e+10 1.79473e+10 1.32274e+10 1.18537e+10 1.44392e+10 1.44519e+10 1.22979e+10 1.09489e+10 1.7545e+10 1.46928e+10 1.55826e+10 1.4298e+10 1.0761e+10 1.07401e+10 2.58392e+10 1.41208e+10 1.33215e+10
threshold=189.50000000000003 552.50000000000011 58.500000000000007 20.500000000000004 -3321889.7699999996 57.500000000000007 120.50000000000001 21.500000000000004 23627.548254854086 1.0000000180025095e-35 81.500000000000014 57.500000000000007 1203459.4400000002 126.50000000000001 340.50000000000006 20.500000000000004 8.5000000000000018 129.03090870120133 2949750.2821232881 38.500000000000007 2701.6050039733232 3080.4230042016811 13449.650000000003 5.5000000000000009 51.500000000000007 313.50000000000006 20246.940855772711 29139.206472051508 64.500000000000014 0.023225409286257177
decision_type=2 2 2 2 2 2 2 2 2 2 2 2 2 2 2 2 2 2 2 2 2 2 2 2 2 2 2 2 2 2
left_child=1 2 3 4 5 15 8 -8 10 -10 11 12 -6 14 20 -1 25 18 -18 -20 21 -12 23 -23 -22 -14 -11 29 -29 -28
right_child=-2 -3 -4 -5 6 -7 7 -9 9 26 13 -13 16 -15 -16 -17 17 -19 19 -21 24 22 -24 -25 -26 -27 27 28 -30 -31
leaf_value=-451.97732270558674 10579.43236374628 -5315.709578804348 2318.575664774577 -1973.3212557705967 -1290.3585981889205 -2298.3659247036639 2291.4304260253907 -93.306353759765628 673.48869708952361 575.46233117607198 1391.5365334647042 -1471.2949016113282 -179.40671661690882 -1261.5801538085939 1222.3575431605748 985.65299784342449 -632.79329639781611 -520.45385277642151 1797.2144786005438 479.63753341080314 520.20865880062706 32.153974465762865 214.27216491628721 -1652.9388820482338 -604.78656802090734 -1087.587145098518 -1132.0556967804398 71.936795153299968 1229.1891887119839 89.364771987452656
leaf_weight=48 21 23 24 33 33 29 22 25 122 89 28 25 802 20 35 24 22 45 23 77 38 34 372 23 110 34 69 450 28 33
leaf_count=48 21 23 24 33 33 29 22 25 122 89 28 25 802 20 35 24 22 45 23 77 38 34 372 23 110 34 69 450 28 33
internal_value=11.6145 -69.3797 -24.9683 -45.854 -21.9418 -640.513 2.47231 1022.95 -16.6211 158.038 -96.8971 -206.692 -176.176 79.6064 121.518 27.2328 -139.517 245.067 527.431 782.68 57.8336 178.879 99.7317 -647.796 -315.936 -216.342 64.0392 -14.4378 139.726 -736.89
internal_weight=2761 2740 2717 2693 2660 101 2559 47 2512 791 1721 1061 1036 660 640 72 1003 167 122 100 605 457 429 57 148 836 669 580 478 102
internal_count=2761 2740 2717 2693 2660 101 2559 47 2512 791 1721 1061 1036 660 640 72 1003 167 122 100 605 457 429 57 148 836 669 580 478 102
is_linear=0
shrinkage=0.05


Tree=152
num_leaves=31
num_cat=0
split_feature=42 40 35 25 40 17 3 23 15 24 33 22 2 102 33 94 8 23 23 14 23 23 14 110 12 12 19 47 50 85
split_gain=8.53126e+11 2.30724e+11 7.63405e+10 4.4793e+10 1.48951e+10 4.78238e+10 1.12932e+10 1.35473e+10 1.13281e+10 1.6505e+10 2.06301e+10 2.62118e+10 1.71186e+10 1.32576e+10 1.25667e+10 1.13368e+10 1.53528e+10 1.22067e+10 1.04722e+10 1.51832e+10 1.43219e+10 2.32564e+10 1.37144e+10 1.2275e+10 9.94761e+09 9.90154e+09 9.86911e+09 9.86362e+09 1.59469e+10 1.61144e+10
threshold=189.50000000000003 52.500000000000007 59.500000000000007 20.500000000000004 41.500000000000007 8505605.658978669 187.50000000000003 233.50000000000003 30869.762137757494 35.500000000000007 67.500000000000014 28.500000000000004 118.50000000000001 2712150.6538515165 67.500000000000014 712166.14305740641 4043.0967605218207 23.500000000000004 37.500000000000007 1821873.6250000002 51.500000000000007 58.500000000000007 2463991.0700000003 99.142857142857153 722.52242424242434 2120.1465413924839 26312.220140998357 0.74360897352289046 1.085559148546112 3753268.2667857148
decision_type=2 2 2 2 2 2 2 2 2 2 2 2 2 2 2 2 2 2 2 2 2 2 2 2 2 2 2 2 2 2
left_child=1 2 3 4 5 6 7 8 9 10 12 -12 15 26 -15 16 -1 -17 -11 -20 24 22 -22 -23 -21 -14 -10 -25 29 -29
right_child=-2 -3 -4 -5 -6 -7 -8 -9 13 18 11 -13 25 14 -16 17 -18 -19 19 20 21 23 -24 27 -26 -27 -28 28 -30 -31
leaf_value=-2010.0931164550782 10050.460444568453 -4753.6038865309492 3056.6976220703127 -1874.6552252567178 1169.7460313063402 -2166.6902984619142 855.6802856445313 -1117.9167885916575 231.18479027679001 679.29775759789254 -2298.6997661884016 -402.75141844202267 138.70317862374444 423.08938343018065 1743.4717652820409 758.48354115205666 -350.73083515996518 -223.97129610319627 -868.3181848404256 263.42328362813811 -1662.2396219889324 962.05179123348671 -333.23716283624822 295.8060071867817 1251.055093466269 1395.4974520187379 -780.94555878510346 -1786.5924966430664 57.11440652050274 -293.36244363223807
leaf_weight=20 21 26 20 33 26 26 37 28 69 62 26 61 42 127 21 34 46 451 47 82 30 36 55 265 37 25 37 20 764 187
leaf_count=20 21 26 20 33 26 26 37 28 69 62 26 61 42 127 21 34 46 451 47 82 30 36 55 265 37 25 37 20 764 187
internal_value=11.0338 -65.9107 -21.0028 -43.8514 -21.1469 -32.8977 -11.6333 -24.1102 -12.0715 -47.2104 -248.481 -969.357 -146.999 304.732 610.441 -238.762 -853.568 -155.098 42.3137 16.3827 44.554 -1.56816 -802.297 51.9397 570.502 607.656 -122.106 25.4315 -48.3576 -437.636
internal_weight=2761 2740 2714 2694 2661 2635 2609 2572 2544 2290 705 87 618 254 148 551 66 485 1585 1523 1476 1357 85 1272 119 67 106 1236 971 207
internal_count=2761 2740 2714 2694 2661 2635 2609 2572 2544 2290 705 87 618 254 148 551 66 485 1585 1523 1476 1357 85 1272 119 67 106 1236 971 207
is_linear=0
shrinkage=0.05


Tree=153
num_leaves=31
num_cat=0
split_feature=42 27 35 36 83 20 27 80 34 31 20 52 56 11 8 101 90 26 52 19 109 48 15 24 33 18 27 109 10 52
split_gain=7.69946e+11 2.30851e+11 6.06268e+10 5.23052e+10 3.15043e+10 5.93191e+10 2.77647e+10 1.64243e+10 1.40647e+10 1.98758e+10 1.32001e+10 1.0216e+10 2.64156e+10 1.45109e+10 1.24048e+10 1.10464e+10 1.18828e+10 1.07098e+10 1.05255e+10 1.06715e+10 9.71818e+09 9.59926e+09 9.09539e+09 1.50379e+10 2.53845e+10 1.40272e+10 1.36743e+10 9.93395e+09 1.07009e+10 9.88735e+09
threshold=189.50000000000003 179.50000000000003 58.500000000000007 28.500000000000004 6818269.9000000013 12.500000000000002 136.50000000000003 10568909.820000002 116.50000000000001 26.500000000000004 18.500000000000004 16935.396035728048 5.5000000000000009 39525.000000000007 2918.0227104549754 4908226.9128610278 2962864.1274489271 40.500000000000007 29139.206472051508 20733.561818844799 208.50000000000003 0.048820211329149134 30869.762137757494 31.500000000000004 73.500000000000014 25887.990928397889 9.5000000000000018 40.500000000000007 12720.125000000002 28034.362973313571
decision_type=2 2 2 2 2 2 2 2 2 2 2 2 2 2 2 2 2 2 2 2 2 2 2 2 2 2 2 2 2 2
left_child=1 2 3 4 6 -6 7 8 9 10 11 12 -1 22 -14 18 17 21 19 -15 -18 -17 23 24 27 -24 -27 -13 -29 -25
right_child=-2 -3 -4 -5 5 -7 -8 -9 -10 -11 -12 13 14 15 -16 16 20 -19 -20 -21 -22 -23 25 29 -26 26 -28 28 -30 -31
leaf_value=-1697.2523962402347 9547.9374906994053 -5050.7841987941574 2382.466486476018 -2367.3673441569013 449.27146051580257 -3265.9135928199407 1440.4617947665129 -1202.2844415072739 1070.6031418609618 -1153.3063815066689 1247.1659679594495 -1345.2158473423551 191.53175949843035 169.76429476615712 -511.60095841117527 798.96845744739881 407.88879180908202 1342.1798333245356 740.86093789339066 -364.11710577744702 -1150.811063308716 148.70496391640572 782.29167677815758 -132.80212846241713 -2090.5983241489953 1069.7953327510668 -253.5901172076085 587.84669375949431 -332.81620153188709 221.72501964311343
leaf_weight=30 21 23 26 24 22 21 33 29 30 38 21 21 138 234 115 99 20 37 48 156 20 133 75 586 21 23 129 36 256 296
leaf_count=30 21 23 26 24 22 21 33 29 30 38 21 21 138 234 115 99 20 37 48 156 20 133 75 586 21 23 129 36 256 296
internal_value=10.4821 -62.6152 -20.3892 -43.6052 -22.694 -1365.12 -0.695346 -19.0505 -5.65713 -18.409 -1.11709 -11.7172 -294.418 24.8145 -128.074 203.697 432.614 552.18 42.2007 -43.7883 -371.461 426.188 -67.7879 -122.025 -407.756 222.749 -53.341 -294.85 -219.31 -13.8225
internal_weight=2761 2740 2717 2691 2667 43 2624 2591 2562 2532 2494 2473 283 2190 253 747 309 269 438 390 40 232 1443 1216 334 227 152 313 292 882
internal_count=2761 2740 2717 2691 2667 43 2624 2591 2562 2532 2494 2473 283 2190 253 747 309 269 438 390 40 232 1443 1216 334 227 152 313 292 882
is_linear=0
shrinkage=0.05


Tree=154
num_leaves=31
num_cat=0
split_feature=42 17 21 39 17 10 34 102 48 16 19 19 12 48 80 57 105 63 48 66 103 47 102 84 113 63 85 82 35 110
split_gain=6.94876e+11 2.10688e+11 4.21104e+10 6.08374e+10 3.28085e+10 7.51072e+10 2.0603e+10 1.1419e+10 1.26481e+10 1.13683e+10 2.17168e+10 1.75178e+10 2.62611e+10 3.17039e+10 2.50401e+10 1.32152e+10 1.10928e+10 1.04775e+10 1.01861e+10 1.01695e+10 1.00092e+10 9.86131e+09 1.29195e+10 9.36155e+09 1.88062e+10 1.27511e+10 1.26242e+10 1.10429e+10 1.06498e+10 1.03893e+10
threshold=189.50000000000003 10912982.609033758 39.500000000000007 85.500000000000014 8505605.658978669 18354.710000000003 116.50000000000001 2805740.8696656651 0.067834956668456181 23627.548254854086 19596.786836382937 19562.155691978202 126.12313110983325 0.090635268346111728 6077501.6550000012 1.0000000180025095e-35 -789003.87499999988 -0.8783796973249266 0.071535181236673781 -0.99049576193482802 348246.22500000015 0.90070562080131467 2552906.0307638054 5015666.8900000015 211.50000000000003 0.6078576107927941 2829406.9467857149 1165073.6209816982 13.500000000000002 76.928571428571445
decision_type=2 2 2 2 2 2 2 2 2 2 2 2 2 2 2 2 2 2 2 2 2 2 2 2 2 2 2 2 2 2
left_child=1 2 3 4 6 -6 7 9 -9 11 -11 17 14 23 18 -12 20 -1 -13 -19 -17 22 -18 24 25 26 29 -25 -27 -14
right_child=-2 -3 -4 -5 5 -7 -8 8 -10 10 15 12 13 -15 -16 16 21 19 -20 -21 -22 -23 -24 27 -26 28 -28 -29 -30 -31
leaf_value=-377.99869775587513 9070.5409040178565 -4723.6459025065105 -2304.1044334793091 2453.7480075683593 -2831.9293602728076 1040.8435910179503 1205.3818631417412 50.37506419994213 1709.3313665771486 1275.1267556214943 548.21219367980962 -914.9025452343385 -604.44799208530162 -1757.3292463631465 -2414.7345708007811 -166.74146934278085 -1025.5875690328664 -787.23102416992197 370.92273979187013 92.19083876004143 -1140.3146071539984 625.46955540974932 65.74908343410948 715.25997143881659 -1683.5187034970238 -88.454376149177563 -992.20559628056549 -93.958145429503247 1298.570763183594 432.9844979580966
leaf_weight=155 21 24 20 25 31 21 35 27 20 39 120 67 43 29 25 99 29 34 20 992 36 72 418 70 21 31 51 106 25 55
leaf_count=155 21 24 20 25 31 21 35 27 20 39 120 67 43 29 25 99 29 34 20 992 36 72 418 70 21 31 51 106 25 55
internal_value=9.95803 -59.4844 -18.2694 -1.31219 -24.291 -1267.92 0.401197 -15.9201 756.314 -30.2264 123.901 -102.909 -337.962 -160.708 -1020.07 65.8936 -22.6053 5.16313 -619.311 63.0482 -426.361 82.4179 -5.05352 -45.529 -258.457 -112.475 -354.226 227.89 530.753 -22.2155
internal_weight=2761 2740 2716 2696 2671 52 2619 2584 47 2537 813 1724 543 431 112 774 654 1181 87 1026 135 519 447 402 226 205 149 176 56 98
internal_count=2761 2740 2716 2696 2671 52 2619 2584 47 2537 813 1724 543 431 112 774 654 1181 87 1026 135 519 447 402 226 205 149 176 56 98
is_linear=0
shrinkage=0.05


Tree=155
num_leaves=31
num_cat=0
split_feature=105 42 42 17 31 32 40 40 3 66 56 8 115 95 19 25 107 23 2 4 27 3 23 14 9 57 66 48 31 23
split_gain=8.7587e+11 5.07895e+11 1.08016e+11 8.61396e+10 3.14751e+10 2.69535e+10 2.42601e+10 2.63388e+10 1.85344e+10 1.8322e+10 1.60793e+10 3.65731e+10 1.29389e+10 1.41429e+10 1.16629e+10 1.02161e+10 1.87948e+10 9.90364e+09 1.38285e+10 1.33792e+10 1.33462e+10 1.69513e+10 1.27757e+10 1.09976e+10 1.20776e+10 1.04065e+10 1.08413e+10 1.03407e+10 1.01875e+10 1.12745e+10
threshold=8056916.830000001 175.50000000000003 153.50000000000003 9522891.6925473548 35.500000000000007 127.50000000000001 35.500000000000007 39.500000000000007 186.50000000000003 -0.99626127116974506 2.5000000000000004 3451.678360349897 32.697172947746843 1489780.3700000003 20575.930723493719 15.500000000000002 355.50000000000006 24.500000000000004 118.50000000000001 618.50000000000011 25.500000000000004 56.500000000000007 37.500000000000007 2440855.6350000002 683.83500000000015 4.5000000000000009 -0.67758968959607091 0.08597950268817206 22.500000000000004 143.50000000000003
decision_type=2 2 2 2 2 2 2 2 2 2 2 2 2 2 2 2 2 2 2 2 2 2 2 2 2 2 2 2 2 2
left_child=1 2 3 4 5 6 8 -8 9 14 11 -11 -13 -14 -1 16 17 -12 20 -20 21 -19 -23 -24 -25 28 -27 -22 29 -21
right_child=-2 -3 -4 -5 -6 -7 7 -9 -10 10 15 12 13 -15 -16 -17 -18 18 19 25 27 22 23 24 -26 26 -28 -29 -30 -31
leaf_value=1570.6562049357099 8982.966706000434 -6890.6028284143531 3413.079404084579 -3297.1977685546876 -1886.9026400479406 1454.4757217407227 -2510.7572973632814 24.576056489490327 1316.8657389322916 -2001.2747523452299 551.48416351869889 1001.7279861450196 -1432.2281820123847 126.42917168195856 34.312106177920384 926.10354817708344 -1136.0997495863173 -428.75581990904732 675.93684793555224 216.33418436184735 -557.8101974302723 825.83832917760628 -209.25035205640293 1450.8045920632103 173.88712555974976 -616.77885317660798 -4.018230141198682 349.02063208685985 941.67389536970541 -182.02190908416503
leaf_weight=30 27 27 23 20 22 32 20 21 27 33 83 22 22 43 21 30 36 177 92 639 248 61 190 22 117 101 253 36 38 246
leaf_count=30 27 27 23 20 22 32 20 21 27 33 83 22 22 43 21 30 36 177 92 639 248 61 190 22 117 101 253 36 38 246
internal_value=21.637 -66.9267 1.18398 -28.0754 -3.51398 12.1809 -5.51594 -1212.17 13.7567 -0.0952362 -19.3179 -583.972 -46.3741 -401.116 938.044 9.28429 -2.47483 15.2457 -4.8028 93.5856 -163.08 -22.9431 161.234 38.0089 375.989 51.6308 -178.845 -442.86 140.026 105.605
internal_weight=2759 2732 2705 2682 2662 2640 2608 41 2567 2540 2489 120 87 65 51 2369 2339 2303 2220 1369 851 567 390 329 139 1277 354 284 923 885
internal_count=2759 2732 2705 2682 2662 2640 2608 41 2567 2540 2489 120 87 65 51 2369 2339 2303 2220 1369 851 567 390 329 139 1277 354 284 923 885
is_linear=0
shrinkage=0.05


Tree=156
num_leaves=31
num_cat=0
split_feature=104 42 39 23 21 14 26 56 9 66 42 32 8 37 26 66 8 21 23 38 75 0 3 97 20 28 23 32 115 114
split_gain=8.35202e+11 5.36956e+11 1.26189e+11 3.74636e+10 2.65976e+10 2.84477e+10 3.19642e+10 1.70156e+10 3.28855e+10 2.09902e+10 1.25742e+10 1.40385e+10 2.95692e+10 1.57517e+10 1.23495e+10 1.43943e+10 1.21725e+10 1.16899e+10 1.16811e+10 1.97486e+10 1.12349e+10 1.01046e+10 9.07039e+09 8.86338e+09 8.77892e+09 9.27809e+09 8.3466e+09 8.28676e+09 8.23653e+09 8.06563e+09
threshold=7816134.1450000014 175.50000000000003 87.500000000000014 300.00000000000006 35.500000000000007 9833263.2000000011 61.500000000000007 2.5000000000000004 873.16000000000008 -0.99626127116974506 127.50000000000001 94.500000000000014 3132.3970269912356 55.500000000000007 29.500000000000004 0.47493347945961001 3594.2568700305987 6.5000000000000009 37.500000000000007 33.500000000000007 1857310.9400000002 315.50000000000006 60.500000000000007 5760211.4811369879 10.500000000000002 12.500000000000002 24.500000000000004 106.50000000000001 33.116147173547752 125.23214285714288
decision_type=2 2 2 2 2 2 2 2 2 2 2 2 2 2 2 2 2 2 2 2 2 2 2 2 2 2 2 2 2 2
left_child=1 2 3 4 5 6 7 8 -1 -9 11 14 -13 27 18 21 -7 -17 22 -20 -21 -16 26 24 25 -22 -11 -14 -27 -30
right_child=-2 -3 -4 -5 -6 16 -8 9 -10 10 -12 12 13 -15 15 17 -18 -19 19 20 23 -23 -24 -25 -26 28 -28 -29 29 -31
leaf_value=-215.93128815979517 9723.7744320956153 -7351.6271132812508 3870.6466327848889 -1986.9630088806152 -1775.045047433036 462.50005371093749 -1951.7072445824033 1083.9312418186919 -2407.1774224853516 516.51989564895632 1180.4558782162874 -2231.078070359003 -1129.6507061428495 664.24664510091145 95.900204199564072 1711.3168631417411 2206.9581585693359 279.01359915897768 -1548.4291320800783 -575.92027285706763 147.54964471407678 1039.7814218648275 831.81938302176331 -944.15364368145276 708.09863593869102 -858.68068478232954 -133.5471916553586 139.7252200317383 336.69903081537609 -166.62759441796251
leaf_weight=119 22 25 21 24 21 20 21 47 20 80 23 21 36 36 517 28 20 29 23 102 438 30 56 26 41 38 129 20 91 635
leaf_count=119 22 25 21 24 21 20 21 47 20 80 23 21 36 36 517 28 20 29 23 102 438 30 56 26 41 38 129 20 91 635
internal_value=20.5552 -57.4393 9.80063 -20.3286 -2.6311 11.4357 -8.87581 6.90734 -531.219 37.4877 16.9863 5.72374 -538.165 -151.74 32.8821 226.46 1334.73 982.601 -37.5948 -95.4417 -71.0663 147.667 266.701 -30.487 -11.3757 -35.9168 115.282 -676.302 -141.098 -103.538
internal_weight=2759 2737 2712 2691 2667 2646 2606 2585 139 2446 2399 2376 113 92 2263 604 40 57 1659 1394 1371 547 265 1269 1243 1202 209 56 764 726
internal_count=2759 2737 2712 2691 2667 2646 2606 2585 139 2446 2399 2376 113 92 2263 604 40 57 1659 1394 1371 547 265 1269 1243 1202 209 56 764 726
is_linear=0
shrinkage=0.05


Tree=157
num_leaves=31
num_cat=0
split_feature=25 4 28 37 4 35 40 14 66 5 103 31 25 23 22 26 52 120 32 14 22 34 115 108 23 14 102 128 10 14
split_gain=7.8488e+11 6.22163e+11 1.16945e+11 5.16801e+10 3.54342e+10 2.38571e+10 2.65677e+10 2.61006e+10 1.61262e+10 1.30786e+10 2.93291e+10 1.11728e+10 1.53891e+10 9.2638e+09 1.20073e+10 1.82266e+10 1.20245e+10 1.25739e+10 1.63748e+10 1.66065e+10 1.35212e+10 1.25693e+10 1.1546e+10 1.57608e+10 1.15119e+10 2.33061e+10 1.36994e+10 1.09665e+10 1.11641e+10 1.0611e+10
threshold=25.500000000000004 2925.0000000000005 98.500000000000014 85.500000000000014 2177.5000000000005 46.500000000000007 38.500000000000007 9833263.2000000011 -0.98518361333263327 4.1366749688667506 -1130410.6300000004 15.500000000000002 7.5000000000000009 24.500000000000004 58.500000000000007 50.500000000000007 28161.396684715353 275.50000000000006 88.500000000000014 5246998.1850000015 145.50000000000003 72.500000000000014 116.30823608776966 212.50000000000003 51.500000000000007 2203026.3250000007 2748629.6130134999 388.00000000000006 13630.740000000002 1798738.0150000004
decision_type=2 2 2 2 2 2 2 2 2 2 2 2 2 2 2 2 2 2 2 2 2 2 2 2 2 2 2 2 2 2
left_child=1 2 3 4 5 6 7 8 11 10 -10 12 -1 -11 15 -15 17 18 24 -20 27 -18 23 -21 29 -26 -27 -19 -29 -16
right_child=-2 -3 -4 -5 -6 -7 -8 -9 9 13 -12 -13 -14 14 16 -17 21 20 19 22 -22 -23 -24 -25 25 26 -28 28 -30 -31
leaf_value=632.14164389994608 9888.6128613281253 -8625.701274181547 3822.9741162109381 -2191.0708600079574 1881.0346982421875 -1367.1797841191292 -1649.5398745218915 1597.9429997370794 -2184.4092135342685 532.26332723617554 -154.31743321572583 1337.7368986241959 -948.31798748016354 -104.20117067396097 -68.535085467902988 -1627.2968423461916 801.79840544201079 -791.74368008700287 -1916.494410487584 -807.17736344770958 1474.5586087740385 -344.02918878370718 -1270.2630545479913 1064.7524724545688 -1731.2609387207031 -47.310766941392927 1126.3795959472657 1470.8776605878559 210.92118631998699 899.61181613295832
leaf_weight=67 20 21 20 27 25 32 24 26 22 80 93 34 20 1098 49 20 105 22 21 22 26 31 21 23 20 568 26 21 108 67
leaf_count=67 20 21 20 27 25 32 24 26 22 80 93 34 20 1098 49 20 105 22 21 22 26 31 21 23 20 568 26 21 108 67
internal_value=19.5274 -52.536 13.7026 -14.5352 7.46649 -10.2354 6.37601 21.7204 5.73686 -22.1698 -542.683 569.175 268.818 3.54281 -15.2729 -131.448 99.6685 39.3375 -43.4352 -691.845 421.402 540.617 -302.184 149.587 33.841 -52.4623 4.06289 240.063 416.03 490.653
internal_weight=2759 2739 2718 2698 2671 2646 2614 2590 2564 2443 115 121 87 2328 2248 1118 1130 994 817 87 177 136 66 45 730 614 594 151 129 116
internal_count=2759 2739 2718 2698 2671 2646 2614 2590 2564 2443 115 121 87 2328 2248 1118 1130 994 817 87 177 136 66 45 730 614 594 151 129 116
is_linear=0
shrinkage=0.05


Tree=158
num_leaves=31
num_cat=0
split_feature=45 27 43 38 4 21 45 78 50 30 126 50 127 107 97 86 106 80 54 16 27 23 14 23 113 4 8 23 14 89
split_gain=7.45366e+11 3.87355e+11 4.43682e+10 4.69333e+10 2.9908e+10 3.09133e+10 2.45774e+10 1.9967e+10 2.73944e+10 1.5421e+10 1.52309e+10 1.39616e+10 1.38469e+10 1.37949e+10 1.52106e+10 1.37304e+10 1.36239e+10 1.31878e+10 2.6666e+10 1.13175e+10 1.32455e+10 1.02809e+10 1.43849e+10 1.03748e+10 1.02938e+10 1.02623e+10 1.22549e+10 1.26852e+10 1.18344e+10 1.09195e+10
threshold=132.50000000000003 176.00000000000003 126.50000000000001 288.50000000000006 2177.5000000000005 35.500000000000007 94.500000000000014 7845017.6700000009 1.0800516795865636 6.5000000000000009 123.62149671516626 1.072822332816622 160.50000000000003 295.50000000000006 5163225.6437808229 1538696.2263636931 -79806.225000000079 4652127.3900000015 2020.5000000000002 31767.748721006661 5.5000000000000009 142.50000000000003 5149899.0750000011 23.500000000000004 248.50000000000003 274.50000000000006 2394.7956108174444 37.500000000000007 1666405.6350000002 3140316.0533928578
decision_type=2 2 2 2 2 2 2 2 2 2 2 2 2 2 2 2 2 2 2 2 2 2 2 2 2 2 2 2 2 2
left_child=1 2 3 4 5 6 7 9 13 12 -10 -11 17 14 -9 -16 -13 19 -19 20 -1 22 23 -22 -24 -25 29 -28 -29 -27
right_child=-2 -3 -4 -5 -6 -7 -8 8 10 11 -12 16 -14 -15 15 -17 -18 18 -20 -21 21 -23 24 25 -26 26 27 28 -30 -31
leaf_value=-1177.3212669089987 9185.0828033447269 -6662.9907337535515 2234.7037231445315 -2432.9621289062502 1924.4757275390625 -1974.6437393188478 -1628.7483399764351 557.68588672051067 1527.7322996139528 -1703.3043406610905 319.28156100186436 666.59959179687507 -946.87161684538194 941.05501149495456 -1675.6796837397987 -45.902495765686041 -719.30932151294155 303.41554512013312 -1253.0153809646081 631.67965064213195 627.58276132436902 -714.08229291192424 1402.5915899868669 -590.70596221288042 70.376739554569653 1543.0933865633879 424.91569470929676 -850.34756930264564 -99.08828770939482 76.529557062784832
leaf_weight=27 22 22 22 20 20 20 23 26 64 23 44 25 38 24 28 24 61 539 29 58 52 58 29 96 29 22 111 55 1118 30
leaf_count=27 22 22 22 20 20 20 23 26 64 23 44 25 38 24 28 24 61 539 29 58 52 58 29 96 29 22 111 55 1118 30
internal_value=18.551 -55.1295 -1.58517 -19.8541 -1.79872 -16.3202 -1.44497 12.8952 480.418 -28.013 1035.4 -609.072 -0.367631 -107.211 -429.755 -923.475 -316.429 15.5965 223.95 -54.6378 -79.1039 -60.5715 -35.9907 -66.1817 736.484 -91.3743 -55.4942 -85.969 -134.314 696.999
internal_weight=2759 2737 2715 2693 2673 2653 2633 2610 210 2400 108 109 2291 102 78 52 86 2253 568 1685 1627 1600 1542 1484 58 1432 1336 1284 1173 52
internal_count=2759 2737 2715 2693 2673 2653 2633 2610 210 2400 108 109 2291 102 78 52 86 2253 568 1685 1627 1600 1542 1484 58 1432 1336 1284 1173 52
is_linear=0
shrinkage=0.05


Tree=159
num_leaves=31
num_cat=0
split_feature=104 42 39 23 21 14 26 56 95 39 48 8 14 103 32 16 6 77 41 32 45 91 23 80 103 7 26 5 53 12
split_gain=7.30176e+11 4.75731e+11 1.15742e+11 3.81155e+10 2.44295e+10 2.35424e+10 2.77785e+10 1.4419e+10 2.98321e+10 1.13011e+10 1.08104e+10 1.07844e+10 9.57988e+09 9.97694e+09 1.36837e+10 3.08226e+10 1.11226e+10 1.14013e+10 1.0801e+10 9.95339e+09 9.2961e+09 9.98828e+09 8.94914e+09 9.82674e+09 7.73201e+09 1.20011e+10 1.13135e+10 1.23403e+10 9.81079e+09 8.99948e+09
threshold=7816134.1450000014 175.50000000000003 87.500000000000014 300.00000000000006 35.500000000000007 9833263.2000000011 61.500000000000007 2.5000000000000004 786287.76500000013 66.500000000000014 0.033373110580747815 3594.2568700305987 788573.19000000006 1266931.8450000002 92.500000000000014 15463.320297730852 2.2968105538728669 3457318.5350000006 42.500000000000007 104.50000000000001 35.500000000000007 2019252.03 97.500000000000014 5355475.6000000006 782218.09500000032 3706.3963570124511 25.500000000000004 4.8897569444444455 0.21951220502315885 638.05065556978241
decision_type=2 2 2 2 2 2 2 2 2 2 2 2 2 2 2 2 2 2 2 2 2 2 2 2 2 2 2 2 2 2
left_child=1 2 3 4 5 6 7 8 -1 12 -10 -7 -9 14 18 -16 17 -15 24 -17 -18 -22 -12 -24 26 -26 27 29 -28 -14
right_child=-2 -3 -4 -5 -6 11 -8 9 10 -11 22 -13 13 16 15 19 20 -19 -20 -21 21 -23 23 -25 25 -27 28 -29 -30 -31
leaf_value=-2275.4141320800782 9090.2709894353702 -6921.0543593750008 3705.5781982421877 -2004.5381212870282 -1701.6551316034229 393.2840551757813 -1819.1769368489583 1113.9217016601563 -1248.6519833374023 1114.505015818278 506.03359057368061 2035.2643640136719 -186.90389518249356 854.74002042497909 -2344.7904415893554 -674.39518253977712 -207.13631469726562 -329.80811664478199 882.44319475446434 464.95616423686346 1774.2193843135128 567.51644390999002 -1041.2660162563982 378.93903750465029 -1334.3860125223796 -153.2635315162548 249.1381532809045 714.95921343994144 -851.17151667277017 100.77877019612339
leaf_weight=20 22 25 21 24 21 20 21 20 20 24 49 20 781 28 20 41 20 74 35 36 27 47 29 21 24 207 574 50 21 417
leaf_count=20 22 25 21 24 21 20 21 20 20 24 49 20 781 28 20 41 20 74 35 36 27 47 29 21 24 207 574 50 21 417
internal_value=17.6235 -55.3024 7.98804 -20.8672 -3.01637 10.4649 -8.01261 6.70091 -488.667 34.8514 -188.373 1214.27 24.1529 15.0791 -15.2953 -595.955 356.946 -4.63804 11.4112 -141.711 749.303 1007.8 25.8248 -444.78 -3.28802 -275.978 30.8906 -54.6468 210.304 -86.7673
internal_weight=2759 2737 2712 2691 2667 2646 2606 2585 139 2446 119 40 2422 2402 2206 97 196 102 2109 77 94 74 99 50 2074 231 1843 1248 595 1198
internal_count=2759 2737 2712 2691 2667 2646 2606 2585 139 2446 119 40 2422 2402 2206 97 196 102 2109 77 94 74 99 50 2074 231 1843 1248 595 1198
is_linear=0
shrinkage=0.05


Tree=160
num_leaves=31
num_cat=0
split_feature=34 23 17 23 106 104 58 43 47 23 52 41 41 109 51 23 105 17 96 23 17 17 20 109 91 0 57 57 101 41
split_gain=4.42624e+11 3.10523e+11 2.88181e+10 2.84494e+10 5.92612e+10 1.95261e+10 1.72596e+10 1.91017e+10 1.35868e+10 2.44856e+10 1.62862e+10 1.87817e+10 1.22108e+10 1.17512e+10 1.07335e+10 9.98933e+09 9.93974e+09 2.32169e+10 1.16086e+10 9.4944e+09 1.98218e+10 1.17357e+10 9.7245e+09 1.23554e+10 9.37579e+09 9.35515e+09 9.24464e+09 9.35843e+09 2.2943e+10 1.21999e+10
threshold=173.50000000000003 373.50000000000006 10149478.950604098 262.50000000000006 63304.165000000161 4130341.73 362.50000000000006 91.500000000000014 0.29200310057489831 97.500000000000014 34477.698598247815 3.5000000000000004 57.500000000000007 309.50000000000006 34905.759363876081 31.500000000000004 2176143.2800000003 7059132.1781536629 13797850.545000002 37.500000000000007 1636929.2981294084 1624067.6969935407 4.5000000000000009 359.50000000000006 2375937.6700000004 119.50000000000001 4.5000000000000009 1.5000000000000002 5104866.0682010241 43.500000000000007
decision_type=2 2 2 2 2 2 2 2 2 2 2 2 2 2 2 2 2 2 2 2 2 2 2 2 2 2 2 2 2 2
left_child=1 2 3 5 -5 6 7 8 9 25 11 -10 -6 -9 -12 -16 17 19 24 21 -21 -13 23 -22 -18 -1 27 28 -24 -29
right_child=-2 -3 -4 4 12 -7 -8 13 10 -11 14 16 -14 -15 15 -17 18 -19 -20 20 22 -23 26 -25 -26 -27 -28 29 -30 -31
leaf_value=-299.55235558983969 7234.5883951822925 -6259.4990869140629 1618.600836407697 -2702.356892903646 -630.06927379261367 1231.31688079834 -1474.4910461425782 277.41335287475584 -1322.0631460684317 -1692.3986367502521 1501.0392005333533 181.40493661562604 1055.5329787481398 1881.8067214239211 1222.7910660453465 -2.7775144195556645 507.05557191268258 -1405.0269104512533 1515.842606201172 -1085.006599634344 -97.31904588735118 1354.9957094726562 -210.2859015236813 -1183.7043669524016 -394.53190351213732 816.62088506789439 -149.52738776529642 296.80492835194298 908.97983511175426 1537.4757498604913
leaf_weight=177 21 20 27 30 22 32 20 25 27 31 26 144 21 21 23 60 92 30 20 44 853 25 251 27 42 21 266 351 56 21
leaf_count=177 21 20 27 30 22 32 20 25 27 31 26 144 21 21 23 60 92 30 20 44 853 25 251 27 42 21 266 351 56 21
internal_value=2.59442 -51.5488 -6.96752 -22.8813 -996.795 3.5975 -11.211 -0.0961039 -18.0542 -385.747 17.6547 -11.2738 193.132 1009.85 614.537 336.838 4.65388 -24.2044 392.179 -3.87827 -36.3302 355.013 -11.047 -130.651 224.468 -181.17 100.331 198.213 -6.12016 366.843
internal_weight=2826 2805 2785 2758 73 2685 2653 2633 2587 229 2358 2249 43 46 109 83 2222 2068 154 2038 1869 169 1825 880 134 198 945 679 307 372
internal_count=2826 2805 2785 2758 73 2685 2653 2633 2587 229 2358 2249 43 46 109 83 2222 2068 154 2038 1869 169 1825 880 134 198 945 679 307 372
is_linear=0
shrinkage=0.05


Tree=161
num_leaves=31
num_cat=0
split_feature=30 28 118 107 23 7 63 17 76 66 47 23 16 4 29 101 12 78 1 43 17 10 38 39 122 0 3 48 23 88
split_gain=5.74617e+11 5.63125e+11 3.81735e+10 5.13925e+10 1.53188e+10 5.87039e+10 2.2153e+10 2.00785e+10 2.78192e+10 1.1572e+10 1.32413e+10 2.07785e+10 1.34002e+10 1.41854e+10 1.40969e+10 1.27929e+10 1.19239e+10 1.09406e+10 9.7319e+09 8.91909e+09 9.90088e+09 1.02561e+10 1.34915e+10 1.41254e+10 1.18122e+10 9.73899e+09 1.04002e+10 1.13674e+10 1.00309e+10 1.07335e+10
threshold=11.500000000000002 119.00000000000001 559.00000000000011 514.50000000000011 252.50000000000003 4661.0521451425257 0.6078576107927941 7451832.8693387052 5690515.9350000015 0.99903710851409044 0.29200310057489831 97.500000000000014 23627.548254854086 523.50000000000011 1.5000000000000002 4753435.0425719609 4224.9620199401279 1813189.1650000003 97.500000000000014 88.500000000000014 7059132.1781536629 11922.965000000002 135.50000000000003 31.500000000000004 42.082684406468886 136.50000000000003 98.500000000000014 0.051758483308146731 66.500000000000014 4343343.3800000008
decision_type=2 2 2 2 2 2 2 2 2 2 2 2 2 2 2 2 2 2 2 2 2 2 2 2 2 2 2 2 2 2
left_child=1 2 3 4 7 -6 -7 9 -9 10 11 -1 13 14 -12 -14 17 -15 -16 20 21 22 23 -19 25 -23 27 -27 29 -28
right_child=-2 -3 -4 -5 5 6 -8 8 -10 -11 12 -13 15 16 18 -17 -18 19 -20 -21 -22 24 -24 -25 -26 26 28 -29 -30 -31
leaf_value=-172.11183488633898 7004.4359337116111 -8429.9917602539062 -2186.4651123046874 2412.8235468084163 -2750.2896036783859 -819.82400539232333 1351.7041544596354 2443.1940240478516 19.227309444032869 -943.34615418405247 -1375.6113466389975 -1545.3105717658998 475.92581014103365 743.12758424719993 -104.47611231600118 30.467246421178181 1157.5413779880689 512.06063938701857 -900.01412373418395 737.09916207162962 -1068.2379033627719 287.07653420840995 1353.4809422986261 -822.29850899832581 114.83411033564602 -1597.492993367513 -275.60152195521766 -196.69838518415179 -294.05367477713111 1108.8451110839844
leaf_weight=198 29 20 20 22 24 23 24 20 29 33 30 32 288 49 234 366 23 68 46 38 23 85 29 28 493 30 28 28 438 28
leaf_count=198 29 20 20 22 24 23 24 20 29 33 30 32 288 49 234 366 23 68 46 38 23 85 29 28 493 30 28 28 438 28
internal_value=2.4647 -70.1335 -9.92567 5.86352 -13.4978 -738.338 289.041 5.82043 1008.6 -12.9697 -1.07879 -363.166 34.3294 -39.7379 -345.537 226.632 28.5601 9.53696 -235.172 -17.7776 -40.2231 -21.3829 408.374 122.873 -68.9224 -211.139 -287.857 -921.247 -213.491 416.622
internal_weight=2826 2797 2777 2757 2735 71 47 2664 49 2615 2582 230 2352 1698 310 654 1388 1365 280 1316 1278 1255 125 96 1130 637 552 58 494 56
internal_count=2826 2797 2777 2757 2735 71 47 2664 49 2615 2582 230 2352 1698 310 654 1388 1365 280 1316 1278 1255 125 96 1130 637 552 58 494 56
is_linear=0
shrinkage=0.05


Tree=162
num_leaves=31
num_cat=0
split_feature=30 38 78 21 45 17 105 40 40 21 3 42 16 38 10 19 100 11 121 37 16 109 106 19 102 19 11 50 16 4
split_gain=5.18592e+11 5.09672e+11 3.3395e+10 4.39665e+10 2.7096e+10 5.83388e+10 1.78978e+10 1.34748e+10 1.5541e+10 1.83731e+10 1.97697e+10 1.56318e+10 1.41405e+10 2.51033e+10 1.26062e+10 1.20102e+10 1.35904e+10 1.30262e+10 1.11192e+10 1.30748e+10 1.03468e+10 1.03448e+10 9.50838e+09 1.14659e+10 9.36178e+09 9.81015e+09 1.51016e+10 1.81952e+10 1.29106e+10 9.00188e+09
threshold=11.500000000000002 356.00000000000006 13797850.545000002 34.500000000000007 106.50000000000001 8627148.6160498969 5026819.0950000016 38.500000000000007 21.500000000000004 20.500000000000004 172.50000000000003 117.50000000000001 23315.262586440382 23.500000000000004 16040.855000000001 19878.805037016515 10678222.950000001 88963.660000000018 284.64285714285717 42.500000000000007 25337.174286652047 431.50000000000006 2388986.5899999999 20619.49250744297 2756941.6423034822 17812.165260364305 17125.000000000004 1.0515796474891921 21459.858983017035 417.50000000000006
decision_type=2 2 2 2 2 2 2 2 2 2 2 2 2 2 2 2 2 2 2 2 2 2 2 2 2 2 2 2 2 2
left_child=1 2 3 4 5 6 7 8 12 11 14 18 13 -1 -11 -14 20 -18 22 -20 -17 24 23 -10 25 28 27 -27 -15 -22
right_child=-2 -3 -4 -5 -6 -7 -8 -9 9 10 -12 -13 15 21 -16 16 17 -19 19 -21 29 -23 -24 -25 -26 26 -28 -29 -30 -31
leaf_value=-1912.7166207885741 6654.2145507812502 -7826.763318452382 1978.4118617466518 -1926.7379785156249 1360.5429850260416 -2377.3078674316407 1238.0229894177667 -1215.8725978685461 81.846764766059906 1137.8536499023437 1903.4951349431822 -1231.2837377929689 607.34866040910993 -56.845459598535541 -637.40584838867198 -155.34077453613281 -244.5122692871094 694.16839837795351 9.9626146589006694 1702.3007558593749 210.21847840150201 -1203.2182155262342 -906.36430913751781 1326.5496069335939 191.65721170957698 -1747.2485246329475 -92.37967614191308 -425.53253515280932 939.8957438151042 863.07801110961236
leaf_weight=20 29 21 21 30 36 26 29 23 247 20 33 20 105 333 20 94 375 41 21 25 132 22 22 20 215 29 438 255 36 88
leaf_count=20 29 21 21 30 36 26 29 23 247 20 33 20 105 333 20 94 375 41 21 25 132 22 22 20 215 29 438 255 36 88
internal_value=2.34147 -66.6268 -7.92263 -23.0635 -2.10558 -20.3486 2.66344 -10.9377 -0.323577 275.169 997.593 126.615 -54.3368 -154.492 250.224 107.351 35.4335 -151.998 207.683 929.712 283.751 -128.013 92.7582 175.083 -109.901 -169.328 -276.514 -560.496 40.3976 471.362
internal_weight=2826 2797 2776 2755 2725 2689 2663 2634 2611 428 73 355 2183 1348 40 835 730 416 335 46 314 1328 289 267 1306 1091 722 284 369 220
internal_count=2826 2797 2776 2755 2725 2689 2663 2634 2611 428 73 355 2183 1348 40 835 730 416 335 46 314 1328 289 267 1306 1091 722 284 369 220
is_linear=0
shrinkage=0.05


Tree=163
num_leaves=31
num_cat=0
split_feature=44 23 44 34 103 23 101 26 125 122 90 96 81 58 103 64 41 43 38 106 97 40 5 5 44 87 10 101 80 102
split_gain=4.84316e+11 3.76575e+11 3.91053e+10 2.74168e+10 1.41552e+10 2.41192e+10 3.82323e+10 1.9861e+10 1.43159e+10 1.60503e+10 1.25998e+10 1.36577e+10 1.11404e+10 1.69267e+10 1.36336e+10 1.09682e+10 1.52786e+10 1.36377e+10 1.43681e+10 1.04126e+10 1.02162e+10 1.13757e+10 1.07851e+10 9.23691e+09 1.07293e+10 9.22721e+09 8.89631e+09 9.3776e+09 8.82363e+09 7.84618e+09
threshold=69.500000000000014 364.00000000000006 56.500000000000007 134.50000000000003 1409747.125 252.50000000000003 5046458.4601080893 56.500000000000007 302.9285714285715 22.933131619727344 1238129.503963954 14140236.715000002 5533378.8692857148 82.500000000000014 -2083030.9400000002 -0.56174490092936669 39.500000000000007 88.500000000000014 187.50000000000003 2388986.5899999999 5558547.4877945213 21.500000000000004 4.4437936027379239 4.9305985552115592 2.5000000000000004 846206.70000000007 18812.180000000004 4624798.8563133003 6383643.3900000015 2709979.2437348929
decision_type=2 2 2 2 2 2 2 2 2 2 2 2 2 2 2 2 2 2 2 2 2 2 2 2 2 2 2 2 2 2
left_child=1 2 3 4 5 12 -7 8 9 29 -11 -12 14 -14 -1 16 28 18 20 23 21 26 -23 24 25 -16 27 -17 -15 -6
right_child=-2 -3 -4 -5 7 6 -8 -9 -10 10 11 -13 13 15 19 17 -18 -19 -20 -21 -22 22 -24 -25 -26 -27 -28 -29 -30 -31
leaf_value=-1191.7175898799192 7755.3525292968761 -6889.4384704589847 1707.013737349077 -1743.5346594769021 -1084.4389986905185 143.28284657796223 -2816.7116821289064 1851.66569359189 -938.21485040084178 1590.036142692566 18.745277129626668 1524.3853125000001 1146.151037829263 610.73430243492135 -116.74671203613282 -1229.8795040130617 1448.5419724987401 1148.176502574574 -1094.6818612234933 -1141.9392777876421 -631.985841147683 1370.9458325195312 129.68395342145649 615.93944181554468 -48.335830249964147 -1635.5627923583986 478.54607096354169 -112.09682508956556 -274.62438141444949 283.91148193359379
leaf_weight=27 20 20 33 23 22 24 20 21 23 30 61 20 42 60 20 24 31 22 35 22 55 30 42 51 1824 20 45 86 53 20
leaf_count=27 20 20 33 23 22 24 20 21 23 30 61 20 42 60 20 24 31 22 35 22 55 30 42 51 1824 20 45 86 53 20
internal_value=2.22439 -53.0367 -3.95985 -24.4692 -9.98619 -41.7375 -1202.17 398.268 224.852 399.692 714.705 390.508 -21.2237 183.374 -75.9149 99.6538 465.234 -55.6371 -139.182 -60.3616 -20.5921 127.543 646.876 -47.9362 -66.1002 -876.155 -113.696 -355.977 195.478 -432.844
internal_weight=2826 2806 2786 2753 2730 2533 44 197 176 153 111 81 2489 525 1964 483 144 339 317 1937 282 227 72 1915 1864 40 155 110 113 42
internal_count=2826 2806 2786 2753 2730 2533 44 197 176 153 111 81 2489 525 1964 483 144 339 317 1937 282 227 72 1915 1864 40 155 110 113 42
is_linear=0
shrinkage=0.05


Tree=164
num_leaves=31
num_cat=0
split_feature=30 28 118 107 23 7 14 13 123 17 17 76 101 7 13 6 44 111 23 105 58 105 5 28 105 47 120 5 6 52
split_gain=4.6537e+11 4.67908e+11 3.30119e+10 4.59511e+10 1.26363e+10 6.05521e+10 1.29355e+10 1.90788e+10 2.17936e+10 1.49184e+10 2.97143e+10 2.19946e+10 2.18909e+10 1.60643e+10 1.27245e+10 1.28907e+10 1.02289e+10 1.05126e+10 1.34659e+10 1.24931e+10 8.76921e+09 8.72938e+09 8.28246e+09 8.65218e+09 1.28313e+10 1.11455e+10 1.14953e+10 9.96452e+09 1.169e+10 8.68031e+09
threshold=11.500000000000002 119.00000000000001 559.00000000000011 514.50000000000011 262.50000000000006 4661.0521451425257 6268049.6750000017 138.76122664030635 181.50000000000003 4915333.7592282919 4634750.1467996081 2842526.0850000004 4588596.9555270299 4811.3599891246658 3098.9763589897211 2.285860052332283 42.500000000000007 40.955550735073693 204.50000000000003 2311079.4950000006 134.50000000000003 -1793225.6149999998 3.9421683389074702 14.500000000000002 949358.06499999983 0.29200310057489831 119.50000000000001 4.9305985552115592 2.4844643717746542 14634.539927976954
decision_type=2 2 2 2 2 2 2 2 2 2 2 2 2 2 2 2 2 2 2 2 2 2 2 2 2 2 2 2 2 2
left_child=1 2 3 4 6 -6 9 16 -9 10 22 -11 -12 -14 15 -13 17 20 21 -20 -8 -19 -1 24 27 26 -25 28 -24 -27
right_child=-2 -3 -4 -5 5 -7 7 8 -10 11 12 14 13 -15 -16 -17 -18 18 19 -21 -22 -23 23 25 -26 29 -28 -29 -30 -31
leaf_value=-1056.5121447753907 6303.4178386819776 -7683.6042190551761 -2032.3858117675782 2282.3167924360796 -2894.1905994233634 435.99274558042873 343.901019577753 1989.0593841552736 218.0667854710629 -1893.9082773844402 -652.90603454589848 80.946211827054938 2424.20553296566 794.54371224680256 540.13891754150393 -1028.9616428181278 1110.4091088336447 1465.1564660644533 -986.68086039225261 547.86885928199411 -877.31236958406407 321.80768122909097 15.077598109887399 -1803.7618243408206 695.6008523763021 -798.29915668576268 -180.69725298881531 735.63372607853103 -957.30907011032104 -71.107249903599339
leaf_weight=20 29 20 20 22 21 39 21 32 38 24 20 47 20 62 37 59 23 20 36 21 49 101 906 20 75 43 24 46 32 899
leaf_count=20 29 20 20 22 21 39 21 32 38 24 20 47 20 62 37 59 23 20 36 21 49 101 906 20 75 43 24 46 32 899
internal_value=2.11317 -63.2203 -8.33821 6.34476 -11.9629 -729.571 4.13301 291.789 1027.66 -37.8938 -2.80165 -493.251 830.272 1192.02 -258.176 -536.833 101.71 8.16151 212.306 -421.32 -510.948 510.791 -43.951 -34.0482 65.1895 -140.633 -918.454 17.1398 -18.0955 -104.302
internal_weight=2826 2797 2777 2757 2735 60 2675 341 70 2334 2167 167 102 82 143 106 271 248 178 57 70 121 2065 2045 1059 986 44 984 938 942
internal_count=2826 2797 2777 2757 2735 60 2675 341 70 2334 2167 167 102 82 143 106 271 248 178 57 70 121 2065 2045 1059 986 44 984 938 942
is_linear=0
shrinkage=0.05


Tree=165
num_leaves=31
num_cat=0
split_feature=14 32 43 42 14 23 47 24 52 66 5 20 30 7 16 9 101 51 105 66 7 19 77 63 59 35 10 92 121 104
split_gain=7.95486e+11 5.64766e+11 3.93411e+10 5.64989e+10 1.64585e+10 2.69996e+10 3.71766e+10 1.59749e+10 1.95459e+10 1.42015e+10 1.32375e+10 8.82089e+09 1.30051e+10 1.18408e+10 1.04565e+10 1.70862e+10 9.79228e+09 1.51539e+10 1.23025e+10 1.33356e+10 1.19807e+10 1.6989e+10 1.07786e+10 1.05813e+10 1.06873e+10 9.62428e+09 8.86638e+09 9.81034e+09 1.37727e+10 9.94452e+09
threshold=13161770.050000003 171.50000000000003 124.00000000000001 145.50000000000003 9134142.3500000015 233.50000000000003 0.79513457556935829 124.50000000000001 27786.480279940679 -0.9975933521984367 3.9421683389074702 4.5000000000000009 6.5000000000000009 2918.3923385344665 16091.309157270507 621.5150000000001 4522523.1606494002 31628.360545344847 1046032.6250000001 0.49001051533419943 3147.0983352446488 18602.688602303893 9127754.1250000019 0.87837969732492682 34.500000000000007 14.500000000000002 12546.875000000002 7027362.3200000012 189.21428571428575 1226879.6000000003
decision_type=2 2 2 2 2 2 2 2 2 2 2 2 2 2 2 2 2 2 2 2 2 2 2 2 2 2 2 2 2 2
left_child=1 2 3 4 5 9 -7 8 -6 -1 -11 12 14 -13 -12 -16 18 20 -15 -20 -18 22 -22 24 -23 -19 -17 28 -28 -29
right_child=-2 -3 -4 -5 7 6 -8 -9 -10 10 11 13 -14 16 15 26 17 25 19 -21 21 23 -24 -25 -26 -27 27 29 -30 -31
leaf_value=1041.3755929946899 8397.8720720563633 -8240.7843703497037 2199.6289202880862 -2609.5211658296134 -735.58656862699081 -2652.9662234099014 132.45918945312502 1888.6256769089473 1123.3627398090978 -1212.6393788213315 -386.62363572247261 1262.372268531436 -1254.7153106689454 -2.5975894319838373 502.20018792288647 921.32982938403188 -985.05974347149879 332.04195356471564 -1420.4682010048316 174.61460815429689 266.89824804024732 -319.86402137606206 1144.7336382341387 444.3094258595662 186.11680226135255 1236.6240457224294 -24.222721827924975 -379.24951492646784 1184.3472124023438 461.07583156487885
leaf_weight=32 28 21 20 21 26 23 25 21 31 23 226 21 24 138 140 21 27 93 38 20 278 343 40 83 150 43 413 362 25 39
leaf_count=32 28 21 20 21 26 23 25 21 31 23 226 21 24 138 140 21 27 93 38 20 278 343 40 83 150 43 413 362 25 39
internal_value=12.5296 -72.3238 -9.85565 -26.0661 -6.0097 -27.2617 -1202.22 709.745 275.421 -5.39342 -18.5448 -7.66361 -102.029 84.9238 -79.4638 -10.0457 65.19 125.38 -259.408 -870.44 52.6301 83.9697 377.318 -77.9829 -165.914 618.05 -93.4346 -118.834 44.7596 -297.522
internal_weight=2795 2767 2746 2726 2705 2627 48 78 57 2579 2547 2524 1250 1274 1226 1000 1253 1057 196 58 921 894 318 576 493 136 860 839 438 401
internal_count=2795 2767 2746 2726 2705 2627 48 78 57 2579 2547 2524 1250 1274 1226 1000 1253 1057 196 58 921 894 318 576 493 136 860 839 438 401
is_linear=0
shrinkage=0.05


Tree=166
num_leaves=31
num_cat=0
split_feature=26 39 39 3 34 17 27 3 3 1 37 45 39 52 3 114 2 48 32 11 48 29 45 102 109 45 23 102 98 23
split_gain=7.93492e+11 4.12328e+11 9.17131e+10 6.98453e+10 1.78165e+10 1.37138e+10 1.27944e+10 1.09279e+10 1.01146e+10 1.66025e+10 1.01044e+10 9.26824e+09 1.82816e+10 9.9933e+09 1.50865e+10 1.29247e+10 1.19871e+10 1.00672e+10 9.13398e+09 1.05246e+10 1.55018e+10 9.05081e+09 1.28849e+10 1.21124e+10 9.09662e+09 8.97294e+09 1.02167e+10 9.13734e+09 9.42305e+09 1.56303e+10
threshold=82.000000000000014 96.500000000000014 88.500000000000014 218.50000000000003 127.50000000000001 8505605.658978669 5.5000000000000009 34.500000000000007 188.50000000000003 366.50000000000006 58.500000000000007 63.500000000000007 51.500000000000007 22710.664993486356 165.50000000000003 176.23214285714289 277.50000000000006 0.05854757196220612 94.500000000000014 747723.58000000007 0.055625879043600564 5.5000000000000009 50.500000000000007 2732108.8312952551 269.50000000000006 54.500000000000007 160.50000000000003 2425152.3200776726 2661534.9476666404 93.500000000000014
decision_type=2 2 2 2 2 2 2 2 2 2 2 2 2 2 2 2 2 2 2 2 2 2 2 2 2 2 2 2 2 2
left_child=1 2 3 4 5 6 -1 -8 9 10 11 12 18 15 16 -13 -15 -17 19 21 -21 22 -9 25 -25 26 27 -23 29 -29
right_child=-2 -3 -4 -5 -6 -7 7 8 -10 -11 -12 13 -14 14 -16 17 -18 -19 -20 20 -22 23 -24 24 -26 -27 -28 28 -30 -31
leaf_value=-971.83536825741032 9935.4510659790049 -7039.2474331083758 3367.1600476074223 -2903.5391183035717 1269.1496974238644 -964.79963057668601 1114.0463253714822 -168.79578272637335 755.42583944631178 -1417.9369675409228 825.45049649344548 32.402655733548677 1158.8886747472427 -74.635953892299113 573.80082671496336 -647.99517517089851 -1609.1107031250001 -2197.9649316406249 -1000.4920914359715 1310.2647303400813 -147.10529479980468 188.15361052141267 770.38829008403582 455.99119739532472 -653.18871215820309 -494.8439329344651 960.49146314160578 -86.216504407284873 57.245112170279029 -1016.9431720509249
leaf_weight=34 20 21 20 21 27 38 22 937 43 21 36 26 34 35 49 22 20 20 23 37 36 377 38 244 20 87 29 134 256 68
leaf_count=34 20 21 20 21 27 38 22 937 43 21 36 26 34 35 49 22 20 20 23 37 36 377 38 244 20 87 29 134 256 68
internal_value=11.9031 -59.6179 -6.39634 -31.0749 -8.84055 -21.6871 -8.15297 4.38154 -5.03691 -17.8654 -6.23509 -18.2498 8.00536 -372.389 -64.2138 -843.717 -632.627 -1386.08 -9.11189 0.964 591.562 -18.7226 -132.192 72.3329 371.962 -10.8451 37.8909 5.84852 -144.215 -399.53
internal_weight=2795 2775 2754 2734 2713 2686 2648 2614 2592 2549 2528 2492 2320 172 104 68 55 42 2286 2263 73 2190 975 1215 264 951 864 835 458 202
internal_count=2795 2775 2754 2734 2713 2686 2648 2614 2592 2549 2528 2492 2320 172 104 68 55 42 2286 2263 73 2190 975 1215 264 951 864 835 458 202
is_linear=0
shrinkage=0.05


Tree=167
num_leaves=31
num_cat=0
split_feature=21 32 17 3 66 19 44 10 40 17 20 52 19 3 50 22 23 1 47 23 14 23 84 7 17 14 117 9 116 15
split_gain=8.99887e+11 7.79946e+11 8.48331e+10 3.92747e+10 1.71423e+10 1.31796e+10 1.29008e+10 1.90468e+10 1.12132e+10 2.08054e+10 1.0319e+10 8.65711e+09 1.20035e+10 7.80138e+09 7.35349e+09 7.20315e+09 3.13329e+10 1.28959e+10 1.10558e+10 9.1073e+09 1.4146e+10 1.7263e+10 9.71921e+09 1.20495e+10 1.31639e+10 2.7322e+10 1.56131e+10 1.0223e+10 1.07157e+10 9.2474e+09
threshold=43.500000000000007 182.00000000000003 10149478.950604098 215.50000000000003 -0.9975933521984367 18334.01768901289 2.5000000000000004 18409.460000000003 40.500000000000007 8505605.658978669 19.500000000000004 34477.698598247815 26074.540381567789 80.500000000000014 1.0474581724581726 35.500000000000007 97.500000000000014 120.50000000000001 0.69253938832252093 51.500000000000007 3176845.2900000005 66.500000000000014 3539632.3600000003 4290.707440247369 5135975.7318696612 5399991.7950000009 433.50000000000006 663.07000000000005 43.500000000000007 19121.524541041799
decision_type=2 2 2 2 2 2 2 2 2 2 2 2 2 2 2 2 2 2 2 2 2 2 2 2 2 2 2 2 2 2
left_child=1 2 3 4 5 -1 7 -6 9 10 11 15 13 14 -13 16 17 -8 -17 -20 -21 -22 -23 24 26 -26 -24 29 -29 -25
right_child=-2 -3 -4 -5 6 -7 8 -9 -10 -11 -12 12 -14 -15 -16 18 -18 -19 19 20 21 22 23 27 25 -27 -28 28 -30 -31
leaf_value=1921.4631665039062 10322.687713913692 -9666.1167712983643 2744.6005990164622 -2229.2194091796878 -1961.6953760782881 183.55316009521485 -153.23182988405708 80.891601318359392 1006.7492178457755 -1514.615239682405 1099.7344110398067 -421.40328041076668 -242.07181418678979 1352.3316284179689 716.29776716256629 259.06648799708631 -1334.8847015734073 653.48051214044744 301.14430803671115 -444.74053749246809 1017.2649357722356 960.21762429942271 -894.48873022460941 -176.58624109368577 -2614.8572694396971 -1.3332006835937502 979.79874755859385 -922.21423137013505 -84.244216590110071 430.30532038508238
leaf_weight=20 21 21 28 20 21 24 499 25 27 23 21 20 55 30 49 366 54 55 164 235 39 23 25 95 20 20 20 41 549 185
leaf_count=20 21 21 28 20 21 24 499 25 27 23 21 20 55 30 49 366 54 55 164 235 39 23 25 95 20 20 20 41 549 185
internal_value=11.308 -66.7522 6.47216 -21.6627 -5.3407 973.512 -21.5262 -851.594 -6.92459 -17.5 -4.07559 -13.1872 350.172 679.197 386.529 -36.6003 -185.206 -73.1431 14.1022 -49.2148 -95.1085 -14.3184 -55.4551 -79.9164 -648.118 -1308.1 -61.4721 -24.4024 -142.476 224.396
internal_weight=2795 2774 2753 2725 2705 44 2661 46 2615 2588 2565 2544 154 99 69 2390 608 554 1782 1416 1252 1017 978 955 85 40 45 870 590 280
internal_count=2795 2774 2753 2725 2705 44 2661 46 2615 2588 2565 2544 154 99 69 2390 608 554 1782 1416 1252 1017 978 955 85 40 45 870 590 280
is_linear=0
shrinkage=0.05


Tree=168
num_leaves=31
num_cat=0
split_feature=21 32 17 3 34 83 17 27 3 20 30 109 26 63 105 22 105 10 90 8 8 66 48 40 89 16 22 11 93 5
split_gain=8.12149e+11 7.03901e+11 7.65619e+10 3.54454e+10 1.74297e+10 1.79006e+10 1.72463e+10 1.0787e+10 9.96494e+09 8.55271e+09 1.11587e+10 1.04004e+10 1.12318e+10 9.26041e+09 1.06051e+10 1.82882e+10 1.56953e+10 1.0375e+10 1.09929e+10 1.30081e+10 1.02295e+10 8.78416e+09 1.39359e+10 1.03965e+10 8.53091e+09 1.04369e+10 1.29551e+10 1.0371e+10 9.04534e+09 8.52972e+09
threshold=43.500000000000007 182.00000000000003 10149478.950604098 215.50000000000003 116.50000000000001 3556582.3000000003 8505605.658978669 5.5000000000000009 34.500000000000007 4.5000000000000009 6.5000000000000009 359.50000000000006 37.500000000000007 -0.60785761079279388 2012173.835 41.500000000000007 1815821.6850000003 11922.965000000002 1069635.0279003982 3809.2586351669338 3561.8918006954268 -0.73249407161357893 0.056582429778878181 17.500000000000004 4089109.7228571433 16197.589944202906 68.500000000000014 237035.66000000003 3787935.0429464295 4.536254743290816
decision_type=2 2 2 2 2 2 2 2 2 2 2 2 2 2 2 2 2 2 2 2 2 2 2 2 2 2 2 2 2 2
left_child=1 2 3 4 6 -6 7 -1 -9 10 11 12 24 21 16 -16 17 29 19 20 -19 22 23 -11 25 -10 27 -27 -26 -15
right_child=-2 -3 -4 -5 5 -7 -8 8 9 13 -12 -13 -14 14 15 -17 -18 18 -20 -21 -22 -23 -24 -25 28 26 -28 -29 -30 -31
leaf_value=-896.2026596293731 9806.5537711007255 -9182.8109122866681 2607.3705627441409 -2117.7584436035154 215.0934400056538 2063.1332421874999 -1330.8952314453127 1059.8259599165483 -343.36352715018285 -401.94719513923894 -1171.9491149902344 -1092.2369213867187 986.84619482421886 399.28623485076128 -1597.5137670607794 -5.5483619928359991 1516.1497781504756 -236.1216771443685 231.17010826145125 85.547415401158716 -1728.7732921253553 22.563846082985403 108.10387321005062 -1731.1171837942941 -1243.6249872622284 -125.98376710574033 520.41203995617957 504.65930007543324 -219.36051112305668 1669.3221898269655
leaf_weight=34 21 21 28 20 38 20 25 22 166 31 24 25 25 39 21 128 23 24 612 89 22 256 49 28 23 397 143 78 343 20
leaf_count=34 21 21 28 20 38 20 25 22 166 31 24 25 25 39 21 128 23 24 612 89 22 256 49 28 23 397 143 78 343 20
internal_value=10.7426 -63.4146 6.14855 -20.5796 -5.07366 852.349 -23.8612 -11.399 0.225192 -8.85946 -104.442 -83.092 -61.6208 78.3187 158.448 -229.919 228.251 191.499 141.084 -267.305 -949.999 -136.973 -515.135 -1032.74 -84.4136 8.63322 103.183 -22.4255 -283.727 829.807
internal_weight=2795 2774 2753 2725 2705 58 2647 2622 2588 2566 1224 1200 1175 1342 978 149 829 806 747 135 46 364 108 59 1150 784 618 475 366 59
internal_count=2795 2774 2753 2725 2705 58 2647 2622 2588 2566 1224 1200 1175 1342 978 149 829 806 747 135 46 364 108 59 1150 784 618 475 366 59
is_linear=0
shrinkage=0.05


Tree=169
num_leaves=31
num_cat=0
split_feature=26 37 25 27 44 66 34 20 103 26 19 26 8 8 56 101 40 22 27 92 14 9 2 98 33 105 64 80 66 8
split_gain=7.55494e+11 3.35552e+11 6.64009e+10 1.65198e+11 8.91879e+10 1.74786e+10 1.34682e+10 1.27543e+10 1.09162e+10 1.64124e+10 1.58101e+10 1.05107e+10 9.88068e+09 1.24723e+10 1.18672e+10 1.16767e+10 7.45043e+09 6.87774e+09 1.00699e+10 1.29867e+10 1.13561e+10 9.89179e+09 8.83344e+09 8.7532e+09 1.26522e+10 9.68519e+09 8.99958e+09 1.08958e+10 9.1685e+09 1.00523e+10
threshold=82.000000000000014 98.500000000000014 22.500000000000004 162.50000000000003 55.500000000000007 -0.9975933521984367 7.5000000000000009 19.500000000000004 1266931.8450000002 61.500000000000007 16649.564824866098 52.500000000000007 3492.8644537563518 3730.794190761811 21.500000000000004 4631104.6207028637 1.5000000000000002 15.500000000000002 29.500000000000004 4651556.9500000011 2455700.0100000002 681.31500000000017 104.50000000000001 2661534.9476666404 51.500000000000007 -2972402.5649999999 -0.22252093395631442 6338267.4900000012 -0.76107606668641947 3492.8644537563518
decision_type=2 2 2 2 2 2 2 2 2 2 2 2 2 2 2 2 2 2 2 2 2 2 2 2 2 2 2 2 2 2
left_child=1 2 3 4 5 -1 -7 8 9 16 -10 12 -12 14 -14 -15 -8 -18 20 -20 -19 -22 -21 24 -24 -26 -27 28 29 -28
right_child=-2 -3 -4 -5 -6 6 7 -9 10 -11 11 -13 13 15 -16 -17 17 18 19 22 21 -23 23 -25 25 26 27 -29 -30 -31
leaf_value=1024.5826412014846 9693.2288229370115 -6512.6214187622072 -2813.5592238653276 4536.3278076171873 -3351.1969859313963 -1276.9406287783668 660.05670246325053 1193.1902088512074 1554.418480914572 -1322.2795434570314 597.84314444405697 1115.8711909367489 -1766.9239923095702 1228.6356060791015 -172.25189426967077 -160.75997321836411 -384.17893494380286 -28.47799508120038 -1211.9271582970252 -710.47312764768253 873.43477465841499 199.74026652404243 876.66770033659759 75.504944810671461 505.95182625906813 -62.817980391255929 -726.27928161621094 -1361.1706656901042 -519.06661314902101 514.63854872759646
leaf_weight=41 20 20 21 20 20 21 38 22 23 25 56 26 20 20 28 62 141 491 26 54 72 224 27 633 42 267 24 30 230 51
leaf_count=41 20 20 21 20 20 21 38 22 23 25 56 26 20 20 28 62 141 491 26 54 72 224 27 633 42 267 24 30 230 51
internal_value=10.2055 -59.5821 -12.7361 8.7772 -24.5872 0.10922 -15.7232 -5.6603 -15.7655 -47.9308 309.309 174.226 42.5983 -196.584 -836.699 178.117 -34.3739 -45.7875 -23.81 -105.013 118.992 363.612 -83.8202 -57.8699 -183.691 -228.148 -279.364 -451.954 -362.523 117.545
internal_weight=2795 2775 2755 2734 2714 2694 2653 2632 2610 2375 235 212 186 130 48 82 2350 2312 2171 1384 787 296 1358 1304 671 644 602 335 305 75
internal_count=2795 2775 2755 2734 2714 2694 2653 2632 2610 2375 235 212 186 130 48 82 2350 2312 2171 1384 787 296 1358 1304 671 644 602 335 305 75
is_linear=0
shrinkage=0.05


Tree=170
num_leaves=31
num_cat=0
split_feature=41 23 4 44 21 21 78 6 44 81 9 19 16 45 11 19 16 50 23 56 16 23 96 82 40 19 11 79 92 48
split_gain=8.56034e+11 5.40988e+11 3.36496e+10 6.58872e+10 2.25745e+10 1.64763e+10 3.79486e+10 2.5149e+10 1.41017e+10 9.7329e+09 9.55919e+09 8.16036e+09 1.38289e+10 2.29195e+10 1.8079e+10 3.51117e+10 2.04911e+10 1.96389e+10 1.55578e+10 1.26759e+10 1.38315e+10 1.21194e+10 1.1833e+10 1.09612e+10 9.91644e+09 9.71186e+09 1.03029e+10 9.68794e+09 8.90019e+09 8.77904e+09
threshold=85.500000000000014 373.50000000000006 2641.5000000000005 52.500000000000007 38.500000000000007 22.500000000000004 3998646.8400000003 2.3088048371726524 45.500000000000007 5583520.8750000009 690.32500000000016 17583.436850897528 23182.434815039986 7.5000000000000009 20027.480000000003 19058.744229113134 21861.302867394199 1.0508044394734581 210.50000000000003 4.5000000000000009 21271.429491488005 23.500000000000004 8482419.9000000022 1897564.9274957029 7.5000000000000009 19245.802635957272 57400.950000000004 2026284.2400000002 14378989.640000002 0.069371076140166507
decision_type=2 2 2 2 2 2 2 2 2 2 2 2 2 2 2 2 2 2 2 2 2 2 2 2 2 2 2 2 2 2
left_child=1 2 3 4 5 8 -7 9 11 -8 -11 19 13 -13 15 16 -15 -17 29 22 23 -14 -1 27 -18 -23 -27 -21 -26 -16
right_child=-2 -3 -4 -5 -6 6 7 -9 -10 10 -12 12 21 14 18 17 24 -19 -20 20 -22 25 -24 -25 28 26 -28 -29 -30 -31
leaf_value=311.0456138723037 9815.3497001474552 -8280.3355593872075 1837.1165771484375 -2833.1433079310827 -1654.4083594912577 -1148.2106093186599 1339.3995432535808 2151.3515304565431 -1268.7046450407609 -680.4707360309103 761.08526578156852 -1822.9324207124257 896.70901837016265 -485.98047701039707 154.92560213768266 -2160.4323086442619 -598.14080113002228 -728.16627357649986 -1217.4348601074219 958.43219517299121 943.52015793963187 684.6022314566153 1843.7533460998538 -817.04223570212343 361.2386278875943 -79.136672601265715 457.42002021271048 -8.9418433943687123 1486.9107077858666 -281.51163939412436
leaf_weight=34 22 20 24 21 21 26 21 32 23 23 23 21 43 133 497 29 21 137 25 28 41 54 20 39 87 681 103 342 22 150
leaf_count=34 22 20 24 21 21 26 21 32 23 23 23 21 43 133 497 29 21 137 25 28 41 54 20 39 87 681 103 342 22 150
internal_value=-8.19482 -87.0412 -26.8185 -43.4053 -21.5127 -8.59717 551.77 998.23 -36.2833 447.485 40.3073 -24.9767 -70.2271 -186.644 -155.434 -409.016 -49.6447 -978.381 6.4515 154.858 67.9948 78.0354 878.715 -19.7718 396.76 36.0271 -8.64517 64.2648 588.438 53.7423
internal_weight=2763 2741 2721 2697 2676 2655 125 99 2530 67 46 2507 2003 1122 1101 429 263 166 672 504 450 881 54 409 130 838 784 370 109 647
internal_count=2763 2741 2721 2697 2676 2655 125 99 2530 67 46 2507 2003 1122 1101 429 263 166 672 504 450 881 54 409 130 838 784 370 109 647
is_linear=0
shrinkage=0.05


Tree=171
num_leaves=31
num_cat=0
split_feature=21 33 11 44 43 36 28 21 78 48 30 5 10 23 84 6 41 23 53 12 17 83 19 26 53 53 53 52 29 42
split_gain=8.47563e+11 5.49203e+11 7.00247e+10 9.68808e+10 1.89369e+10 1.48665e+10 1.25141e+10 1.95844e+10 1.9115e+10 1.13853e+10 9.70451e+09 9.48046e+09 2.55064e+10 1.2161e+10 9.40155e+09 8.22451e+09 7.86895e+09 9.00435e+09 1.83691e+10 1.18195e+10 1.16798e+10 1.08964e+10 1.05287e+10 1.03402e+10 8.38452e+09 2.50039e+10 1.92672e+10 3.09095e+10 2.07663e+10 1.17902e+10
threshold=47.500000000000007 310.50000000000006 1449782.5200000003 59.500000000000007 113.50000000000001 27.500000000000004 73.500000000000014 21.500000000000004 3998646.8400000003 0.063963470319634716 5.5000000000000009 4.1366749688667506 14166.885 24.500000000000004 2484089.2150000003 2.2806664378093244 7.5000000000000009 51.500000000000007 0.21951220502315885 4224.9620199401279 2133755.5907708504 1633148.1000000003 15544.638933894244 12.500000000000002 0.0077830540029024528 0.0024695979959860046 0.0093458147507737808 17901.711983542129 8.5000000000000018 53.500000000000007
decision_type=2 2 2 2 2 2 2 2 2 2 2 2 2 2 2 2 2 2 2 2 2 2 2 2 2 2 2 2 2 2
left_child=1 2 3 4 5 6 7 11 -9 10 -10 12 -1 14 15 -13 -15 20 19 22 -18 -20 -19 -24 25 -25 29 28 -28 -26
right_child=-2 -3 -4 -5 -6 -7 -8 8 9 -11 -12 13 -14 16 -16 -17 17 18 21 -21 -22 -23 23 24 26 -27 27 -29 -30 -31
leaf_value=-2101.6594822692873 10247.873206329346 -8337.8551171875006 2612.1150439453127 -3350.7894997336648 -1361.9890904353215 1207.52258984375 -918.31640881990143 -617.34882577260339 1073.1759886932375 1829.8012785734954 -215.76539054538895 841.54420253208707 -131.52968255747919 -343.01729788855903 1190.8896930906508 -500.67795086669923 90.076671941618358 797.53070815236947 38.908479817708333 993.51237582502699 853.51265746085892 -978.34219130527822 -948.86162385017633 -81.777026822012829 430.79248379794035 -1868.6919787597658 -264.5676405164931 146.33027447941768 -2360.9903116861983 1946.3126033238002
leaf_weight=20 20 20 25 22 26 25 38 24 40 27 23 21 92 189 36 25 261 38 39 29 62 81 31 925 33 20 27 502 21 21
leaf_count=20 20 20 25 22 26 25 38 24 40 27 23 21 92 189 36 25 261 38 39 29 62 81 31 925 33 20 27 502 21 21
internal_value=-7.78508 -82.562 -21.9282 -46.3356 -19.1689 -5.99408 -17.5514 -4.3202 636.427 970.767 602.61 -33.8573 -483.339 -12.535 585.701 112.076 -34.06 -6.12075 -50.4925 -6.97746 236.619 -647.736 -24.9096 -44.6898 -26.5947 -119.595 118.911 30.4249 -1181.75 1020.16
internal_weight=2763 2743 2723 2698 2676 2650 2625 2587 114 90 63 2473 112 2361 82 46 2279 2090 1767 1647 323 120 1618 1580 1549 945 604 550 48 54
internal_count=2763 2743 2723 2698 2676 2650 2625 2587 114 90 63 2473 112 2361 82 46 2279 2090 1767 1647 323 120 1618 1580 1549 945 604 550 48 54
is_linear=0
shrinkage=0.05


Tree=172
num_leaves=31
num_cat=0
split_feature=41 23 4 44 31 78 31 23 23 37 36 88 31 16 22 56 101 3 19 12 52 63 23 14 8 23 19 120 98 13
split_gain=7.83359e+11 4.74348e+11 3.26721e+10 5.92553e+10 2.74598e+10 1.40954e+10 2.70279e+10 2.41218e+10 1.87802e+10 1.0207e+10 1.09086e+10 1.77317e+10 1.37875e+10 1.09645e+10 1.4151e+10 1.45755e+10 2.70112e+10 1.61859e+10 1.19274e+10 1.1344e+10 1.62201e+10 1.01815e+10 1.00714e+10 2.06386e+10 2.5835e+10 1.31622e+10 1.07595e+10 1.31524e+10 1.16563e+10 1.03115e+10
threshold=85.500000000000014 373.50000000000006 2641.5000000000005 52.500000000000007 38.500000000000007 7845017.6700000009 22.500000000000004 262.50000000000006 239.50000000000003 67.500000000000014 18.500000000000004 12191883.185000002 18.500000000000004 27336.502743769477 41.500000000000007 2.5000000000000004 4823564.4604549212 33.500000000000007 24295.398644099194 142.49452654625071 24916.01054721609 0.87837969732492682 51.500000000000007 3176845.2900000005 2900.5049220350315 65.500000000000014 16964.421236394333 254.50000000000003 2679697.7559688869 1024.696753179184
decision_type=2 2 2 2 2 2 2 2 2 2 2 2 2 2 2 2 2 2 2 2 2 2 2 2 2 2 2 2 2 2
left_child=1 2 3 4 5 7 21 9 -8 10 13 12 -12 14 15 16 -1 -17 -15 20 -19 -7 -16 -24 -25 -26 -27 28 29 -28
right_child=-2 -3 -4 -5 -6 6 8 -9 -10 -11 11 -13 -14 18 22 17 -18 19 -20 -21 -22 -23 23 24 25 26 27 -29 -30 -31
leaf_value=-2257.4493949890139 9389.9040105646309 -7754.9039624023444 1810.2311930338544 -2688.3888196672715 -1822.9469168526787 -123.40285920623347 2518.4275448753724 -1620.6100616455078 594.12712974548344 1069.9327576410203 -497.21723385503742 714.01160000887785 -1989.0588541666668 695.48496017634318 365.62352291539389 1189.1268775576636 168.066024277427 -1812.4662643432619 10.936829176981739 -8.7694459157112323 -340.76348299410563 808.50980323585304 -423.78340195202441 1680.4802221069335 1028.6281098336883 493.1448034928577 -370.39976120341908 -586.90988663777273 269.10085152787855 210.55307606754141
leaf_weight=24 22 20 24 21 21 141 21 24 32 21 59 22 21 107 203 21 22 20 157 312 293 37 244 25 33 101 220 101 277 117
leaf_count=24 22 20 24 21 21 141 21 24 32 21 59 22 21 107 203 21 22 20 157 312 293 37 244 25 33 101 220 101 277 117
internal_value=-7.39582 -82.8211 -26.4294 -42.7735 -22.0119 -7.76721 365.429 -43.3317 1356.59 -27.5589 -37.2467 -543.116 -888.826 -14.5859 -54.32 -237.484 -1097.42 -176.25 288.386 -222.127 -434.802 70.3093 41.6295 -17.1995 96.3091 49.661 10.0704 -58.1681 28.8073 -168.704
internal_weight=2763 2741 2721 2697 2676 2655 231 2424 53 2400 2379 102 80 2277 2013 692 46 646 264 625 313 178 1321 1118 874 849 816 715 614 337
internal_count=2763 2741 2721 2697 2676 2655 231 2424 53 2400 2379 102 80 2277 2013 692 46 646 264 625 313 178 1321 1118 874 849 816 715 614 337
is_linear=0
shrinkage=0.05


Tree=173
num_leaves=31
num_cat=0
split_feature=21 33 44 4 65 30 21 77 104 50 103 77 5 10 23 84 91 75 44 98 83 96 22 17 23 51 19 51 13 18
split_gain=7.66827e+11 5.04548e+11 4.14628e+10 3.46774e+10 1.78489e+10 1.50576e+10 1.55559e+10 2.57634e+10 3.87047e+10 1.236e+10 1.18756e+10 1.3399e+10 8.76071e+09 2.27839e+10 1.04684e+10 8.61679e+09 8.28082e+09 1.05066e+10 1.41453e+10 1.63487e+10 1.12055e+10 1.12436e+10 1.08631e+10 7.35153e+09 1.50378e+10 8.4773e+09 8.70636e+09 1.18775e+10 1.1049e+10 2.81151e+10
threshold=47.500000000000007 310.50000000000006 64.500000000000014 2641.5000000000005 0.99906486341235867 10.500000000000002 21.500000000000004 9298370.9800000023 -169766.69500000004 1.1166129248266699 1106271.9900000005 6019969.955000001 4.1366749688667506 13493.205000000002 24.500000000000004 2484089.2150000003 4563922.7550000018 7054105.165000001 38.500000000000007 2336315.5611450528 3503432.0350000006 15301537.180000002 244.50000000000003 1502915.8171063031 37.500000000000007 14785.425743389102 26561.551488946989 34531.060096277288 142.0955744876118 25887.990928397889
decision_type=2 2 2 2 2 2 2 2 2 2 2 2 2 2 2 2 2 2 2 2 2 2 2 2 2 2 2 2 2 2
left_child=1 2 3 4 5 6 12 8 -8 10 11 -10 13 -1 15 -14 17 18 22 -20 -19 -22 23 -16 -25 -26 27 28 29 -27
right_child=-2 -3 -4 -5 -6 -7 7 -9 9 -11 -12 -13 14 -15 16 -17 -18 20 19 -21 21 -23 -24 24 25 26 -28 -29 -30 -31
leaf_value=-1986.5332730102539 9747.949392089844 -7990.7137109375008 -2288.2485913085939 2020.6506045386905 -1405.9899541440218 -1280.8910915208899 -1642.184880795686 1966.8486176757813 705.38739100138355 1745.8557201766971 1369.030393763951 -829.9427494755497 96.730532505201268 -126.30235208901027 -423.98299525030728 1129.5383536868626 -811.11617033987341 -576.26823097511578 81.883215136528023 -1893.3124111175539 813.1142723697883 -148.12187059979107 1105.5753354027158 679.92439594395955 -480.83860831627482 -82.71177098181397 -566.37956834876024 674.71330177783966 135.74404350866052 -1691.4457148960657
leaf_weight=20 20 20 20 21 23 23 23 25 30 20 21 27 46 93 116 36 33 27 20 22 104 43 21 75 104 904 69 64 665 28
leaf_count=20 20 20 20 21 23 23 23 25 30 20 21 27 46 93 116 36 33 27 20 22 104 43 21 75 104 904 69 64 665 28
internal_value=-7.02603 -78.1524 -20.0359 -3.25293 -19.1 -7.10363 4.0106 505.622 203.716 636.938 352.6 -21.8743 -25.4012 -455.547 -4.95253 550.158 -24.7866 -13.3149 -44.4223 -952.743 359.974 531.936 -25.7764 -37.5089 -14.0249 -42.4034 -16.0466 6.81488 -19.9512 -131.043
internal_weight=2763 2743 2723 2703 2682 2659 2636 146 121 98 78 57 2490 113 2377 82 2295 2262 2088 42 174 147 2046 2025 1909 1834 1730 1661 1597 932
internal_count=2763 2743 2723 2703 2682 2659 2636 146 121 98 78 57 2490 113 2377 82 2295 2262 2088 42 174 147 2046 2025 1909 1834 1730 1661 1597 932
is_linear=0
shrinkage=0.05


Tree=174
num_leaves=31
num_cat=0
split_feature=39 23 80 4 21 27 78 21 23 107 8 40 17 5 52 43 27 98 5 8 8 18 53 52 19 3 13 23 98 1
split_gain=7.24506e+11 4.71192e+11 3.79446e+10 5.93191e+10 3.22113e+10 2.98184e+10 1.46973e+10 2.37844e+10 1.37553e+10 1.30438e+10 4.16181e+10 1.07781e+10 1.03301e+10 1.02315e+10 8.43626e+09 1.15397e+10 1.06707e+10 9.1167e+09 9.49353e+09 2.48889e+10 1.08457e+10 9.431e+09 3.58321e+10 8.20132e+09 1.14546e+10 1.1231e+10 1.03795e+10 1.02979e+10 9.93831e+09 1.00917e+10
threshold=102.00000000000001 373.50000000000006 13142215.310000002 2641.5000000000005 40.500000000000007 149.50000000000003 7845017.6700000009 22.500000000000004 239.50000000000003 355.50000000000006 2978.6788701040996 32.500000000000007 6585881.3140773894 4.5589822495763093 34477.698598247815 28.500000000000004 9.5000000000000018 2682740.3511611009 4.1366749688667506 3780.0389430562573 2394.7956108174444 25962.192162775842 0.0077830540029024528 16565.219775764916 16765.011883940762 169.50000000000003 473.4870014702413 51.500000000000007 1808366.7227583101 244.50000000000003
decision_type=2 2 2 2 2 2 2 2 2 2 2 2 2 2 2 2 2 2 2 2 2 2 2 2 2 2 2 2 2 2
left_child=1 2 3 4 5 6 9 -8 -9 11 -11 14 -13 -12 17 16 -16 18 19 -1 -20 23 -23 27 -25 26 28 -22 -26 -30
right_child=-2 -3 -4 -5 -6 -7 7 8 -10 10 13 12 -14 -15 15 -17 -18 -19 20 -21 21 22 -24 24 25 -27 -28 -29 29 -31
leaf_value=-2188.6890602111816 9245.0899739583328 -7724.0606329345701 -2191.1918566894533 2418.970234375 -2027.0082031250001 -1889.511130777995 130.07122745947404 2352.7032831101192 600.45573323567703 -2459.2667745838994 -444.71781722667606 1605.840788574219 18.061840602329799 861.79279334026842 1193.058278503418 1246.7592389787947 -60.74588341031756 79.607746666984326 545.3711274177798 -151.98779828389488 -81.433483811675529 -2279.7831125895186 -28.222898067645176 463.50667452571372 13.10715735383736 -1170.672476641337 152.48224985020394 -1072.2468488610309 -512.63632669104152 582.00938350843342
leaf_weight=20 21 20 20 25 20 21 176 21 24 23 43 20 21 23 20 28 112 815 62 60 61 24 67 99 258 24 317 46 249 23
leaf_count=20 21 20 20 25 20 21 176 21 24 23 43 20 21 23 20 28 112 815 62 60 61 24 67 99 258 24 317 46 249 23
internal_value=-6.67473 -77.5307 -21.3475 -5.28649 -27.9262 -12.8785 2.0719 392.354 1418.17 -33.6434 -627.694 -10.9131 792.588 10.5813 -25.3304 324.793 129.224 -51.6927 -133.38 -661.163 -99.0522 -133.26 -622.041 -91.9605 -46.1347 -104.062 -73.8391 -507.391 -209.205 -420.074
internal_weight=2763 2742 2722 2702 2677 2657 2636 221 45 2415 89 2326 41 66 2285 160 132 2125 1310 80 1230 1168 91 1077 970 871 847 107 530 272
internal_count=2763 2742 2722 2702 2677 2657 2636 221 45 2415 89 2326 41 66 2285 160 132 2125 1310 80 1230 1168 91 1077 970 871 847 107 530 272
is_linear=0
shrinkage=0.05


Tree=175
num_leaves=31
num_cat=0
split_feature=14 45 31 28 38 38 26 14 48 40 45 45 43 38 78 40 117 29 47 26 28 30 30 122 92 66 8 29 57 10
split_gain=7.95861e+11 5.36689e+11 7.61328e+10 6.20709e+10 4.08396e+10 2.04701e+10 1.42953e+10 1.51382e+10 1.02316e+10 8.21943e+09 5.86298e+09 9.34207e+09 8.43889e+09 1.42021e+10 7.2659e+09 2.12664e+10 7.83075e+09 5.76787e+09 1.28396e+10 1.18154e+10 1.05181e+10 9.98467e+09 1.17909e+10 1.2946e+10 9.75874e+09 8.81384e+09 9.19129e+09 1.18727e+10 2.2467e+10 1.21812e+10
threshold=14140236.715000002 125.50000000000001 43.500000000000007 97.500000000000014 285.00000000000006 267.50000000000006 64.500000000000014 9581969.9700000007 1.0000000180025095e-35 37.500000000000007 81.500000000000014 76.500000000000014 91.500000000000014 201.50000000000003 9298370.9800000023 18.500000000000004 608.50000000000011 8.5000000000000018 0.74817960092610603 48.500000000000007 13.500000000000002 3.5000000000000004 6.5000000000000009 39.777654901131889 7792885.5000000009 -0.98518361333263327 3835.4451485403729 1.5000000000000002 3.5000000000000004 11550.140000000001
decision_type=2 2 2 2 2 2 2 2 2 2 2 2 2 2 2 2 2 2 2 2 2 2 2 2 2 2 2 2 2 2
left_child=1 2 3 4 5 6 7 8 -1 10 11 12 13 14 17 -16 -17 19 -19 25 -20 24 23 -23 -22 -10 27 28 -27 -29
right_child=-2 -3 -4 -5 -6 -7 -8 -9 9 -11 -12 -13 -14 -15 15 16 -18 18 20 -21 21 22 -24 -25 -26 26 -28 29 -30 -31
leaf_value=-864.80996730259494 9061.8813273111991 -8243.6335754394531 -3096.5266931152346 2707.5269612630209 -2032.87933203125 1591.0710343170167 -1159.1893690321181 1113.940635579427 489.29229446038971 -924.99376201629639 666.78665272105832 -1029.8497372713957 938.07910283406591 -1268.7431543523617 -1873.1892852783203 497.23560759600468 -749.61435058593759 480.8934962670408 335.29649273265494 -1156.8418563179348 -681.25089263916016 -180.57236012943457 -641.60046246502861 794.56961994914263 -10.29639392671131 -2153.7623247419083 78.979129983516458 423.62021869235571 64.647476837158209 -201.21776541701752
leaf_weight=35 24 20 20 21 25 20 27 30 82 24 33 22 24 22 20 34 20 199 176 23 112 61 37 77 105 21 752 90 25 585
leaf_count=35 24 20 20 21 25 20 27 30 82 24 33 22 24 22 20 34 20 199 176 23 112 61 37 77 105 21 752 90 25 585
internal_value=-3.59576 -82.9435 -22.9825 -0.232355 -21.442 -2.509 -14.5999 -2.75478 -15.7446 -4.06332 4.70745 -4.07768 5.07728 -4.09603 7.40552 -480.406 35.4393 22.7992 135.276 -31.871 14.1878 -129.983 151.016 363.529 -356.595 -15.2316 -43.3178 -170.873 -948.105 -117.906
internal_weight=2766 2742 2722 2702 2681 2656 2636 2609 2579 2544 2520 2487 2465 2441 2419 74 54 2345 767 1578 568 392 175 138 217 1555 1473 721 46 675
internal_count=2766 2742 2722 2702 2681 2656 2636 2609 2579 2544 2520 2487 2465 2441 2419 74 54 2345 767 1578 568 392 175 138 217 1555 1473 721 46 675
is_linear=0
shrinkage=0.05


Tree=176
num_leaves=31
num_cat=0
split_feature=14 45 21 28 44 37 45 48 91 20 14 106 51 43 78 50 36 17 17 76 41 18 116 33 28 14 41 23 14 17
split_gain=7.18265e+11 4.84362e+11 6.87098e+10 5.6019e+10 4.38636e+10 1.52883e+10 1.57242e+10 9.44451e+09 7.10768e+09 1.20015e+10 6.11117e+09 7.19388e+09 6.8315e+09 6.2028e+09 6.78195e+09 1.00162e+10 6.97226e+09 9.99046e+09 1.57029e+10 1.69092e+10 1.17162e+10 1.09675e+10 9.86241e+09 1.10162e+10 8.01951e+09 1.26366e+10 7.67402e+09 9.69885e+09 1.68652e+10 7.74006e+09
threshold=14140236.715000002 125.50000000000001 43.500000000000007 97.500000000000014 56.500000000000007 71.500000000000014 95.500000000000014 1.0000000180025095e-35 4873094.1600000011 19.500000000000004 9581969.9700000007 2388986.5899999999 27376.202664135835 92.500000000000014 9298370.9800000023 1.0761012210430219 17.500000000000004 4634750.1467996081 4915333.7592282919 4115802.7650000006 27.500000000000004 18303.875463920183 144.00000000000003 117.50000000000001 14.500000000000002 3243946.5800000005 17.500000000000004 37.500000000000007 1424362.6600000004 1624067.6969935407
decision_type=2 2 2 2 2 2 2 2 2 2 2 2 2 2 2 2 2 2 2 2 2 2 2 2 2 2 2 2 2 2
left_child=1 2 3 4 5 6 7 -1 9 10 11 13 -13 14 16 -16 17 24 19 -19 -20 -22 23 -23 25 26 27 29 -29 -9
right_child=-2 -3 -4 -5 -6 -7 -8 8 -10 -11 -12 12 -14 -15 15 -17 -18 18 20 -21 21 22 -24 -25 -26 -27 -28 28 -30 -31
leaf_value=-821.56945550101136 8608.7870483398438 -7831.4517913818363 -2941.7003479003906 2572.1506411597843 -2353.1908032226561 1050.6213123994717 -1413.0939495849609 83.534711766465819 -817.16411590576172 1150.7251884128736 751.5732346711336 -1075.39488474528 -71.79720474634415 763.2197358308016 -1174.5324640401204 4.931469065348308 -361.62875354947715 2134.2302932012649 -588.75042755749769 462.15431784170642 -434.19973382717228 -83.235859394073486 -380.13137019230771 1014.4399086761474 -114.42845355189125 524.43812352286443 356.98919443402974 -1603.3936041259767 -119.24667623802152 849.4193240434696
leaf_weight=35 24 20 20 21 20 34 20 214 26 23 27 30 39 27 30 45 116 21 49 54 41 32 26 80 903 144 140 20 446 39
leaf_count=35 24 20 20 21 20 34 20 214 26 23 27 30 39 27 30 45 116 21 49 54 41 32 26 80 903 144 140 20 446 39
internal_value=-3.41597 -78.7963 -21.8334 -0.220737 -20.3699 -2.83644 -16.4708 -5.75643 5.34522 13.7448 3.3799 -4.71353 -508.144 9.59907 1.12084 -466.854 16.2168 36.0584 302.747 930.336 96.3038 283.833 497.161 700.818 -6.33758 90.9765 18.3124 -47.633 -182.944 201.596
internal_weight=2766 2742 2722 2702 2681 2661 2627 2607 2572 2546 2523 2496 69 2427 2400 75 2325 2209 303 75 228 179 138 112 1906 1003 859 719 466 253
internal_count=2766 2742 2722 2702 2681 2661 2627 2607 2572 2546 2523 2496 69 2427 2400 75 2325 2209 303 75 228 179 138 112 1906 1003 859 719 466 253
is_linear=0
shrinkage=0.05


Tree=177
num_leaves=31
num_cat=0
split_feature=80 0 43 44 31 26 17 51 48 65 16 24 37 110 28 14 23 47 58 92 65 110 107 120 9 23 14 41 106 103
split_gain=8.845e+11 7.96714e+11 1.48567e+11 6.98282e+10 2.40544e+10 1.32636e+10 1.34181e+10 1.38403e+10 8.55325e+09 5.62235e+09 5.69169e+09 7.53117e+09 1.00241e+10 7.35162e+09 7.8949e+09 9.42582e+09 1.07016e+10 1.14742e+10 1.12491e+10 8.22951e+09 1.56947e+10 7.89618e+09 9.28563e+09 8.26885e+09 9.62918e+09 7.3181e+09 8.30284e+09 6.86274e+09 6.45327e+09 6.05542e+09
threshold=14859592.285000002 658.00000000000011 130.50000000000003 56.500000000000007 41.500000000000007 64.500000000000014 8005303.6203494826 26196.265647406737 1.0000000180025095e-35 -0.99939814596352028 31767.748721006661 16.500000000000004 8.5000000000000018 71.500000000000014 14.500000000000002 3296286.4250000003 65.500000000000014 0.98074403658385867 286.50000000000006 5095634.9800000014 -0.073094453017891914 87.500000000000014 95.500000000000014 64.500000000000014 987.30000000000007 37.500000000000007 1567966.0350000004 21.500000000000004 -580089.12 -377722.72500000003
decision_type=2 2 2 2 2 2 2 2 2 2 2 2 2 2 2 2 2 2 2 2 2 2 2 2 2 2 2 2 2 2
left_child=1 2 3 4 5 6 8 -8 -1 -10 13 12 -12 -11 15 21 -17 18 -18 20 -16 22 -15 -23 25 28 -27 -22 -25 -21
right_child=-2 -3 -4 -5 -6 -7 7 -9 9 10 11 -13 -14 14 19 16 17 -19 -20 29 27 23 -24 24 -26 26 -28 -29 -30 -31
leaf_value=-780.49095310756138 10473.541025390625 -9556.3829088731254 4186.2780401320688 -2979.0178076171878 -1741.1568139648436 -996.81994739879269 162.17436079978944 1838.8689119720461 675.74488702589474 -291.75567525696641 835.10642402648921 1163.9383089701334 -747.93992034912117 218.63761656456387 -1358.5720550088322 1337.6784461236771 215.58138215979753 -491.10480078494913 1576.552806230025 -174.34853777558698 -552.35122070312502 -743.09539906269799 1356.4009210759943 -79.837243225097666 884.91914542413531 -932.14076870509564 -38.46014076148608 757.49028106689457 1007.8668440755208 46.599621781651926
leaf_weight=35 20 22 21 20 20 33 32 20 31 217 20 24 20 97 34 31 49 33 22 467 20 37 22 25 31 28 362 20 30 923
leaf_count=35 20 22 21 20 20 33 32 20 31 217 20 24 20 97 34 31 49 33 22 467 20 37 22 25 31 28 362 20 30 923
internal_value=-3.24517 -79.551 -3.01268 -35.5599 -13.6183 -0.64397 11.8556 807.057 -4.18417 6.50035 -1.75864 463.716 43.5833 -13.9279 13.0952 143.042 522.291 279.242 637.291 -54.985 -568.766 62.032 428.98 -23.0886 32.8783 -26.4774 -102.622 102.57 513.456 -27.6326
internal_weight=2766 2746 2724 2703 2683 2663 2630 52 2578 2543 2512 64 40 2448 2231 767 135 104 71 1464 74 632 119 513 476 445 390 40 55 1390
internal_count=2766 2746 2724 2703 2683 2663 2630 52 2578 2543 2512 64 40 2448 2231 767 135 104 71 1464 74 632 119 513 476 445 390 40 55 1390
is_linear=0
shrinkage=0.05


Tree=178
num_leaves=31
num_cat=0
split_feature=80 0 43 44 83 102 38 42 42 106 17 41 50 6 26 83 23 50 96 32 32 26 8 50 47 29 6 6 4 40
split_gain=7.98261e+11 7.19034e+11 1.34081e+11 6.31802e+10 1.79973e+10 4.92575e+10 2.5451e+10 1.12056e+10 1.13802e+10 7.7527e+09 8.87402e+09 8.17524e+09 7.88081e+09 8.09093e+09 9.82253e+09 7.30749e+09 8.76718e+09 1.09662e+10 1.37689e+10 8.08064e+09 7.94202e+09 9.1958e+09 6.822e+09 1.10199e+10 1.22447e+10 6.52102e+09 7.7643e+09 9.46707e+09 1.3574e+10 7.09484e+09
threshold=14859592.285000002 658.00000000000011 130.50000000000003 55.500000000000007 6729787.4750000006 2773673.7898636791 274.50000000000006 131.50000000000003 121.50000000000001 2315327.3050000011 7740984.626887179 37.500000000000007 1.012579113924051 2.4967657382705188 5.5000000000000009 5602027.2100000009 182.50000000000003 1.0800516795865636 13103706.735000001 92.500000000000014 91.500000000000014 34.500000000000007 2300.4561555379819 1.1017456612199332 0.80674033297890968 5.5000000000000009 2.3116206019678374 2.3282455301990401 464.50000000000006 15.500000000000002
decision_type=2 2 2 2 2 2 2 2 2 2 2 2 2 2 2 2 2 2 2 2 2 2 2 2 2 2 2 2 2 2
left_child=1 2 3 4 6 -6 7 8 9 10 12 -11 -1 14 -14 16 19 -18 -19 22 21 -17 23 24 -16 26 29 28 -28 -24
right_child=-2 -3 -4 -5 5 -7 -8 -9 -10 11 -12 -13 13 -15 15 20 17 18 -20 -21 -22 -23 25 -25 -26 -27 27 -29 -30 -31
leaf_value=-766.78308993252847 9949.8636206054689 -9078.5638028231533 3976.9640995570589 -2643.1843759287963 159.58725523337341 -2892.4147851562502 1784.8735203552246 -1184.5641394042968 1162.7356834774926 -124.95011987518848 947.48757812500014 -1156.126632111648 1048.2290370775306 -943.33616333007819 541.80702469196729 -736.25800577799487 -216.88392906188966 198.16899498248924 1782.7544178889348 -746.35669228690017 -1023.3211884416853 633.95206771850599 96.657023756477273 1224.5825508626301 -866.12262573242197 76.526082668063012 -101.40459681919644 -171.85111930314886 -1658.3022199358261 -420.31241877934872
leaf_weight=33 20 22 21 23 39 20 20 20 21 57 25 29 23 22 47 24 32 29 26 35 35 25 445 30 23 1185 28 301 28 78
leaf_count=33 20 22 21 23 39 20 20 20 21 57 25 29 23 22 47 24 32 29 26 35 35 25 445 30 23 1185 28 301 28 78
internal_value=-3.08292 -75.5734 -2.86205 -33.7819 -11.3878 -874.99 8.05233 -5.61027 3.52537 -5.98378 10.239 -472.672 0.671363 11.154 19.9254 9.95029 26.773 519.06 947.246 7.30525 -448.067 -37.1712 19.4892 422.816 79.2016 -0.0424033 -103.149 -282.91 -879.853 19.5564
internal_weight=2766 2746 2724 2703 2680 59 2621 2601 2581 2560 2474 86 2449 2416 2394 2371 2287 87 55 2200 84 49 2165 100 70 2065 880 357 56 523
internal_count=2766 2746 2724 2703 2680 59 2621 2601 2581 2560 2474 86 2449 2416 2394 2371 2287 87 55 2200 84 49 2165 100 70 2065 880 357 56 523
is_linear=0
shrinkage=0.05


Tree=179
num_leaves=31
num_cat=0
split_feature=80 4 28 28 58 38 21 14 1 11 45 48 28 14 92 94 125 116 9 10 116 8 106 16 105 20 8 48 97 84
split_gain=7.20431e+11 6.2641e+11 1.21498e+11 4.9268e+10 9.54512e+10 1.53554e+10 1.72547e+10 1.27722e+10 7.97144e+09 7.78178e+09 9.43584e+09 7.48198e+09 6.08016e+09 1.26616e+10 9.75423e+09 1.41229e+10 7.71347e+09 1.14746e+10 7.52417e+09 1.09462e+10 8.70518e+09 8.65496e+09 7.85345e+09 9.33359e+09 8.39098e+09 9.31227e+09 7.40087e+09 8.18423e+09 1.03661e+10 1.05328e+10
threshold=14859592.285000002 2925.0000000000005 103.50000000000001 80.500000000000014 152.50000000000003 272.50000000000006 35.500000000000007 9833263.2000000011 369.50000000000006 918282.91500000015 67.500000000000014 1.0000000180025095e-35 14.500000000000002 3243946.5800000005 5095634.9800000014 1074460.4753793788 174.50000000000003 77.500000000000014 585.83000000000015 13539.150000000003 79.500000000000014 3463.2290383521445 -3151233.4049999989 24048.271607017272 -775899.87499999942 2.5000000000000004 3378.9782956559288 0.052254203535280964 5101595.669479453 6057707.5100000007
decision_type=2 2 2 2 2 2 2 2 2 2 2 2 2 2 2 2 2 2 2 2 2 2 2 2 2 2 2 2 2 2
left_child=1 2 3 5 -5 6 7 8 9 11 -11 -1 13 -13 15 -14 17 -15 19 -16 -21 26 23 -23 25 -24 27 28 29 -20
right_child=-2 -3 -4 4 -6 -7 -8 -9 -10 10 -12 12 14 16 18 -17 -18 -19 21 20 -22 22 24 -25 -26 -27 -28 -29 -30 -31
leaf_value=-742.92532348632812 9452.3702404785163 -8114.2311604817705 3699.7851740056817 265.7920595441546 -4256.799768981934 1344.3762855893092 -1476.0758300781251 1079.998201949508 -852.21077314104355 1101.0379218606388 -227.89606101296164 11.909376963821975 -29.1970287846584 399.10652878284458 505.27225757945672 -1293.1664407974636 -234.58611913220636 1505.5393343033329 1609.3680935329862 -380.3187275250753 -1546.5879699707032 1144.7896069561993 -1244.5546323503768 -210.37472801208497 -33.077022049629086 -270.67520702304552 583.58315573891446 -127.71688488865398 -60.0345458984375 185.10317626953125
leaf_weight=35 20 24 22 28 20 21 20 27 28 34 22 868 51 96 22 39 29 31 27 48 24 27 28 24 590 199 91 191 55 25
leaf_count=35 20 24 22 28 20 21 20 27 28 34 22 868 51 96 22 39 29 31 27 48 24 27 28 24 590 199 91 191 55 25
internal_value=-2.92877 -71.7948 -0.884219 -31.0378 -1618.62 -2.30328 -13.0521 -1.84553 -13.1496 -3.95803 578.957 -17.0153 -6.70829 86.4456 -72.9051 -576.917 501.173 669.181 -39.3291 -470.824 -769.075 -7.06146 -94.8929 507.065 -132.469 -390.801 188.922 68.405 418.492 924.625
internal_weight=2766 2746 2722 2700 48 2652 2631 2611 2584 2556 56 2500 2465 1024 1441 90 156 127 1351 94 72 1257 868 51 817 227 389 298 107 52
internal_count=2766 2746 2722 2700 48 2652 2631 2611 2584 2556 56 2500 2465 1024 1441 90 156 127 1351 94 72 1257 868 51 817 227 389 298 107 52
is_linear=0
shrinkage=0.05


Tree=180
num_leaves=31
num_cat=0
split_feature=3 44 80 4 23 7 63 31 17 44 45 16 19 17 32 19 12 23 17 104 101 16 6 19 16 5 76 116 103 76
split_gain=3.5536e+11 3.35617e+11 7.75882e+10 7.0671e+10 1.588e+10 4.69153e+10 1.12604e+10 9.01742e+09 1.3732e+10 8.34077e+09 1.86206e+10 8.79364e+09 1.53763e+10 1.47057e+10 1.15013e+10 1.67363e+10 1.36445e+10 8.88285e+09 1.05438e+10 8.68722e+09 1.1483e+10 7.94617e+09 7.64264e+09 7.78157e+09 1.32546e+10 9.18661e+09 8.92738e+09 8.15439e+09 1.2359e+10 1.12812e+10
threshold=237.00000000000003 67.500000000000014 13142215.310000002 2641.5000000000005 262.50000000000006 4671.5581934046359 0.6078576107927941 33.500000000000007 7864758.7286813147 2.5000000000000004 8.5000000000000018 27336.502743769477 24786.060640551226 873949.29612052871 30.500000000000004 25225.260832063301 3453.0214709193251 65.500000000000014 2587437.9975560401 2950888.0550000002 4996365.1856509149 13787.7512142176 2.1323096606164302 19364.04800492217 21950.976448353333 4.4861828298632442 9499553.5550000016 77.500000000000014 -487744.37500000017 4292090.8950000005
decision_type=2 2 2 2 2 2 2 2 2 2 2 2 2 2 2 2 2 2 2 2 2 2 2 2 2 2 2 2 2 2
left_child=1 2 3 4 7 -6 -7 8 9 10 -1 13 -13 -11 17 16 19 21 -19 22 -21 -15 -16 24 26 -25 -24 29 -29 -26
right_child=-2 -3 -4 -5 5 6 -8 -9 -10 11 -12 12 -14 14 15 -17 -18 18 -20 20 -22 -23 23 25 27 -27 -28 28 -30 -31
leaf_value=-1652.7707315444948 6614.4536865234377 -6371.3382393973225 -2856.5438985188803 2960.1167297363281 -2615.6453980819042 -598.90476379394534 967.15419145063925 -1035.3187418619791 1171.1431406250001 1292.5488984607516 261.32735776548037 664.44294452300437 -122.15105615183086 -922.44249868392944 755.07638075086811 -1088.5034943551727 574.17356938901162 -1644.4865513013756 -323.44560637040576 -1011.8355793592666 324.66642993164066 -106.38918171275746 42.509852825829746 -363.56901722755754 452.54738267840759 42.952767680219551 -853.99868206155725 -21.693994479709204 1098.3013990353315 -794.62699267578137
leaf_weight=24 20 21 24 20 23 24 22 21 25 21 27 130 119 32 36 33 115 23 44 45 25 440 654 238 66 334 29 36 78 25
leaf_count=24 20 21 24 20 23 24 22 21 25 21 27 130 119 32 36 33 115 23 44 45 25 440 654 238 66 334 29 36 78 25
internal_value=-26.3069 -74.5332 -26.1494 -1.07392 -23.0984 -771.828 150.08 -3.37993 4.95816 -6.36842 -639.425 6.4282 288.521 -24.4605 -36.7363 26.6146 48.5057 -238.19 -776.937 9.90298 -534.513 -161.715 35.377 17.631 110.275 -126.194 4.44434 462.873 744.619 109.917
internal_weight=2774 2754 2733 2709 2689 69 46 2620 2599 2574 51 2523 249 2274 2253 1714 1681 539 67 1566 70 472 1496 1460 888 572 683 205 114 91
internal_count=2774 2754 2733 2709 2689 69 46 2620 2599 2574 51 2523 249 2274 2253 1714 1681 539 67 1566 70 472 1496 1460 888 572 683 205 114 91
is_linear=0
shrinkage=0.05


Tree=181
num_leaves=31
num_cat=0
split_feature=3 44 25 43 43 105 23 27 16 18 19 13 24 52 82 104 53 10 19 121 27 10 93 43 17 93 115 75 43 43
split_gain=3.20712e+11 3.02894e+11 4.90112e+10 5.40018e+10 6.32561e+10 1.56086e+10 1.39681e+10 1.05797e+10 7.6962e+09 1.32647e+10 1.26605e+10 8.77081e+09 1.21596e+10 1.25597e+10 1.85949e+10 1.09761e+10 1.08262e+10 9.20495e+09 8.47345e+09 8.6883e+09 9.22039e+09 9.39151e+09 9.95161e+09 1.20808e+10 8.98621e+09 8.24862e+09 7.95406e+09 7.78113e+09 7.7389e+09 8.13338e+09
threshold=237.00000000000003 67.500000000000014 24.500000000000004 126.50000000000001 113.50000000000001 5880955.8750000009 275.50000000000006 5.5000000000000009 27336.502743769477 29495.118982742315 24786.060640551226 142.0955744876118 31.500000000000004 27536.043920500408 654133.62262222415 2950888.0550000002 0.0095192462192869379 10284.165000000003 22133.783177487574 333.21428571428578 120.50000000000001 15475.280000000001 4242535.7383928578 58.500000000000007 4124375.4315995895 3503078.7321428577 116.30823608776966 3035691.0300000007 91.500000000000014 81.500000000000014
decision_type=2 2 2 2 2 2 2 2 2 2 2 2 2 2 2 2 2 2 2 2 2 2 2 2 2 2 2 2 2 2
left_child=1 2 3 4 5 6 7 -1 9 11 -10 12 13 14 -9 18 25 -18 19 20 21 22 -14 24 27 -13 -21 -24 29 -19
right_child=-2 -3 -4 -5 -6 -7 -8 8 10 -11 -12 16 15 -15 -16 -17 17 28 -20 26 -22 -23 23 -25 -26 -27 -28 -29 -30 -31
leaf_value=-869.80578526088175 6283.7309814453129 -6052.7712053571431 -2490.924576416016 2519.0110060918901 -2759.8138718377977 1191.2159857855902 -1243.8971398395042 128.70051508364472 611.34357198861926 -1305.1789224243166 -96.327513742834583 175.50630333941916 175.49641473468981 -211.90148235054173 -1655.4994274520877 -698.79503589976923 -867.92289546086238 85.224820460219291 -673.59652337795353 1386.0082296620246 -903.26600060096155 164.20392128290985 311.71712036132817 390.44119689941408 -1574.67578125 1514.6025005838146 109.53418297400843 -795.30459733929547 904.55639822823673 -828.75968212890621
leaf_weight=35 20 21 20 21 21 27 23 23 130 20 123 23 95 243 40 55 26 923 41 23 26 559 22 30 25 23 26 57 28 25
leaf_count=35 20 21 20 21 21 27 23 23 130 20 123 23 95 243 40 55 26 923 41 23 26 559 22 30 25 23 26 57 28 25
internal_value=-24.9916 -70.8065 -24.8419 -6.66218 -26.3647 -4.8737 -17.0879 -6.32233 5.36441 -23.0407 267.298 -11.9544 -100.576 -375.006 -1004.12 -13.0095 95.0168 60.5839 28.7142 62.08 23.156 53.7232 -215.965 -493.494 -748.476 845.054 708.695 -487.02 85.3187 61.1219
internal_weight=2774 2754 2733 2713 2692 2671 2644 2621 2586 2333 253 2313 1265 306 63 959 1048 1002 904 863 814 788 229 134 104 46 49 79 976 948
internal_count=2774 2754 2733 2713 2692 2671 2644 2621 2586 2333 253 2313 1265 306 63 959 1048 1002 904 863 814 788 229 134 104 46 49 79 976 948
is_linear=0
shrinkage=0.05


Tree=182
num_leaves=31
num_cat=0
split_feature=14 32 41 27 82 27 16 18 92 1 22 38 101 41 82 11 17 14 94 36 34 13 81 79 94 26 27 32 40 14
split_gain=3.14632e+11 2.65144e+11 3.18488e+10 3.05881e+10 6.90273e+10 9.48012e+09 7.31689e+09 1.25717e+10 8.71696e+09 1.84704e+10 9.92007e+09 1.08698e+10 1.44412e+10 1.05248e+10 8.22941e+09 6.98807e+09 9.94464e+09 1.8479e+10 8.15244e+09 7.80486e+09 7.43757e+09 1.0011e+10 9.97767e+09 9.86275e+09 1.03273e+10 9.1712e+09 1.11725e+10 9.44686e+09 1.00105e+10 8.86917e+09
threshold=14140236.715000002 174.50000000000003 71.500000000000014 128.50000000000003 1656164.6618602902 5.5000000000000009 28163.375243097704 29495.118982742315 10807682.140000002 366.50000000000006 145.50000000000003 189.50000000000003 5033240.9777705604 39.500000000000007 2790321.835372332 880144.17000000004 4985195.9123749891 5246998.1850000015 1352659.0532418636 11.500000000000002 51.500000000000007 2701.6050039733232 2893062.2007142864 2690854.5900000003 2263824.437310047 38.500000000000007 29.500000000000004 29.500000000000004 11.500000000000002 2455700.0100000002
decision_type=2 2 2 2 2 2 2 2 2 2 2 2 2 2 2 2 2 2 2 2 2 2 2 2 2 2 2 2 2 2
left_child=1 2 3 5 -5 -1 7 8 9 14 11 13 -13 -10 15 16 20 -18 -19 -20 25 22 -22 -24 -25 26 29 -28 -29 -7
right_child=-2 -3 -4 4 -6 6 -8 -9 10 -11 -12 12 -14 -15 -16 -17 17 18 19 -21 21 -23 23 24 -26 -27 27 28 -30 -31
leaf_value=-826.31552716936392 5931.9381436434669 -5001.820444516783 1872.2207280939274 -2501.0938536815156 473.74238645113428 -102.8387050485611 298.28622584960624 -1211.4745025981556 112.95300170181898 -1577.1752182006837 1172.6494830587635 -1224.8675814541903 334.35739474826391 869.67458603802845 -968.59995199839273 747.14458814348495 -1604.5596108572825 -774.6769109090169 -688.1196807861329 477.29779722924326 962.78755576092271 -288.00658220347793 641.34727507091702 -99.138171790024955 994.66465911865237 711.57639116559722 -937.32000025996467 65.3137476884866 -480.05776588439943 297.76956447326029
leaf_weight=35 22 27 22 39 39 480 193 22 464 20 23 33 27 51 24 28 28 36 20 51 46 101 84 214 24 35 54 158 180 194
leaf_count=35 22 27 22 39 39 480 193 22 464 20 23 33 27 51 24 28 28 36 20 51 46 101 84 214 24 35 54 158 180 194
internal_value=-23.742 -71.3528 -22.5005 -37.9218 -1013.68 -8.92796 2.11782 -21.7289 -10.7081 -66.2764 154.417 113.688 -523.216 187.89 -49.0778 -36.3435 -49.2102 -461.009 -161.762 149.011 -13.8007 152.941 273.961 175.558 11.1613 -84.8285 -110.977 -323.23 -225.121 12.4699
internal_weight=2774 2752 2725 2703 78 2625 2590 2397 2375 1777 598 575 60 515 1757 1733 1705 135 107 71 1570 469 368 322 238 1101 1066 392 338 674
internal_count=2774 2752 2725 2703 78 2625 2590 2397 2375 1777 598 575 60 515 1757 1733 1705 135 107 71 1570 469 368 322 238 1101 1066 392 338 674
is_linear=0
shrinkage=0.05


Tree=183
num_leaves=31
num_cat=0
split_feature=37 33 35 38 68 28 106 27 82 52 39 3 3 102 22 105 110 78 11 105 104 34 52 2 3 21 88 115 84 109
split_gain=3.05422e+11 4.55679e+11 8.30666e+10 3.80811e+10 1.37954e+10 1.95935e+10 4.47678e+10 1.40672e+10 9.59322e+09 8.15796e+09 7.71732e+09 6.96507e+09 9.35018e+09 6.76015e+09 7.03152e+09 1.10694e+10 1.09207e+10 1.06587e+10 1.06528e+10 8.89953e+09 8.36053e+09 7.72339e+09 7.13156e+09 6.96486e+09 8.25662e+09 9.19546e+09 6.90182e+09 1.2365e+10 9.39679e+09 8.54674e+09
threshold=106.50000000000001 303.50000000000006 60.500000000000007 288.50000000000006 1.0000000180025095e-35 69.500000000000014 63304.165000000161 5.5000000000000009 1422637.1225146498 25785.85308378065 66.500000000000014 176.50000000000003 187.50000000000003 2807250.4783832845 60.500000000000007 -5056395.0949999997 111.07142857142858 7906318.5000000009 954330.33000000019 949358.06499999983 2950888.0550000002 8.5000000000000018 27536.043920500408 236.50000000000003 158.50000000000003 16.500000000000004 6424085.3650000012 87.371817583969445 5868421.9750000006 74.500000000000014
decision_type=2 2 2 2 2 2 2 2 2 2 2 2 2 2 2 2 2 2 2 2 2 2 2 2 2 2 2 2 2 2
left_child=1 2 3 4 5 7 -7 -1 -8 -6 11 13 -13 14 15 -9 19 18 20 -16 22 -17 -18 -19 -25 -26 28 29 -23 -28
right_child=-2 -3 -4 -5 9 6 8 10 -10 -11 -12 12 -14 -15 16 21 17 23 -20 -21 -22 26 -24 24 25 -27 27 -29 -30 -31
leaf_value=-1026.092927349315 6133.9487036132814 -7586.9886718750004 2916.3637769063316 -1942.5312607985279 182.45295785757213 -2731.3025956587358 -759.93140758167613 -1249.8416442871094 671.66257617187512 1259.6190700531006 952.28846221197227 -962.50445324125747 309.92608268044211 664.98545505122138 343.57175859971483 910.40678833007814 -79.54565799297616 1226.6722746628982 1087.874226888021 1489.1263477143789 -797.59575280613376 -28.823890476337272 358.69528410169818 -329.7105506896973 1476.1936846778508 -3.4665742420014882 -1435.8783709716799 67.819691482027949 757.00921569824231 -364.3981123710746
leaf_weight=34 20 20 24 26 39 22 22 20 25 32 21 42 22 38 88 20 661 26 21 21 36 777 108 32 21 21 20 207 40 268
leaf_count=34 20 20 24 26 39 22 22 20 25 32 21 42 22 38 88 20 661 26 21 21 36 777 108 32 21 21 20 207 40 268
internal_value=-22.5549 -67.2644 -12.2555 -38.1916 -19.7442 -38.4297 -869.791 -15.881 1.55475 667.936 -2.19685 -10.25 -525.106 3.33801 -7.19513 -82.2796 90.8863 35.1634 -23.8604 564.275 -52.8622 -64.7487 -17.9982 522.7 275.359 736.364 -79.6139 -226.945 9.65019 -438.806
internal_weight=2774 2754 2734 2710 2684 2613 69 2544 47 71 2510 2489 64 2425 2387 1352 1035 926 826 109 805 1332 769 100 74 42 1312 495 817 288
internal_count=2774 2754 2734 2710 2684 2613 69 2544 47 71 2510 2489 64 2425 2387 1352 1035 926 826 109 805 1332 769 100 74 42 1312 495 817 288
is_linear=0
shrinkage=0.05


Tree=184
num_leaves=31
num_cat=0
split_feature=39 23 41 27 82 106 32 40 27 16 19 19 12 80 10 50 53 30 53 50 127 16 19 16 106 56 78 109 22 27
split_gain=2.95896e+11 3.26863e+11 4.93592e+10 4.09929e+10 4.61257e+10 4.02262e+10 9.25121e+09 9.76781e+09 7.61637e+09 6.55316e+09 1.37302e+10 8.68591e+09 1.03212e+10 7.64979e+09 7.46206e+09 8.31716e+09 1.03521e+10 8.55831e+09 6.88728e+09 7.68963e+09 6.78409e+09 8.37233e+09 6.91338e+09 1.74066e+10 9.30294e+09 1.18466e+10 9.86058e+09 8.66998e+09 7.46826e+09 6.71224e+09
threshold=105.50000000000001 373.50000000000006 70.500000000000014 128.50000000000003 1656164.6618602902 950417.76499999978 132.50000000000003 37.500000000000007 5.5000000000000009 28163.375243097704 24295.398644099194 23200.333383732661 3484.5386241711881 5790880.6700000009 21025.340000000004 1.055081990897927 0.0083280050065876188 2.5000000000000004 0.21951220157554788 1.1216416713449358 26.500000000000004 26548.727859266251 19364.04800492217 22587.470310899625 -2467268.7349999999 25.500000000000004 9005720.1300000008 313.50000000000006 52.500000000000007 26.500000000000004
decision_type=2 2 2 2 2 2 2 2 2 2 2 2 2 2 2 2 2 2 2 2 2 2 2 2 2 2 2 2 2 2
left_child=1 2 3 6 5 -5 7 8 -1 11 -11 12 20 14 15 16 -13 -17 -14 -20 -10 22 23 -22 25 -24 27 -26 -25 -12
right_child=-2 -3 -4 4 -6 -7 -8 -9 9 10 29 13 18 -15 -16 17 -18 -19 19 -21 21 -23 24 28 26 -27 -28 -29 -30 -31
leaf_value=-736.96041041782928 6038.3079199218755 -6279.5769694010414 2070.8367701939173 -3919.8284387207032 91.049817207532058 -821.53207452947447 1066.1491314697266 -1062.4289528586648 -361.21399203058502 906.13936727555074 242.64758136537341 -1543.9937433878581 724.24906224380311 587.26199428013399 -1242.7194300333658 -264.60148686801688 -299.4509999778054 833.63993225097659 -344.57675754712977 684.36312642415373 -14.420533234822816 555.92752840412197 -273.92386689552899 158.15267378091812 -79.363884066551833 -1705.8389147949219 862.73957112630217 -1137.4351071166991 871.47536496894304 -522.8516991024926
leaf_weight=35 20 21 28 20 39 22 20 22 134 61 90 24 81 21 24 68 55 24 46 30 905 67 52 64 606 20 27 20 86 42
leaf_count=35 20 21 28 20 39 22 20 22 134 61 90 24 81 21 24 68 55 24 46 30 905 67 52 64 606 20 27 20 86 42
internal_value=-21.4271 -65.4339 -17.6853 -39.304 -1147.15 -2296.91 -5.10595 -13.3337 -4.39487 5.67179 285.767 -17.2927 13.2353 -319.463 -417.11 -301.235 -677.54 21.8963 403.468 61.5837 -17.6918 7.23072 -13.4225 68.2636 -132.29 -671.678 -72.8166 -113.168 567.124 -0.920372
internal_weight=2774 2754 2733 2705 81 42 2624 2604 2582 2547 193 2354 2138 216 195 171 79 92 157 76 1981 1847 1780 1055 725 72 653 626 150 132
internal_count=2774 2754 2733 2705 81 42 2624 2604 2582 2547 193 2354 2138 216 195 171 79 92 157 76 1981 1847 1780 1055 725 72 653 626 150 132
is_linear=0
shrinkage=0.05


Tree=185
num_leaves=31
num_cat=0
split_feature=27 33 21 4 38 27 23 56 9 80 10 7 8 105 16 50 66 45 3 80 105 25 10 35 22 61 105 27 75 23
split_gain=3.1301e+11 2.46869e+11 1.04803e+11 8.74061e+10 1.93832e+10 1.45535e+10 1.20344e+10 8.47854e+09 1.98883e+10 1.23425e+10 1.09664e+10 1.00032e+10 8.27706e+09 8.01368e+09 7.93283e+09 9.08103e+09 7.78891e+09 1.70156e+10 1.47011e+10 7.97224e+09 1.07835e+10 9.48371e+09 8.15725e+09 9.9213e+09 9.58816e+09 9.59348e+09 8.19957e+09 7.76762e+09 9.99184e+09 8.28593e+09
threshold=197.50000000000003 299.50000000000006 43.500000000000007 2641.5000000000005 276.50000000000006 139.50000000000003 262.50000000000006 2.5000000000000004 836.50000000000011 9023368.2150000017 8897.7650000000012 5700.5918721765638 2300.4561555379819 -909036.64999999967 20087.32640878587 1.1113247863247866 -0.96227343267549392 63.500000000000007 145.50000000000003 7235094.0750000002 -729570.49999999965 15.500000000000002 15995.695000000002 39.500000000000007 57.500000000000007 -0.93301270189221908 -551008.41000000003 25.500000000000004 2383956.4750000006 59.500000000000007
decision_type=2 2 2 2 2 2 2 2 2 2 2 2 2 2 2 2 2 2 2 2 2 2 2 2 2 2 2 2 2 2
left_child=1 2 3 4 5 6 7 8 14 10 -9 -11 13 -12 15 -1 17 18 -14 21 -21 22 -18 24 25 26 -24 29 -29 -27
right_child=-2 -3 -4 -5 -6 -7 -8 9 -10 11 12 -13 16 -15 -16 -17 19 -19 -20 20 -22 -23 23 -25 -26 27 -28 28 -30 -31
leaf_value=-1359.9494772206183 6215.386450195313 -5462.8470284598225 -3457.9588573109017 3076.2307702105982 -1262.2771823021676 1150.1848745840568 -1131.115180460612 -1140.7308012462797 -1839.6417602539063 1341.6879653438446 214.67085413347215 131.39279132140311 253.93251183827721 1377.9364489746094 187.6005657348633 -48.686963481287805 -175.00340237557134 -1049.8748075939361 1506.0627760205953 -1176.3320990862164 -117.85962932636212 972.84907073974614 -88.022622218661851 -887.98534175327848 233.10610291069077 -35.598868488525014 822.05408458362933 -1369.7044262695313 -216.7514853817857 727.42287988662724
leaf_weight=23 20 21 22 23 31 27 24 21 20 31 57 38 144 20 75 31 632 21 28 35 77 24 45 28 507 322 55 20 311 40
leaf_count=23 20 21 22 23 31 27 24 21 20 31 57 38 144 20 75 31 632 21 28 35 77 24 45 28 507 322 55 20 311 40
internal_value=-17.1117 -62.3896 -20.878 7.02451 -19.2471 -4.73882 -16.6 -6.33187 -372.557 15.8862 -3.17087 675.149 6.92582 516.818 -145.101 -607.188 -10.2265 293.724 457.768 -38.2143 -448.632 -15.0455 -27.1422 43.2255 63.2823 -45.2935 412.52 -111.356 -286.416 48.7129
internal_weight=2773 2753 2732 2710 2687 2656 2629 2605 149 2456 2387 69 2366 77 129 54 2289 193 172 2096 112 1984 1960 1328 1300 793 100 693 331 362
internal_count=2773 2753 2732 2710 2687 2656 2629 2605 149 2456 2387 69 2366 77 129 54 2289 193 172 2096 112 1984 1960 1328 1300 793 100 693 331 362
is_linear=0
shrinkage=0.05


Tree=186
num_leaves=31
num_cat=0
split_feature=27 39 35 37 25 40 0 102 80 93 101 127 35 105 16 24 19 11 16 94 79 115 19 16 12 19 12 16 118 80
split_gain=2.82491e+11 2.73535e+11 6.87292e+10 4.22986e+10 1.47022e+10 1.40592e+10 2.58033e+10 9.57181e+09 7.625e+09 2.27595e+10 1.42433e+10 1.16832e+10 1.1465e+10 1.03625e+10 8.14087e+09 1.7814e+10 1.5668e+10 1.6204e+10 9.96639e+09 1.03143e+10 1.10644e+10 8.10647e+09 8.01478e+09 1.4288e+10 1.19307e+10 2.5941e+10 1.0193e+10 1.75303e+10 1.11501e+10 8.46663e+09
threshold=197.50000000000003 97.500000000000014 59.500000000000007 89.500000000000014 23.500000000000004 43.500000000000007 463.00000000000006 2805740.8696656651 9023368.2150000017 7844983.2467857152 4961346.1218731422 171.00000000000003 29.500000000000004 -181017.82000000004 22587.470310899625 8.5000000000000018 19364.04800492217 88963.660000000018 23440.274335669372 2941318.4181176652 9005720.1300000008 40.134363317608624 17583.436850897528 21314.141396495055 113.9989686766974 19614.675299739978 2632.7626245296201 14078.301739260254 288.50000000000006 3196656.9000000004
decision_type=2 2 2 2 2 2 2 2 2 2 2 2 2 2 2 2 2 2 2 2 2 2 2 2 2 2 2 2 2 2
left_child=1 2 3 4 5 6 7 8 11 10 -10 14 -12 -13 15 -1 -16 18 -18 20 -20 -19 23 26 25 -24 28 -28 -17 -26
right_child=-2 -3 -4 -5 -6 -7 -8 -9 9 -11 12 13 -14 -15 16 22 17 21 19 -21 -22 -23 24 -25 29 -27 27 -29 -30 -31
leaf_value=-1578.6742858886719 5904.6175048828127 -5612.2109208540487 2834.8706612723217 -2271.9102562313988 -1369.7566026306154 1195.6701629638671 -1725.1991782448511 717.27210245768231 1110.1595015752882 1920.8464428710938 242.40874755041943 -96.136755952380952 -1264.1952955163044 -1686.3999383544922 575.26589860513184 -20.265048183278836 -577.75542001836436 1308.1178149414063 -9.6868345454999609 858.71737726384947 -1176.4096781412761 309.50650470067586 -303.8385375231743 957.58794044672049 -280.80202190165619 -2175.2098480224608 74.861917781829831 1710.9700206409802 -947.10734592013887 90.036507728134382
leaf_weight=20 20 22 21 21 20 24 22 45 21 20 28 21 23 20 142 329 85 30 628 33 21 63 250 43 245 20 64 22 36 414
leaf_count=20 20 22 21 21 20 24 22 45 21 20 28 21 23 20 142 329 85 30 628 33 21 63 250 43 245 20 64 22 36 414
internal_value=-16.2561 -59.2701 -14.5375 -36.6178 -19.1611 -9.04044 -19.9717 -5.66933 -18.2886 428.709 14.2264 -34.8307 -437.04 -871.875 -20.7944 -96.8212 88.6933 8.35229 -67.2223 -3.59276 -47.439 631.639 -75.994 86.7322 -162.524 -442.459 3.70164 493.401 -111.68 -47.8321
internal_weight=2773 2753 2731 2710 2689 2669 2645 2623 2578 92 72 2486 51 41 2445 1443 1002 860 767 682 649 93 1423 494 929 270 451 86 365 659
internal_count=2773 2753 2731 2710 2689 2669 2645 2623 2578 92 72 2486 51 41 2445 1443 1002 860 767 682 649 93 1423 494 929 270 451 86 365 659
is_linear=0
shrinkage=0.05


Tree=187
num_leaves=31
num_cat=0
split_feature=20 0 11 21 35 36 14 3 10 8 74 16 22 19 52 18 8 102 118 104 37 90 108 3 64 40 33 40 104 28
split_gain=2.75285e+11 4.83787e+11 1.12963e+11 3.56294e+10 1.86941e+10 5.24961e+10 1.22167e+10 1.54529e+10 9.7455e+09 1.17981e+10 7.74742e+09 7.42903e+09 1.03298e+10 8.63917e+09 9.30089e+09 9.09348e+09 2.238e+10 7.58475e+09 7.22475e+09 6.83632e+09 9.2753e+09 8.35121e+09 7.3494e+09 1.02557e+10 6.85514e+09 6.22285e+09 1.0834e+10 9.23777e+09 6.39798e+09 1.24834e+10
threshold=26.500000000000004 658.00000000000011 1449782.5200000003 38.500000000000007 58.500000000000007 28.500000000000004 10686259.125000002 197.50000000000003 8897.7650000000012 2300.4561555379819 3.5000000000000004 34320.741913837155 7.5000000000000009 26561.551488946989 34477.698598247815 26069.878403391314 3910.120188033768 2808712.1457586992 63.500000000000007 3273086.8150000004 54.500000000000007 2888369.151155951 171.50000000000003 162.50000000000003 -0.22252093395631442 29.500000000000004 142.50000000000003 28.500000000000004 1031868.5900000001 53.500000000000007
decision_type=2 2 2 2 2 2 2 2 2 2 2 2 2 2 2 2 2 2 2 2 2 2 2 2 2 2 2 2 2 2
left_child=1 2 3 4 5 6 7 8 -1 10 -10 12 -11 14 15 17 -17 19 -16 20 25 24 23 -21 -22 27 -27 28 29 -14
right_child=-2 -3 -4 -5 -6 -7 -8 -9 9 11 -12 -13 13 -15 18 16 -18 -19 -20 22 21 -23 -24 -25 -26 26 -28 -29 -30 -31
leaf_value=-1078.0714250837054 5555.3871213045995 -7444.8523259943177 3345.1124434814456 -1990.9379521908968 1346.2930869140628 -2263.0758817232572 1073.1664111797627 -1400.5328788757324 230.11923622824929 -1128.4199521019345 1229.0053685251874 943.33743118286134 -43.511397550592299 -512.96674206143337 -198.87182094029018 -1746.1477783203127 44.823103620421215 947.11932732718333 751.44040409633089 -169.15497303838316 946.57401245117182 1342.7435907778533 270.9414852905274 -1717.2870370483397 -213.83305746895928 1436.7671923828127 -111.12822429950421 -1095.5412127685547 161.96298424410762 -1169.9546438293457
leaf_weight=21 22 22 25 23 25 26 26 20 55 21 30 20 1520 84 28 26 53 21 70 23 20 23 20 20 35 20 26 20 403 25
leaf_count=21 22 22 25 23 25 26 26 20 55 21 30 20 1520 84 28 26 53 21 70 23 20 23 20 20 35 20 26 20 403 25
internal_value=-15.4433 -59.9938 -0.460265 -31.392 -14.5812 -27.3907 -5.28884 -16.0568 -5.34107 3.44837 582.667 -16.4199 -24.2292 -14.7142 3.07299 -17.6504 -544.61 1.48094 479.923 -7.73409 7.72013 542.698 -520.912 -889.216 208.133 -12.999 561.87 -26.4359 -15.4595 -61.7386
internal_weight=2773 2751 2729 2704 2681 2656 2630 2604 2584 2563 85 2478 2458 2437 2353 2255 79 2176 98 2155 2092 78 63 43 55 2014 46 1968 1948 1545
internal_count=2773 2751 2729 2704 2681 2656 2630 2604 2584 2563 85 2478 2458 2437 2353 2255 79 2176 98 2155 2092 78 63 43 55 2014 46 1968 1948 1545
is_linear=0
shrinkage=0.05


Tree=188
num_leaves=31
num_cat=0
split_feature=27 39 39 25 78 39 39 40 40 118 78 97 64 10 8 8 18 90 83 11 104 19 48 56 19 109 8 87 78 48
split_gain=2.59141e+11 2.38001e+11 5.47226e+10 5.88628e+10 1.18331e+10 2.58918e+10 2.48136e+10 1.24507e+10 1.08917e+10 1.49807e+10 1.31672e+10 1.03838e+10 9.99603e+09 8.98394e+09 1.04125e+10 8.71563e+09 2.12112e+10 1.07474e+10 1.56266e+10 9.86387e+09 1.00993e+10 9.51088e+09 8.89474e+09 8.11351e+09 7.96481e+09 9.3938e+09 9.14622e+09 8.2343e+09 8.5279e+09 1.01218e+10
threshold=197.50000000000003 97.500000000000014 88.500000000000014 20.500000000000004 7845017.6700000009 66.500000000000014 66.500000000000014 31.500000000000004 32.500000000000007 296.50000000000006 9499553.5550000016 5134522.842945206 -0.22252093395631442 8897.7650000000012 2300.4561555379819 3825.7591635431086 26283.041818848007 1004354.0687419017 2022444.6800000004 60625.765000000007 1498507.2149999996 19952.23917489007 0.090635268346111728 21.500000000000004 16805.582821394815 220.50000000000003 3643.7048018957403 2418728.3650000007 5058543.5700000012 0.038507877664504177
decision_type=2 2 2 2 2 2 2 2 2 2 2 2 2 2 2 2 2 2 2 2 2 2 2 2 2 2 2 2 2 2
left_child=1 2 3 4 5 7 8 13 9 10 -6 -9 -12 -1 23 16 17 22 -19 -17 21 -21 -16 -15 -20 27 -27 -26 29 -29
right_child=-2 -3 -4 -5 6 -7 -8 11 -10 -11 12 -13 -14 14 15 19 -18 18 24 20 -22 -23 -24 -25 25 26 -28 28 -30 -31
leaf_value=-1069.0513404482888 5656.2195556640627 -5235.5860801696781 2184.9141557965959 -1990.9212679210461 424.61700583271596 -1336.8712057013263 1818.0022802734377 -77.625829467773443 -785.63232794867622 1107.0256478243098 -1358.8395323380182 1264.7199538286995 7.7127904891967773 206.5131326746058 -307.08573787245643 -26.279101063121448 -1452.163025716146 386.82677158756155 259.64321253616203 981.4679124620227 1391.7162934802827 88.647699334155561 -1341.6130145529041 1327.9093316119652 -319.07113023586379 -685.52170265816358 26.007923091008117 802.18602409362802 715.72441736857104 -159.77054938458383
leaf_weight=21 20 22 28 38 87 38 25 25 27 43 23 34 32 54 215 770 30 181 113 36 21 174 23 23 189 148 65 32 48 188
leaf_count=21 20 22 28 38 87 38 25 25 27 43 23 34 32 54 215 770 30 181 113 36 21 174 23 23 189 148 65 32 48 188
internal_value=-14.6711 -55.869 -14.143 -36.9227 -9.06085 -41.9779 328.166 -21.3897 152.477 289.391 41.797 695.929 -563.755 -39.5458 -30.1866 -49.8991 -138.939 -106.163 -31.8755 59.689 346.249 241.703 -407.061 541.476 -128.664 -194.154 -468.388 -66.3383 111.895 -19.8496
internal_weight=2773 2753 2731 2703 2665 2428 237 2390 212 185 142 59 55 2331 2310 2233 1232 1202 964 1001 231 210 238 77 783 670 213 457 268 220
internal_count=2773 2753 2731 2703 2665 2428 237 2390 212 185 142 59 55 2331 2310 2233 1232 1202 964 1001 231 210 238 77 783 670 213 457 268 220
is_linear=0
shrinkage=0.05


Tree=189
num_leaves=31
num_cat=0
split_feature=104 0 35 44 21 27 17 56 8 50 115 116 29 26 18 66 105 48 56 10 8 58 104 104 62 10 27 2 14 88
split_gain=2.50522e+11 4.41343e+11 1.1858e+11 3.92358e+10 2.57993e+10 1.84293e+10 1.8039e+10 7.62031e+09 1.43134e+10 2.87444e+10 7.23112e+09 7.00379e+09 7.91095e+09 6.84904e+09 1.10946e+10 1.13541e+10 1.15779e+10 1.54788e+10 8.75013e+09 7.95101e+09 9.35797e+09 7.89088e+09 6.6758e+09 7.15834e+09 1.30039e+10 8.75011e+09 7.48521e+09 9.91257e+09 8.18584e+09 7.3418e+09
threshold=7816134.1450000014 658.00000000000011 59.500000000000007 55.500000000000007 41.500000000000007 139.50000000000003 8627148.6160498969 2.5000000000000004 3433.918638644453 1.1049553236477732 33.41926639958627 79.500000000000014 6.5000000000000009 43.500000000000007 20801.252330290885 -0.96227343267549392 -909036.64999999967 0.054816615112682286 20.500000000000004 8897.7650000000012 2300.4561555379819 232.50000000000003 3273086.8150000004 1031868.5900000001 -0.9330127018922193 14783.075000000003 29.500000000000004 104.50000000000001 2440855.6350000002 3830125.9000000004
decision_type=2 2 2 2 2 2 2 2 2 2 2 2 2 2 2 2 2 2 2 2 2 2 2 2 2 2 2 2 2 2
left_child=1 2 3 4 5 6 7 8 9 -1 -10 12 -12 19 18 -16 -17 -18 -15 -9 21 -21 23 26 -25 -26 28 -28 -22 -29
right_child=-2 -3 -4 -5 -6 -7 -8 13 10 -11 11 -13 -14 14 15 16 17 -19 -20 20 22 -23 -24 24 25 -27 27 29 -30 -31
leaf_value=-2449.7132992699035 5561.8509326171879 -7454.9245867919926 3360.289860652043 -2088.9021484375003 -1804.0441677856445 1210.4841962260587 -1511.6939941406251 -974.27164713541663 730.63601831054689 -20.739162313527075 -1362.6911588668825 302.5490226410555 -20.430070694633155 1496.4467600855335 1075.4910865420386 -1276.61838470459 -556.43421943664555 946.00464090983087 278.45692276000977 164.81899998441656 -48.113600059643126 1237.3692990903501 -732.41118593215947 1330.6836855100551 -364.86090523925009 218.03046609615458 -784.04246089540675 -969.7931009928385 293.16652249313717 -82.388647689913768
leaf_weight=21 20 20 26 23 20 31 20 21 25 29 21 33 23 29 21 20 40 30 30 47 570 27 32 23 79 348 58 24 254 808
leaf_count=21 20 20 26 23 20 31 20 21 25 29 21 33 23 29 21 20 40 30 30 47 570 27 32 23 79 348 58 24 254 808
internal_value=-13.9376 -54.4446 -0.288128 -32.5656 -14.9442 -1.51252 -15.7821 -4.33237 -347.907 -1040.91 -8.19988 -248.082 -661.055 16.888 323.096 28.6101 -215.662 87.4681 877.13 -5.83372 3.12539 556.155 -15.5104 -4.90927 172.57 110.189 -51.5052 -152.044 57.0868 -107.987
internal_weight=2773 2753 2733 2707 2684 2664 2633 2613 152 50 102 77 44 2461 170 111 90 70 59 2291 2270 74 2196 2164 450 427 1714 890 824 832
internal_count=2773 2753 2733 2707 2684 2664 2633 2613 152 50 102 77 44 2461 170 111 90 70 59 2291 2270 74 2196 2164 450 427 1714 890 824 832
is_linear=0
shrinkage=0.05


Tree=190
num_leaves=31
num_cat=0
split_feature=14 45 34 38 90 28 17 21 28 113 41 122 122 80 38 23 5 105 36 27 2 4 42 94 81 9 42 33 53 14
split_gain=6.87246e+11 2.42594e+11 4.55125e+10 8.1669e+10 1.28946e+10 1.48419e+10 1.04647e+10 7.85282e+09 8.48733e+09 8.65681e+09 8.64637e+09 8.30857e+09 1.34005e+10 1.09822e+10 7.06354e+09 9.25574e+09 8.55471e+09 1.04749e+10 9.20902e+09 7.92183e+09 1.09113e+10 1.38985e+10 1.44241e+10 2.2715e+10 1.0479e+10 9.70565e+09 1.19104e+10 1.03297e+10 8.60893e+09 8.18289e+09
threshold=14140236.715000002 125.50000000000001 143.50000000000003 285.00000000000006 3916987.7875738409 84.500000000000014 8627148.6160498969 20.500000000000004 4.5000000000000009 148.50000000000003 3.5000000000000004 105.57942195577853 48.019588641679867 8474239.6350000016 33.500000000000007 37.500000000000007 4.7138996138996143 -1055331.7499999998 5.5000000000000009 29.500000000000004 118.50000000000001 645.50000000000011 42.500000000000007 1339102.3511125294 2569490.7664285717 585.83000000000015 98.500000000000014 182.50000000000003 0.023998051796897051 2161679.6350000002
decision_type=2 2 2 2 2 2 2 2 2 2 2 2 2 2 2 2 2 2 2 2 2 2 2 2 2 2 2 2 2 2
left_child=1 2 3 4 5 6 7 8 9 10 -1 12 -9 -14 15 -10 19 -18 -19 29 28 -22 23 -23 -24 26 -26 -27 -21 -16
right_child=-2 -3 -4 -5 -6 -7 -8 11 14 -11 -12 -13 13 -15 16 -17 17 18 -20 20 21 22 24 -25 25 27 -28 -29 -30 -31
leaf_value=-747.09823960014012 9047.8512985956095 -5518.3264967346195 1913.3746750370149 -3196.6575904846195 -972.09897238991471 1188.6955703170213 -1101.2665129162017 768.95811949612801 -166.81143536235012 920.73116195201874 368.37120387117631 1303.0295984177365 -813.12778111508021 611.62670665922622 -108.27156575331048 -1259.8054946289064 -266.59024653648265 53.102314643618428 764.85261470045998 -740.92659959272908 480.24127814616634 -1885.1653815133232 920.52229546440981 -233.13331901644483 -224.3146289532001 -41.673804604212449 -1370.2068427776469 1109.119873046875 93.445673459075223 251.93129680225184
leaf_weight=23 21 20 31 20 33 27 21 57 86 48 71 21 38 21 268 25 67 79 107 110 109 28 27 81 104 780 29 20 43 383
leaf_count=23 21 20 31 20 33 27 21 57 86 48 71 21 38 21 268 25 67 79 107 110 109 28 27 81 104 780 29 20 43 383
internal_value=36.6975 -31.4459 8.35734 -13.3065 10.2216 22.349 10.4475 19.3413 -0.952064 374.41 95.4372 387.88 222.206 -306.012 -23.6722 -412.981 -4.33736 269.458 462.55 -39.287 -109.196 -57.6026 -112.444 -657.509 -50.556 -78.658 -474.171 -12.904 -506.43 103.645
internal_weight=2798 2777 2757 2726 2706 2673 2646 2625 2488 142 94 137 116 59 2346 111 2235 253 186 1982 1331 1178 1069 109 960 933 133 800 153 651
internal_count=2798 2777 2757 2726 2706 2673 2646 2625 2488 142 94 137 116 59 2346 111 2235 253 186 1982 1331 1178 1069 109 960 933 133 800 153 651
is_linear=0
shrinkage=0.05


Tree=191
num_leaves=31
num_cat=0
split_feature=37 44 44 35 90 37 43 45 28 25 38 10 52 18 18 53 15 23 18 51 98 112 98 28 12 106 5 125 83 57
split_gain=6.22375e+11 2.81064e+11 3.28921e+10 1.74631e+10 1.34917e+10 2.1795e+10 1.37309e+10 1.64201e+10 7.14102e+09 8.51651e+09 6.83332e+09 8.47166e+09 1.00273e+10 1.35403e+10 1.35008e+10 1.00405e+10 9.94176e+09 8.3533e+09 7.8175e+09 1.0219e+10 8.52817e+09 7.73772e+09 7.7848e+09 7.23525e+09 7.16747e+09 7.61139e+09 6.6634e+09 6.92233e+09 7.22989e+09 1.28184e+10
threshold=104.50000000000001 66.500000000000014 56.500000000000007 51.500000000000007 3916987.7875738409 75.500000000000014 104.50000000000001 85.500000000000014 4.5000000000000009 1.0000000180025095e-35 33.500000000000007 11922.965000000002 28034.362973313571 25962.192162775842 20770.921285512341 0.071559446351573561 26359.601454235253 37.500000000000007 21616.169747767355 30157.594281648519 1584761.2706753013 101.50000000000001 2981949.5755894375 11.500000000000002 130.73166167664672 183114.5549999995 4.7299271260329245 330.35714285714295 5658678.4050000012 2.5000000000000004
decision_type=2 2 2 2 2 2 2 2 2 2 2 2 2 2 2 2 2 2 2 2 2 2 2 2 2 2 2 2 2 2
left_child=1 2 3 4 5 6 7 8 9 -1 17 24 13 26 -14 16 -16 -10 -18 -20 -21 23 -23 -22 -12 -26 27 28 -13 -30
right_child=-2 -3 -4 -5 -6 -7 -8 -9 10 -11 11 12 14 -15 15 -17 18 -19 19 20 21 22 -24 -25 25 -27 -28 -29 29 -31
leaf_value=-573.79005171457936 8411.515598366479 -5309.141357421875 2036.7390393066407 -1141.587676077178 -959.66503278459822 1672.8017379760743 -1289.1333575439455 1071.8081270063246 -158.47086121315181 517.00391341280351 1008.1498890269886 -82.10028980222269 732.74166873794002 -1014.0666995317508 -676.33009914476042 844.38435541454112 537.88064428630639 -1196.8152407226562 -426.56333090918406 838.2600178744342 240.79656856371008 99.399080209883437 1057.0569179534912 -320.30318780537527 19.027112148959059 980.88876129150401 405.94884865897046 729.36148437500003 -1409.6449542867726 -42.885027930850072
leaf_weight=21 22 25 20 33 35 20 20 37 86 121 33 1219 83 39 49 38 76 25 112 37 92 63 32 153 116 25 70 25 29 42
leaf_count=21 22 25 20 33 35 20 20 37 86 121 33 1219 83 39 49 38 76 25 112 37 92 63 32 153 116 25 70 25 29 42
internal_value=34.8626 -31.523 16.4379 1.6426 15.6258 28.4441 16.001 25.9524 10.9885 355.689 -9.03909 9.19732 -17.8513 -95.2663 132.134 55.676 6.86342 -392.332 66.1138 -7.2078 117.375 38.9261 421.979 -109.605 344.818 189.57 -69.394 -94.6974 -110.668 -601.139
internal_weight=2798 2776 2751 2731 2698 2663 2643 2623 2586 142 2444 2333 2159 1424 735 652 614 111 565 489 377 340 95 245 174 141 1385 1315 1290 71
internal_count=2798 2776 2751 2731 2698 2663 2643 2623 2586 142 2444 2333 2159 1424 735 652 614 111 565 489 377 340 95 245 174 141 1385 1315 1290 71
is_linear=0
shrinkage=0.05


Tree=192
num_leaves=31
num_cat=0
split_feature=14 45 34 38 3 39 33 27 82 125 20 14 5 8 50 116 52 19 12 8 19 53 16 19 16 19 16 12 34 96
split_gain=6.04123e+11 2.18436e+11 3.90516e+10 7.24141e+10 1.09718e+10 1.8131e+10 8.43052e+09 7.00184e+09 1.06609e+10 7.6012e+09 8.71106e+09 5.90772e+09 6.06129e+09 5.5654e+09 1.9778e+10 1.35327e+10 6.3589e+09 1.07174e+10 2.71882e+10 1.22489e+10 1.03382e+10 8.65611e+09 8.45618e+09 7.81019e+09 1.07902e+10 8.05621e+09 9.43408e+09 7.49448e+09 7.46855e+09 7.37027e+09
threshold=14140236.715000002 125.50000000000001 143.50000000000003 285.00000000000006 206.50000000000003 66.500000000000014 203.50000000000003 120.50000000000001 1581952.2556805052 330.35714285714295 11.500000000000002 730735.54500000004 4.9305985552115592 2394.7956108174444 1.1017456612199332 91.500000000000014 28034.362973313571 21223.292356606235 929.62017159076265 3889.8040419151216 19952.23917489007 0.023998051796897051 23571.696789843259 21705.052528994918 26548.727859266251 23685.563249365066 28944.652980022176 4070.2301049382722 53.500000000000007 17367805.230000004
decision_type=2 2 2 2 2 2 2 2 2 2 2 2 2 2 2 2 2 2 2 2 2 2 2 2 2 2 2 2 2 2
left_child=1 2 3 4 5 6 7 9 -9 11 -11 -1 13 14 15 -13 17 27 19 -19 28 22 -22 -24 -25 -26 -27 29 -18 -15
right_child=-2 -3 -4 -5 -6 -7 -8 8 -10 10 -12 12 -14 16 -16 -17 20 18 -20 -21 21 -23 23 24 25 26 -28 -29 -30 -31
leaf_value=860.62839401245117 8481.7625186011919 -5237.2850988578793 1771.6270712575606 -3010.6248095703127 1147.5183896019346 -1114.3649988810221 990.03840997869327 -1467.2916278076173 145.70707659040178 128.82169867621528 1430.2893322753907 323.88537999203334 537.39452951468672 -25.275863239990752 1381.5835427701475 -1112.9475981339165 223.40247440622818 -2323.6601074218752 -146.44765126915178 -631.76476684570321 -814.41773573557543 553.94063478063367 226.75968647195839 -688.83034695712013 355.20283444993038 -806.84988541895029 16.4812357711792 903.4906052362353 950.26242192586278 -663.29223350768405
leaf_weight=20 21 20 31 20 21 36 22 20 21 36 20 57 51 1226 32 23 134 23 193 20 36 61 198 77 94 49 120 21 48 47
leaf_count=20 21 20 31 20 21 36 22 20 21 36 20 57 51 1226 32 23 134 23 193 20 36 61 198 77 94 49 120 21 48 47
internal_value=33.1195 -30.7702 6.99926 -13.068 9.08685 0.182915 15.3297 7.16689 -641.122 17.4452 593.632 4.69171 -2.1285 -13.3183 331.021 -89.2041 -29.7503 -89.8912 -399.762 -1536.73 82.8758 -12.3449 -72.5251 -22.8817 -168.261 -15.8511 -222.236 -33.3768 415.102 -48.8318
internal_weight=2798 2777 2757 2726 2706 2685 2649 2627 41 2586 56 2530 2510 2459 112 80 2347 1530 236 43 817 635 574 538 340 263 169 1294 182 1273
internal_count=2798 2777 2757 2726 2706 2685 2649 2627 41 2586 56 2530 2510 2459 112 80 2347 1530 236 43 817 635 574 538 340 263 169 1294 182 1273
is_linear=0
shrinkage=0.05


Tree=193
num_leaves=31
num_cat=0
split_feature=33 44 21 118 103 29 35 32 32 75 21 63 109 8 51 23 17 123 8 50 9 19 52 8 118 28 109 103 18 5
split_gain=5.56015e+11 1.60496e+11 5.22167e+10 1.57228e+10 2.29077e+10 2.6287e+10 1.99752e+10 8.17122e+09 1.2777e+10 8.73732e+09 8.2295e+09 8.2247e+09 7.99278e+09 1.10699e+10 7.22902e+09 6.83555e+09 1.64218e+10 9.86553e+09 7.23414e+09 1.544e+10 1.15741e+10 8.94569e+09 1.08327e+10 1.01587e+10 9.44585e+09 9.51595e+09 8.6407e+09 8.20416e+09 7.49958e+09 8.13707e+09
threshold=322.50000000000006 65.500000000000014 41.500000000000007 422.00000000000006 -1072264.9549999998 19.500000000000004 46.500000000000007 110.50000000000001 99.500000000000014 6693497.1900000004 20.500000000000004 -0.60785761079279388 257.50000000000006 3433.918638644453 25821.417831981144 37.500000000000007 1520003.2337603851 59.500000000000007 2394.7956108174444 1.1017456612199332 705.45000000000016 22909.847746795826 28034.362973313571 3671.7791030017202 107.50000000000001 16.500000000000004 165.50000000000003 -100133.25499999999 20655.900268178928 4.5496751731811509
decision_type=2 2 2 2 2 2 2 2 2 2 2 2 2 2 2 2 2 2 2 2 2 2 2 2 2 2 2 2 2 2
left_child=1 2 3 6 5 -5 7 8 10 -10 15 -12 -9 -14 -13 17 -17 -1 19 20 -18 22 -20 -23 25 27 -25 -24 29 -26
right_child=-2 -3 -4 4 -6 -7 -8 12 9 -11 11 14 13 -15 -16 16 18 -19 21 -21 -22 23 24 26 28 -27 -28 -29 -30 -31
leaf_value=76.649274517627475 8338.3962841796874 -4382.906880115328 -2540.7053955078127 955.86778532329356 2003.4761571248373 -1248.4038881574361 -1201.9027332979092 -59.525729036331178 -72.787942708333333 -1243.4968687169694 -254.73910586039224 411.52814252580913 138.01684844970703 1763.3411432439634 1584.9659592401415 -1418.8897071475076 -1008.0754895019531 772.63465646597058 -71.917777814258088 1397.7942164557321 411.11963695451323 -1178.1651291419719 -495.88447426243829 -76.141155860698333 295.31693636576335 -712.70844814724398 -900.40667528719518 370.83031602053302 267.67343102284332 1597.3239013671875
leaf_weight=235 20 21 20 38 24 21 34 32 30 34 24 35 20 22 21 21 20 65 1194 28 51 29 38 226 24 45 37 97 268 24
leaf_count=235 20 21 20 38 24 21 34 32 30 34 24 35 20 22 21 21 20 65 1194 28 51 29 38 226 24 45 37 97 268 24
internal_value=31.4635 -28.3416 4.82697 23.4279 701.083 171.297 2.23517 17.8614 2.80747 -694.727 20.7939 519.675 535.798 989.377 851.567 4.17832 -27.6867 227.446 -13.6477 403.473 11.3464 -34.4827 9.67165 -290.033 206.078 -83.0275 -192.102 126.866 370.759 946.32
internal_weight=2798 2778 2757 2737 83 59 2654 2620 2546 64 2482 80 74 42 56 2402 2102 300 2081 99 71 1982 1690 292 496 180 263 135 316 48
internal_count=2798 2778 2757 2737 83 59 2654 2620 2546 64 2482 80 74 42 56 2402 2102 300 2081 99 71 1982 1690 292 496 180 263 135 316 48
is_linear=0
shrinkage=0.05


Tree=194
num_leaves=31
num_cat=0
split_feature=14 45 14 44 33 27 47 21 19 18 23 93 106 65 90 106 23 42 23 9 65 13 83 8 127 17 43 42 81 28
split_gain=5.1993e+11 1.99199e+11 2.39343e+10 1.91533e+10 1.01552e+10 2.2614e+10 3.5606e+10 8.2817e+09 1.45809e+10 8.33895e+09 6.59404e+09 8.79052e+09 6.86508e+09 6.36413e+09 7.31944e+09 1.13408e+10 8.05159e+09 1.80187e+10 1.13137e+10 9.42361e+09 1.16039e+10 8.62948e+09 1.18242e+10 7.99697e+09 7.86118e+09 9.35148e+09 1.47672e+10 7.5288e+09 1.16341e+10 7.39377e+09
threshold=14140236.715000002 125.50000000000001 12077159.125000002 55.500000000000007 234.50000000000003 128.50000000000003 0.81839323467230451 20.500000000000004 17897.552745789344 18452.688181423833 24.500000000000004 2026853.1309821431 -338180.96999999968 -0.99939814596352028 954002.67618122988 -1919809.8599999999 65.500000000000014 28.500000000000004 60.500000000000007 591.82500000000016 -0.064507852084056697 2284.5306714475128 4734190.3050000006 2614.6816242883256 42.500000000000007 4100358.2539325277 57.500000000000007 32.500000000000007 2713952.6178571433 11.500000000000002
decision_type=2 2 2 2 2 2 2 2 2 2 2 2 2 2 2 2 2 2 2 2 2 2 2 2 2 2 2 2 2 2
left_child=1 2 3 4 5 7 -7 10 9 -9 11 12 -1 -12 15 -15 18 -18 29 20 -19 24 -23 -17 25 -21 -27 -26 -29 -16
right_child=-2 -3 -4 -5 -6 6 -8 8 -10 -11 13 -13 -14 14 16 23 17 19 -20 21 -22 22 -24 -25 27 26 -28 28 -30 -31
leaf_value=-447.80851569898209 7867.737036132813 -5001.3591186523445 1649.2781127929688 -1331.6451859085648 1129.1958190917969 -2688.4964666748051 73.721275656563904 488.1556158156622 69.152187377040818 1914.7251354980469 680.23820667266853 1076.8540695190429 544.12854811629734 -1223.4625488281251 198.59754753516631 828.16488698959347 -920.29866333007817 -50.92121236891974 664.73444477003454 -2.5886219342549643 -1012.9745786132813 196.97197161852304 1426.0662908380682 -195.68302645509263 -663.23882017869221 -2003.1726977539065 -104.7777579897926 1031.4904561536066 12.757288105710806 -265.66652559552875
leaf_weight=33 21 20 22 27 20 20 28 21 103 20 32 32 37 26 307 20 57 84 98 48 50 177 22 411 39 20 21 29 834 119
leaf_count=33 21 20 22 27 20 20 28 21 103 20 32 32 37 26 307 20 57 84 98 48 50 177 22 411 39 20 21 29 834 119
internal_value=29.8903 -29.3804 6.68764 -6.52516 6.6869 -1.6651 -1077.2 17.8901 386.586 1184.04 -3.38081 390.337 76.5011 -20.1558 -29.6446 -209.349 13.4656 -49.8531 180.342 -12.3793 -409.896 32.3831 332.852 -148.173 -27.9531 -476.27 -1030.82 16.2821 46.9905 68.9088
internal_weight=2798 2777 2757 2735 2708 2688 48 2640 144 41 2496 102 70 2394 2362 457 1905 1381 524 1324 134 1190 199 431 991 89 41 902 863 426
internal_count=2798 2777 2757 2735 2708 2688 48 2640 144 41 2496 102 70 2394 2362 457 1905 1381 524 1324 134 1190 199 431 991 89 41 902 863 426
is_linear=0
shrinkage=0.05


Tree=195
num_leaves=31
num_cat=0
split_feature=21 28 11 36 24 33 45 3 123 79 16 11 22 76 82 6 97 106 19 30 52 48 18 9 65 19 41 16 21 109
split_gain=6.45376e+11 6.76245e+11 4.58338e+10 5.81672e+10 2.30276e+10 2.98786e+10 2.39282e+10 7.79052e+09 8.91593e+09 1.00221e+10 7.11008e+09 7.00569e+09 6.32453e+09 9.60585e+09 1.279e+10 8.22566e+09 7.84854e+09 6.08351e+09 6.07894e+09 5.93194e+09 1.32049e+10 1.20233e+10 1.12494e+10 7.27437e+09 6.66248e+09 6.27561e+09 1.21904e+10 8.31313e+09 5.89717e+09 7.85385e+09
threshold=45.500000000000007 123.50000000000001 1558803.1450000003 29.500000000000004 261.50000000000006 255.50000000000003 92.500000000000014 194.00000000000003 244.50000000000003 5419809.915000001 31767.748721006661 988635.93500000017 13.500000000000002 4428212.8150000004 918544.19743952632 2.2655750007686843 2834745.4356438359 -5290709.7349999994 27421.687943121859 5.5000000000000009 24434.824377626053 0.046796068184646017 20006.612666736713 610.76500000000021 -0.99939814596352028 23760.135351940455 18.500000000000004 27988.830776224877 7.5000000000000009 109.50000000000001
decision_type=2 2 2 2 2 2 2 2 2 2 2 2 2 2 2 2 2 2 2 2 2 2 2 2 2 2 2 2 2 2
left_child=1 2 3 4 5 6 7 8 10 -10 11 12 13 14 15 -1 -14 -18 -12 24 21 -21 23 -23 -19 27 28 -26 -27 -30
right_child=-2 -3 -4 -5 -6 -7 -8 -9 9 -11 18 -13 16 -15 -16 -17 17 19 -20 20 -22 22 -24 -25 25 26 -28 -29 29 -31
leaf_value=425.42622985839847 8529.5011768687855 -9229.0235476684575 2271.9096047141334 -2328.6474772135421 1653.0290387834823 -1844.1882193825463 1344.0357923103102 -927.04515460470452 17.701471567153931 1339.3069885547345 1092.3577548980713 625.56894657135012 823.63372124565979 387.64262433733262 -1655.7312260945637 -783.56842130773214 -880.97703101748527 908.31780370831495 100.16639183445982 176.25023229599 123.62980024467396 -1374.258690185547 -1958.9333584872159 -172.52009069779342 7.6794533308846002 -313.41663345683708 -1188.2321157147808 944.48304951985688 971.34954849243172 -258.52608896891275
leaf_weight=24 22 20 22 27 21 22 33 23 32 26 26 40 27 28 24 34 21 20 38 30 103 20 22 34 1784 110 31 24 25 27
leaf_count=24 22 20 22 27 21 22 33 23 32 26 26 40 27 28 24 34 21 20 38 30 103 20 22 34 1784 110 31 24 25 27
internal_value=0.179575 -68.8583 -0.954974 -19.6407 3.8939 -9.28412 6.20625 -10.9521 -2.68928 610.145 -16.9527 -30.6646 -41.6568 -411.951 -684.983 -283.295 -23.776 -33.9404 503.244 -25.9639 -279.55 -671.32 -1005.89 -617.608 0.260566 -8.81547 -279.832 20.1149 -106.002 332.76
internal_weight=2740 2718 2698 2676 2649 2628 2606 2573 2550 58 2492 2428 2388 110 82 58 2278 2251 64 2230 209 106 76 54 2021 2001 193 1808 162 52
internal_count=2740 2718 2698 2676 2649 2628 2606 2573 2550 58 2492 2428 2388 110 82 58 2278 2251 64 2230 209 106 76 54 2021 2001 193 1808 162 52
is_linear=0
shrinkage=0.05


Tree=196
num_leaves=31
num_cat=0
split_feature=21 28 11 36 24 27 14 17 39 107 27 122 48 80 17 13 28 76 16 7 19 109 16 28 11 102 91 26 17 116
split_gain=5.82452e+11 6.10311e+11 4.1365e+10 5.24959e+10 2.07824e+10 2.30401e+10 2.49712e+10 8.57976e+09 8.03613e+09 6.82263e+09 8.88579e+09 8.86359e+09 8.81323e+09 1.38198e+10 7.16295e+09 1.96062e+10 1.88252e+10 1.26003e+10 7.06618e+09 7.23696e+09 5.74531e+09 1.35487e+10 1.0733e+10 6.39894e+09 7.63313e+09 9.90203e+09 8.48035e+09 7.25716e+09 6.67773e+09 8.43545e+09
threshold=45.500000000000007 123.50000000000001 1558803.1450000003 29.500000000000004 261.50000000000006 149.50000000000003 9833263.2000000011 7864758.7286813147 64.500000000000014 249.50000000000003 79.500000000000014 82.162139900140062 0.060996279454319978 5758360.0650000004 4692407.2724734219 142.83614863769768 37.500000000000007 3909224.1550000007 31767.748721006661 7689.5885988921482 18984.307479499654 298.50000000000006 21861.302867394199 14.500000000000002 470836.1700000001 2717744.1428510598 1166985.5200000003 27.500000000000004 2587437.9975560401 81.500000000000014
decision_type=2 2 2 2 2 2 2 2 2 2 2 2 2 2 2 2 2 2 2 2 2 2 2 2 2 2 2 2 2 2
left_child=1 2 3 4 5 6 7 9 -8 10 14 -11 13 -13 18 17 -17 -16 19 20 22 23 -1 28 25 26 -25 -28 29 -22
right_child=-2 -3 -4 -5 -6 -7 8 -9 -10 11 -12 12 -14 -15 15 16 -18 -19 -20 -21 21 -23 -24 24 -26 -27 27 -29 -30 -31
leaf_value=-34.661574143039836 8103.0261285955266 -8767.5724334716797 2158.3141290838071 -2212.2150553385418 1570.3776018415181 -1519.4786376953125 555.55040199973371 -975.50031300420346 1940.365777435303 342.63229779304191 -442.92750140428547 14.51549249464466 323.99129482362332 -1646.7204241071429 -1194.4850230823865 1998.5109755622016 192.61971159904235 217.73351124354772 478.08192520141603 -1002.2668090820313 -20.15081786325533 -1221.6664347330729 446.8560553414481 -1370.196196266457 294.35486949133497 -67.813129736858869 -653.13780106366698 8.100571262836457 315.62391560285874 -947.10750456589926
leaf_weight=544 22 20 22 27 21 25 22 23 20 267 128 31 41 21 22 27 31 56 64 20 438 27 147 27 63 230 118 64 146 26
leaf_count=544 22 20 22 27 21 25 22 23 20 267 128 31 41 21 22 27 31 56 64 20 438 27 147 27 63 230 118 64 146 26
internal_value=0.170596 -65.4154 -0.907225 -18.6587 3.69921 -8.81991 5.68891 -14.1434 1214.99 -5.43132 -38.7603 196.209 -224.167 -656.368 -13.5245 337.099 1033.29 -180.585 -38.4382 -56.307 -45.9686 -114.973 67.7742 -88.1021 -220.318 -294.178 -543.288 -420.614 20.7053 -72.0924
internal_weight=2740 2718 2698 2676 2649 2628 2603 2561 42 2538 2178 360 93 52 2050 136 58 78 1914 1850 1830 1139 691 1112 502 439 209 182 610 464
internal_count=2740 2718 2698 2676 2649 2628 2603 2561 42 2538 2178 360 93 52 2050 136 58 78 1914 1850 1830 1139 691 1112 502 439 209 182 610 464
is_linear=0
shrinkage=0.05


Tree=197
num_leaves=31
num_cat=0
split_feature=39 2 39 21 40 33 118 82 48 40 23 98 21 29 57 104 45 22 50 58 79 99 11 121 14 23 86 116 29 22
split_gain=5.42311e+11 4.60696e+11 4.83157e+10 4.4058e+10 2.14697e+10 3.19261e+10 6.80178e+09 1.2365e+10 1.10865e+10 1.37719e+10 9.32234e+09 1.27129e+10 1.16379e+10 9.14535e+09 8.72899e+09 9.13701e+09 7.27429e+09 8.33746e+09 8.27663e+09 8.52714e+09 8.20389e+09 8.17633e+09 9.37289e+09 7.83848e+09 8.10872e+09 7.27251e+09 9.17073e+09 7.39412e+09 7.07296e+09 7.05862e+09
threshold=102.00000000000001 553.50000000000011 90.500000000000014 43.500000000000007 47.500000000000007 229.50000000000003 250.50000000000003 1874569.7426000519 0.066767983789260396 28.500000000000004 143.50000000000003 3169136.2423748826 11.500000000000002 19.500000000000004 1.0000000180025095e-35 -219656.96499999994 39.500000000000007 94.500000000000014 1.1780497280497284 333.50000000000006 5501873.9650000008 1176694.6200000003 101612.79000000002 141.07142857142858 1340033.4800000002 51.500000000000007 2858930.7402030239 62.500000000000007 4.5000000000000009 29.500000000000004
decision_type=2 2 2 2 2 2 2 2 2 2 2 2 2 2 2 2 2 2 2 2 2 2 2 2 2 2 2 2 2 2
left_child=1 2 3 4 5 6 10 13 9 -9 12 -12 16 14 -8 -16 23 20 -19 -20 21 22 -18 -1 -25 28 27 -27 -26 -29
right_child=-2 -3 -4 -5 -6 -7 7 8 -10 -11 11 -13 -14 -15 15 -17 17 18 19 -21 -22 -23 -24 24 25 26 -28 29 -30 -31
leaf_value=-12.44527117741927 8203.459345703126 -7266.2914983575993 2447.0103149414062 -2357.654780883789 1590.3044468470982 -1911.5314178466797 -684.09611312202787 -27.34085973103841 543.94641785160184 -1354.2232156464549 -218.59285443434075 -1511.4797148204987 314.67328054895665 1049.4419254954269 1136.3076061617944 214.98829623203653 560.8886742001489 -461.57804830670358 1198.3418452453614 -38.316220291801123 18.885385686700996 79.519798583984382 2054.7565226236979 -1247.3891526794434 -336.96031293367088 -961.59697321111514 264.22141912286935 373.01287803649905 560.46513097469631 -429.99587231186962
leaf_weight=1048 20 22 20 20 21 22 23 48 31 33 201 21 257 41 31 204 21 64 20 46 44 20 21 20 38 55 55 32 52 189
leaf_count=1048 20 22 20 20 21 22 23 48 31 33 201 21 257 41 31 204 21 64 20 46 44 20 21 20 38 55 55 32 52 189
internal_value=0.162063 -60.1563 -1.39612 -19.6815 -2.08948 -14.7707 1.18679 187.924 -260.173 -567.923 -33.6358 -340.893 0.779533 355.773 245.539 336.524 -45.9861 211.92 -56.4362 336.429 541.037 911.596 1307.82 -86.8631 -263.711 -216.98 -325.343 -442.828 181.552 -313.723
internal_weight=2740 2720 2698 2678 2658 2637 2615 411 112 81 2204 222 1982 299 258 235 1725 236 130 66 106 62 42 1489 441 421 331 276 90 221
internal_count=2740 2720 2698 2678 2658 2637 2615 411 112 81 2204 222 1982 299 258 235 1725 236 130 66 106 62 42 1489 441 421 331 276 90 221
is_linear=0
shrinkage=0.05


Tree=198
num_leaves=31
num_cat=0
split_feature=21 28 44 11 118 118 80 14 78 42 19 47 79 118 57 28 47 15 17 87 10 21 32 75 106 20 27 37 80 19
split_gain=5.35018e+11 5.36568e+11 3.5302e+10 3.92336e+10 2.34994e+10 2.46826e+10 1.48821e+10 1.38727e+10 6.33982e+09 2.05092e+10 1.55226e+10 9.74395e+09 8.73403e+09 9.52006e+09 7.59864e+09 7.20184e+09 1.43052e+10 1.16484e+10 1.01806e+10 1.00052e+10 1.22205e+10 9.78527e+09 8.65135e+09 8.19032e+09 7.95913e+09 7.49341e+09 7.43407e+09 7.25192e+09 7.14189e+09 6.72952e+09
threshold=45.500000000000007 123.50000000000001 66.500000000000014 1162974.2950000002 523.50000000000011 438.50000000000006 10568909.820000002 9833263.2000000011 3923833.5200000005 98.500000000000014 16593.884410201299 0.75570350451075663 4849588.9600000009 150.50000000000003 2.5000000000000004 14.500000000000002 0.29200310057489831 18664.047024810727 2587437.9975560401 2085554.2850000004 12958.845000000003 11.500000000000002 8.5000000000000018 4221336.9250000017 -705112.24999999988 2.5000000000000004 24.500000000000004 13.500000000000002 5647231.5650000004 22814.2635896342
decision_type=2 2 2 2 2 2 2 2 2 2 2 2 2 2 2 2 2 2 2 2 2 2 2 2 2 2 2 2 2 2
left_child=1 2 3 4 5 6 7 8 9 15 -10 12 13 14 -12 18 -17 24 19 22 -21 -19 -1 -20 -18 26 27 -24 -15 -14
right_child=-2 -3 -4 -5 -6 -7 -8 -9 10 -11 11 -13 29 28 -16 16 17 21 23 20 -22 -23 25 -25 -26 -27 -28 -29 -30 -31
leaf_value=978.55792209791116 7766.06222672896 -8222.2087841796874 -2044.2541631789436 1608.9534286499024 -1675.0874430338545 1430.1354549153648 -1007.9115115603886 1053.3740321005544 693.64177011530455 -1332.1913431167604 582.1610740252903 -94.543588064329541 155.0326548989614 1545.3486219208817 -280.04974014606881 -1174.0588940429686 189.68265396118164 -139.8168558397322 261.04183069417172 -1627.5336102294923 -226.10182342529299 476.37846862792969 -294.27187695821129 1341.7755453491211 -959.70204672891578 152.04029466682505 -835.61076454162594 313.36198987568901 503.45572590075045 -561.01592145647317
leaf_weight=23 22 20 21 38 21 30 37 31 94 32 56 646 150 29 47 35 20 331 142 20 70 80 150 20 61 321 40 73 38 42
leaf_count=23 22 20 21 38 21 30 37 31 94 32 56 646 150 29 47 35 20 331 142 20 70 80 150 20 61 321 40 73 38 42
internal_value=0.153965 -62.7047 -2.21917 13.7998 -9.16947 4.19351 -12.336 2.10399 -10.8283 -80.7418 79.1329 21.8276 229.495 490.501 188.725 -51.8483 -197.361 -127.881 37.4245 -45.5607 -537.531 -19.8762 27.3838 394.466 -675.903 -10.0768 -207.946 -95.3603 954.424 -1.60297
internal_weight=2740 2718 2698 2677 2639 2618 2588 2551 2520 1418 1102 1008 362 170 103 1386 527 492 859 697 90 411 607 162 81 584 263 223 67 192
internal_count=2740 2718 2698 2677 2639 2618 2588 2551 2520 1418 1102 1008 362 170 103 1386 527 492 859 697 90 411 607 162 81 584 263 223 67 192
is_linear=0
shrinkage=0.05


Tree=199
num_leaves=31
num_cat=0
split_feature=39 23 11 27 39 21 80 14 107 23 70 52 84 19 12 101 32 20 13 56 8 12 26 52 18 18 63 116 9 109
split_gain=5.03475e+11 3.32958e+11 3.13011e+10 4.6392e+10 3.05828e+10 1.65743e+10 8.0657e+09 8.9943e+09 8.47883e+09 6.35897e+09 5.99009e+09 4.95729e+09 1.86421e+10 8.04848e+09 2.1341e+10 7.23918e+09 7.65657e+09 7.88597e+09 6.82101e+09 6.17376e+09 1.49842e+10 6.65496e+09 1.14995e+10 6.88823e+09 8.90754e+09 8.14438e+09 1.37481e+10 7.88688e+09 6.83532e+09 6.08808e+09
threshold=102.00000000000001 373.50000000000006 1558803.1450000003 148.50000000000003 72.500000000000014 35.500000000000007 10568909.820000002 9833263.2000000011 440.50000000000006 233.50000000000003 1.0000000180025095e-35 16747.812379411767 5506705.5850000009 17812.165260364305 2632.7626245296201 3946318.3287250944 8.5000000000000018 2.5000000000000004 2106.0707610456102 2.5000000000000004 3734.8932932072125 142.49452654625071 51.500000000000007 27390.821813131319 20285.002323012846 18234.020171540717 0.6078576107927941 63.500000000000007 679.49000000000012 226.50000000000003
decision_type=2 2 2 2 2 2 2 2 2 2 2 2 2 2 2 2 2 2 2 2 2 2 2 2 2 2 2 2 2 2
left_child=1 2 3 4 5 6 7 8 9 10 11 12 -1 14 18 -15 -17 -18 -13 20 -19 23 29 25 -25 28 27 -27 -21 -23
right_child=-2 -3 -4 -5 -6 -7 -8 -9 -10 -11 -12 13 -14 15 -16 16 17 19 -20 21 -22 22 -24 24 -26 26 -28 -29 -30 -31
leaf_value=-62.937929596939711 7904.2562841796871 -6329.4863060360867 1913.6690295991446 -1887.3792957652699 1814.2898405655571 -1450.8025549316408 -729.02159809313332 948.55348901367188 996.03099307105663 -776.0350377965857 836.33045218331483 172.37248177766173 -1345.8496838569642 -831.42594833374028 1625.0346503906251 927.92617129371286 -229.55466101072273 -1539.3576814197359 -680.18756396484378 -469.86298398971559 190.45297892170569 219.13215357156901 1358.8272698974611 745.01543782552085 -13.889836790527406 -1077.7011270274286 -1521.327526637486 -20.957943645276522 469.68506312467616 -224.48878234863284
leaf_weight=246 20 21 21 33 23 20 38 25 21 27 21 381 32 28 25 21 392 21 25 32 31 416 20 42 487 23 28 76 49 95
leaf_count=246 20 21 21 33 23 20 38 25 21 27 21 381 32 28 25 21 392 21 25 32 31 416 20 42 487 23 28 76 49 95
internal_value=0.146262 -57.9722 -9.17568 -24.254 -1.00896 -16.9326 -5.91134 4.80558 -4.48693 -12.8312 -4.55882 -11.7081 -210.611 13.5178 207.181 -33.8808 -20.9949 -32.6347 119.875 25.8445 -508.124 47.7423 182.691 -49.4869 46.3635 -293.26 -543.127 -266.464 98.5056 136.659
internal_weight=2740 2720 2699 2678 2645 2622 2602 2564 2539 2518 2491 2470 278 2192 431 1761 1733 1712 406 1320 52 1268 531 737 529 208 127 99 81 511
internal_count=2740 2720 2699 2678 2645 2622 2602 2564 2539 2518 2491 2470 278 2192 431 1761 1733 1712 406 1320 52 1268 531 737 529 208 127 99 81 511
is_linear=0
shrinkage=0.05


Tree=200
num_leaves=31
num_cat=0
split_feature=40 110 35 23 41 43 34 34 19 109 77 106 3 109 103 58 58 105 89 105 51 18 6 21 34 64 82 108 57 78
split_gain=1.87983e+11 2.38082e+11 1.53883e+11 4.34911e+10 1.52463e+10 1.14323e+10 9.66636e+09 8.383e+09 6.10361e+09 1.18158e+10 8.99162e+09 8.47248e+09 1.79663e+10 1.48195e+10 1.35963e+10 8.21146e+09 1.56902e+10 1.05058e+10 1.5079e+10 7.79701e+09 9.5564e+09 1.06424e+10 9.87198e+09 1.02292e+10 8.79036e+09 8.70869e+09 9.82077e+09 8.66522e+09 7.44484e+09 7.16846e+09
threshold=51.500000000000007 344.4285714285715 60.500000000000007 301.50000000000006 62.500000000000007 104.50000000000001 117.50000000000001 110.50000000000001 19364.04800492217 411.50000000000006 6927048.4250000007 -527066.09999999998 34.500000000000007 66.500000000000014 -687883.9099999998 232.50000000000003 252.50000000000003 -1471101.1100000001 4625334.0426785722 -2447309.2549999994 27518.977513112117 20332.183219625247 2.3034660117358929 23.500000000000004 65.500000000000014 -0.56174490092936669 608327.13402236404 239.50000000000003 5.5000000000000009 3515052.52
decision_type=2 2 2 2 2 2 2 2 2 2 2 2 2 2 2 2 2 2 2 2 2 2 2 2 2 2 2 2 2 2
left_child=2 -2 3 4 5 6 7 8 19 10 11 13 -13 14 -10 17 -17 18 -15 24 22 29 23 25 -1 26 -21 -26 -19 -22
right_child=1 -3 -4 -5 -6 -7 -8 -9 9 -11 -12 12 -14 15 -16 16 -18 28 -20 20 21 -23 -24 -25 27 -27 -28 -29 -30 -31
leaf_value=67.6215520252901 -7313.4887060546871 401.46528808593752 3752.6182544849539 -2075.9125550783597 1320.8464518229166 -1193.6863769531251 918.77017189308447 -943.36096166992195 -1990.3578226995469 -1217.9142692130545 -453.69658542930659 1544.026492919922 26.438793743143279 -1740.5116614708536 -423.54857557508677 1155.7934110753677 -92.437547459553201 25.38020196353688 -20.683795654296876 -568.82416539047699 406.69427215576172 130.25735502736322 150.43194929212746 -1197.0236577351889 1371.4439939662388 -270.8804061973488 413.61464895987297 191.34860730852401 -915.35726165771484 1745.3932730102542
leaf_weight=85 20 20 27 26 21 21 27 25 20 23 141 20 784 26 45 34 97 170 25 33 20 116 361 24 35 364 111 28 24 20
leaf_count=85 20 20 27 26 21 21 27 25 20 23 141 20 784 26 45 34 97 170 25 33 20 116 361 24 35 364 111 28 24 20
internal_value=-52.9757 -3456.01 -3.53091 -40.7341 -21.1361 -31.6556 -22.4748 -32.1341 -23.3924 -93.9215 -75.2694 -32.4113 64.1897 -208.528 -905.644 -88.0154 231.531 -258.875 -897.459 59.628 11.6955 372.767 -51.3808 -188.325 399.366 -140.67 188.472 846.957 -90.9997 1076.04
internal_weight=2793 40 2753 2726 2700 2679 2658 2631 2606 1409 1386 1245 804 441 65 376 131 245 51 1197 1049 156 893 532 148 508 144 63 194 40
internal_count=2793 40 2753 2726 2700 2679 2658 2631 2606 1409 1386 1245 804 441 65 376 131 245 51 1197 1049 156 893 532 148 508 144 63 194 40
is_linear=0
shrinkage=0.05


Tree=201
num_leaves=31
num_cat=0
split_feature=40 79 33 23 41 1 25 43 30 39 43 103 39 64 103 111 6 79 5 28 92 114 12 25 39 34 19 16 18 18
split_gain=1.69654e+11 2.31911e+11 1.02906e+11 3.0078e+10 1.02995e+10 1.29492e+10 2.98051e+10 6.19455e+09 6.20861e+09 1.04625e+10 8.57374e+09 7.9781e+09 5.86384e+09 9.4018e+09 8.75573e+09 8.69947e+09 8.86244e+09 6.42977e+09 6.17298e+09 6.13342e+09 1.09243e+10 1.04921e+10 9.88764e+09 9.24767e+09 7.90586e+09 6.66861e+09 6.4554e+09 1.05707e+10 7.61684e+09 1.07925e+10
threshold=51.500000000000007 3225149.7200000002 265.50000000000006 301.50000000000006 57.500000000000007 366.50000000000006 11.500000000000002 89.500000000000014 6.5000000000000009 45.500000000000007 51.500000000000007 868580.94499999995 43.500000000000007 -0.56174490092936669 -281744.2950000001 56.201804260884437 2.2494999524385508 5690515.9350000015 4.50426595094702 14.500000000000002 5135816.9800000014 98.571428571428584 3875.7436087369424 6.5000000000000009 18.500000000000004 21.500000000000004 19267.857809004774 22623.937231624634 20801.252330290885 19125.664682503877
decision_type=2 2 2 2 2 2 2 2 2 2 2 2 2 2 2 2 2 2 2 2 2 2 2 2 2 2 2 2 2 2
left_child=2 -2 3 4 5 7 -7 8 12 10 -10 -11 19 18 -15 16 -16 -18 -14 23 21 24 26 -1 -21 -25 27 28 29 -22
right_child=1 -3 -4 -5 -6 6 -8 -9 9 11 -12 -13 13 14 15 -17 17 -19 -20 20 22 -23 -24 25 -26 -27 -28 -29 -30 -31
leaf_value=16.249398832409021 523.94710205078127 -7090.3693212890621 2690.5224783761164 -1800.276356760661 817.70502454969619 421.59754101983435 -1775.5309222597066 782.89520772298181 -505.44709624742211 -1441.9940958658854 579.20592439379004 -171.31928271339052 197.36496524810792 -704.96710353042147 785.17703574851703 1066.4269179344178 -670.60957457076677 265.41899671554569 1134.3645949143629 -789.18290396967245 -155.4424516844002 -1475.2294361255788 625.51119272660242 -140.45798368908112 434.29670808211614 921.29219848632829 -224.66821479870023 642.4729812371927 -661.21693900088053 409.2308539581299
leaf_weight=977 20 20 35 24 36 29 33 24 38 30 35 21 32 33 27 24 43 32 39 31 287 27 49 21 23 50 525 61 47 120
leaf_count=977 20 20 35 24 36 29 33 24 38 30 35 21 32 33 27 24 43 32 39 31 287 27 49 21 23 50 525 61 47 120
internal_value=-50.3269 -3283.21 -3.35436 -38.0437 -22.3445 -33.7222 -747.842 -16.6669 -24.1279 -369.293 14.592 -918.775 -6.64402 233.666 20.046 209.93 8.40173 -271.237 712.055 -31.5635 -110.255 -670.457 -68.5871 56.2888 -268.071 607.253 -101.29 24.4842 -58.5495 11.046
internal_weight=2793 40 2753 2718 2694 2658 62 2596 2572 124 73 51 2448 230 159 126 102 75 71 2218 1170 81 1089 1048 54 71 1040 515 454 407
internal_count=2793 40 2753 2718 2694 2658 62 2596 2572 124 73 51 2448 230 159 126 102 75 71 2218 1170 81 1089 1048 54 71 1040 515 454 407
is_linear=0
shrinkage=0.05


Tree=202
num_leaves=31
num_cat=0
split_feature=40 48 35 21 17 41 43 43 80 105 8 58 6 121 16 53 17 0 11 19 16 16 64 103 16 123 109 113 110 8
split_gain=1.53113e+11 2.20698e+11 1.31989e+11 3.55033e+10 9.97555e+09 1.04421e+10 9.85245e+09 8.64438e+09 9.03506e+09 6.34175e+09 7.0495e+09 1.30241e+10 1.21158e+10 6.0901e+09 5.82858e+09 8.44738e+09 1.01319e+10 7.93337e+09 6.15673e+09 6.37657e+09 2.90724e+10 1.48881e+10 7.67333e+09 7.45132e+09 6.88181e+09 1.09848e+10 6.76988e+09 9.0766e+09 5.96722e+09 5.92243e+09
threshold=51.500000000000007 0.055132584529874948 60.500000000000007 39.500000000000007 9522891.6925473548 61.500000000000007 104.50000000000001 91.500000000000014 6256390.3850000007 -5310430.8499999996 2394.7956108174444 233.50000000000003 2.2621560661614537 180.28571428571431 14866.409802353128 0.21951217970947859 4424933.408982194 34.500000000000007 57400.950000000004 18830.559939013219 22003.185000597281 21376.361765336183 -0.56174490092936669 1183431.9250000005 23787.729140307605 103.50000000000001 293.50000000000006 374.50000000000006 312.64285714285717 3233.6958527738825
decision_type=2 2 2 2 2 2 2 2 2 2 2 2 2 2 2 2 2 2 2 2 2 2 2 2 2 2 2 2 2 2
left_child=2 -2 3 4 5 6 7 9 -9 -1 11 12 -11 -14 15 -12 29 -16 19 21 -21 22 -19 28 -22 -26 27 -23 -24 -17
right_child=1 -3 -4 -5 -6 -7 -8 8 -10 10 14 -13 13 -15 17 16 -18 18 -20 20 24 26 23 -25 25 -27 -28 -29 -30 -31
leaf_value=-748.5755685424806 -6833.0265698242192 594.92562133789068 3475.5109261971938 -2085.5727861676896 -1134.2732568359377 1071.3843927556818 -1127.9981750488282 -35.572069480202416 1397.4051381197844 -955.95210626775577 -1265.0132138061524 1245.7094686200544 1021.4944361368815 -130.2183260830966 956.5188034784228 -162.63827853020823 850.80827665783113 286.95359553168799 94.387693893215484 -1746.1433227539064 -325.89500319793933 389.0983230537243 -490.79618064720592 605.04848266601573 -142.57362656963974 334.09309201181674 1037.1823851554625 -502.46066921458527 416.95249633789064 -903.24367532169128
leaf_weight=30 20 20 27 21 20 22 20 22 22 22 20 31 24 22 21 131 21 68 773 28 262 178 191 20 476 162 31 34 20 34
leaf_count=30 20 20 27 21 20 22 20 22 22 22 20 31 24 22 21 131 21 68 773 28 262 178 191 20 476 162 31 34 20 34
internal_value=-47.8105 -3119.05 -3.18664 -37.6418 -21.7429 -13.4559 -22.4182 -14.0521 680.917 -25.8176 -17.3775 396.334 9.11937 470.675 -33.9594 -288.588 -183.596 -10.7909 -19.8473 -79.9178 -159.503 56.3455 -179.897 -317.325 -110.141 -21.5391 347.031 246.112 -404.754 -315.248
internal_weight=2793 40 2753 2726 2705 2685 2663 2643 44 2599 2569 99 68 46 2470 206 186 2264 2243 1470 928 542 299 231 900 638 243 212 211 165
internal_count=2793 40 2753 2726 2705 2685 2663 2643 44 2599 2569 99 68 46 2470 206 186 2264 2243 1470 928 542 299 231 900 638 243 212 211 165
is_linear=0
shrinkage=0.05


Tree=203
num_leaves=31
num_cat=0
split_feature=103 111 33 33 23 41 23 20 80 19 16 106 3 120 120 79 110 105 35 66 66 30 108 106 23 7 0 34 3 110
split_gain=1.49429e+11 1.0334e+11 1.38984e+11 7.42805e+10 2.35056e+10 8.18021e+09 8.33847e+09 1.87706e+10 6.33374e+09 5.27874e+09 1.04221e+10 9.55117e+09 1.6601e+10 1.11419e+10 1.16111e+10 9.00276e+09 8.51378e+09 9.90418e+09 8.05807e+09 7.98815e+09 8.38942e+09 7.46064e+09 1.05168e+10 7.34806e+09 1.01819e+10 8.43521e+09 8.24209e+09 7.23244e+09 8.21819e+09 6.81266e+09
threshold=4254121.4100000011 205.27733229928739 299.50000000000006 265.50000000000006 300.00000000000006 57.500000000000007 233.50000000000003 13.500000000000002 8351668.6000000006 19364.04800492217 22623.937231624634 -527066.09999999998 34.500000000000007 48.500000000000007 302.50000000000006 4895976.1750000007 370.57142857142861 -2447309.2549999994 12.500000000000002 -0.82389248692129191 -0.93533330245768853 5.5000000000000009 222.50000000000003 -3151233.4049999989 77.500000000000014 5454.7448571428586 163.50000000000003 65.500000000000014 151.50000000000003 225.07142857142858
decision_type=2 2 2 2 2 2 2 2 2 2 2 2 2 2 2 2 2 2 2 2 2 2 2 2 2 2 2 2 2 2
left_child=1 2 3 4 5 6 9 8 -8 10 16 13 -13 -11 15 19 17 27 -17 20 -15 -19 29 -21 -25 -26 -27 -1 -29 -23
right_child=-2 -3 -4 -5 -6 -7 7 -9 -10 11 -12 12 -14 14 -16 18 -18 21 -20 23 -22 22 -24 24 25 26 -28 28 -30 -31
leaf_value=60.856584693290102 -4058.9582540760875 3482.0604922340035 -4090.8581194196431 2601.9560251306607 -1559.72255078125 718.86818657952392 -450.31264237623947 -1546.2584994612071 717.17605917794367 -1175.1242811633695 455.63972261789689 1441.1391235351564 -15.815565737015611 -317.94118232727055 -1316.7851848255505 -382.0310118825812 731.59651015844111 -34.239423300891616 493.83350011488977 614.37216887297461 -1586.3129472212358 -516.8063722822402 245.22379573953563 -37.835745669873944 -1624.418181152344 -913.7916608810425 380.10759593963621 1398.4435713143184 186.25205251905655 -1667.7552813720704
leaf_weight=74 23 21 21 27 25 37 26 29 21 31 148 20 872 32 22 38 39 777 85 27 22 36 29 163 20 32 20 29 27 20
leaf_count=74 23 21 21 27 25 37 26 29 21 31 148 20 872 32 22 38 39 777 85 27 22 36 29 163 20 32 20 29 27 20
internal_value=-45.42 -12.0946 -38.787 -7.59432 -33.6802 -19.4234 -29.7746 -545.907 71.3312 -14.4699 63.2751 -80.6991 16.8516 -257.559 -195.858 -139.683 6.95116 -21.5379 223.241 -280.948 -834.685 -82.8917 -527.631 -166.82 -256.573 -751.771 -416.138 385.285 813.994 -927.86
internal_weight=2793 2770 2749 2728 2701 2676 2639 76 47 2563 1179 1384 892 492 461 439 1031 992 123 316 54 862 85 262 235 72 52 130 56 56
internal_count=2793 2770 2749 2728 2701 2676 2639 76 47 2563 1179 1384 892 492 461 439 1031 992 123 316 54 862 85 262 235 72 52 130 56 56
is_linear=0
shrinkage=0.05


Tree=204
num_leaves=31
num_cat=0
split_feature=103 36 27 27 17 4 35 43 30 101 14 17 105 8 58 23 23 1 41 6 16 0 12 6 21 25 37 105 23 0
split_gain=1.34859e+11 1.7144e+11 1.35473e+11 2.54793e+10 1.435e+10 1.0087e+10 9.36379e+09 4.79494e+09 6.85965e+09 1.02895e+10 8.04025e+09 6.89936e+09 6.40165e+09 8.39964e+09 1.13957e+10 8.10437e+09 1.35234e+10 9.39201e+09 7.13188e+09 6.7919e+09 6.45503e+09 6.65009e+09 5.94897e+09 6.9308e+09 1.12e+10 1.0149e+10 6.63888e+09 9.78639e+09 6.34599e+09 1.98757e+10
threshold=4254121.4100000011 33.500000000000007 176.00000000000003 155.50000000000003 9150342.0772241913 2051.5000000000005 43.500000000000007 91.500000000000014 7.5000000000000009 4732529.5252798144 9581969.9700000007 7059132.1781536629 -5310430.8499999996 2394.7956108174444 233.50000000000003 196.50000000000003 204.50000000000003 288.50000000000006 43.500000000000007 2.2621560661614537 14866.409802353128 34.500000000000007 2369.9451736111118 2.248832318953069 7.5000000000000009 4.5000000000000009 37.500000000000007 -1866417.9749999996 93.500000000000014 171.50000000000003
decision_type=2 2 2 2 2 2 2 2 2 2 2 2 2 2 2 2 2 2 2 2 2 2 2 2 2 2 2 2 2 2
left_child=1 2 3 4 5 6 7 8 10 -10 11 12 -1 14 19 17 -17 18 20 -14 -15 -22 26 24 25 -24 28 -28 -23 -30
right_child=-2 -3 -4 -5 -6 -7 -8 -9 9 -11 -12 -13 13 15 -16 16 -18 -19 -20 -21 21 22 23 -25 -26 -27 27 -29 29 -31
leaf_value=-805.4228442382813 -3856.0103929602587 4287.3560058593748 -3955.3481939142403 1718.9647821335566 -1198.3966724102315 981.58396209716796 -806.71761073062305 592.13886632919309 24.238956832885744 -1253.7488394601005 987.82258758544924 -759.9747286888861 -635.89303850446436 -318.56040299165187 1310.6609382629395 1539.5966807972302 -92.488053385416663 -823.39415068755284 745.50203491210948 474.53599029541022 879.70103120349711 -28.531813351249117 479.13188646634421 6.732405394995773 885.33589322771354 -670.42563037872321 1266.5172946166995 94.987441043155954 -980.65403340657565 -94.194006534393679
leaf_weight=25 23 23 22 21 26 25 38 32 36 28 20 31 21 179 28 22 30 37 30 40 21 991 48 298 70 32 20 164 78 334
leaf_count=25 23 23 22 21 26 25 38 32 36 28 20 31 21 179 28 22 30 37 30 40 21 991 48 298 70 32 20 164 78 334
internal_value=-43.149 -11.4899 -47.4831 -15.9334 -29.4071 -18.0577 -27.4776 -16.154 -23.69 -534.881 -10.7022 -18.6936 -9.38253 -1.23639 475.575 -19.2637 598.009 -33.2073 -20.2992 92.2571 -30.5784 -5.50601 -14.6408 146.26 423.455 19.3089 -60.0621 222.328 -97.0968 -262.019
internal_weight=2793 2770 2747 2725 2704 2678 2653 2615 2583 64 2519 2499 2468 2443 89 2354 52 2302 2265 61 2235 2056 2035 448 150 80 1587 184 1403 412
internal_count=2793 2770 2747 2725 2704 2678 2653 2615 2583 64 2519 2499 2468 2443 89 2354 52 2302 2265 61 2235 2056 2035 448 150 80 1587 184 1403 412
is_linear=0
shrinkage=0.05


Tree=205
num_leaves=31
num_cat=0
split_feature=23 35 21 35 14 66 53 11 29 32 24 16 23 23 47 50 14 14 23 17 104 45 40 101 113 23 124 66 110 5
split_gain=1.35251e+11 3.06947e+10 1.82278e+10 9.97419e+09 1.43894e+10 6.68746e+09 1.28267e+10 9.37275e+09 6.86775e+09 1.0229e+10 6.62382e+09 8.97149e+09 7.06658e+09 1.07784e+10 1.01543e+10 1.36621e+10 7.09698e+09 6.85821e+09 6.55846e+09 6.15747e+09 5.90456e+09 1.1536e+10 9.71731e+09 9.15128e+09 7.40568e+09 8.25026e+09 9.01064e+09 9.18013e+09 9.19221e+09 1.12349e+10
threshold=384.00000000000006 59.500000000000007 40.500000000000007 51.500000000000007 10686259.125000002 -0.99626127116974506 0.21951219244831113 1103782.5650000002 1.0000000180025095e-35 8.5000000000000018 16.500000000000004 31767.748721006661 51.500000000000007 58.500000000000007 0.29200310057489831 1.0698043558508676 1666405.6350000002 1178902.4800000002 37.500000000000007 1636929.2981294084 -735793.05499999993 56.500000000000007 21.500000000000004 5156357.519043833 441.50000000000006 77.500000000000014 150.50000000000003 0.87377473702374975 182.6428571428572 4.5791732550259772
decision_type=2 2 2 2 2 2 2 2 2 2 2 2 2 2 2 2 2 2 2 2 2 2 2 2 2 2 2 2 2 2
left_child=1 2 3 4 5 6 -1 8 -7 -10 17 12 16 -14 15 -15 -12 -11 -18 -20 21 22 23 -16 25 -22 -27 28 -28 -30
right_child=-2 -3 -4 -5 -6 7 -8 -9 9 10 11 -13 13 14 20 -17 18 -19 19 -21 24 -23 -24 -25 -26 26 27 -29 29 -31
leaf_value=1352.4321934626653 -3688.9390683593756 1455.7560272640653 -1517.75852394104 -958.93640927915226 1095.7974099731446 -694.65787476433661 -122.85582553639131 -1069.5356358301074 1007.21391796875 -1087.8453557794744 -70.528528382178067 1047.838395763579 -470.45707005106487 -1400.6952529381063 -257.59064311230276 297.98641524314883 973.14856298346285 -167.31306249830459 -553.24492325555718 350.97422066154064 295.30857806097379 -1198.6522075195314 773.03348531087249 828.46196870349706 661.17162558611699 -471.71130381882796 232.44224189528848 -1028.5223358154296 -237.69457304356462 305.81153666422915
leaf_weight=26 25 36 20 27 30 36 34 21 25 22 147 21 130 29 254 20 38 252 21 182 264 25 30 21 51 99 399 20 354 130
leaf_count=26 25 36 20 27 30 36 34 21 25 22 147 21 130 29 254 20 38 252 21 182 264 25 30 21 51 99 399 20 354 130
internal_value=-27.8121 5.30225 -13.8386 -2.7314 6.89842 -5.42409 516.436 -17.5088 -8.91251 0.829729 -9.19801 19.2473 9.491 -31.6857 1.94656 -707.356 203.276 -241.224 370.286 257.434 23.0491 -166.078 -81.4404 -174.656 70.4384 46.6411 -18.876 30.7704 54.7634 -91.7115
internal_weight=2789 2764 2728 2708 2681 2651 60 2591 2570 2534 2509 2235 2214 1826 1696 49 388 274 241 203 1647 330 305 275 1317 1266 1002 903 883 484
internal_count=2789 2764 2728 2708 2681 2651 60 2591 2570 2534 2509 2235 2214 1826 1696 49 388 274 241 203 1647 330 305 275 1317 1266 1002 903 883 484
is_linear=0
shrinkage=0.05


Tree=206
num_leaves=31
num_cat=0
split_feature=28 36 36 36 39 4 28 96 18 103 15 59 17 87 114 17 18 15 15 58 87 105 16 80 103 36 75 106 80 25
split_gain=1.37357e+11 3.81148e+10 1.79861e+10 1.44259e+10 1.59006e+10 1.99136e+10 9.73046e+09 1.42864e+10 6.78543e+09 1.44482e+10 1.03911e+10 9.00386e+09 1.04265e+10 7.49383e+09 5.96308e+09 4.66248e+09 5.14619e+09 1.02372e+10 9.16213e+09 7.17841e+09 9.53391e+09 6.14978e+09 8.12542e+09 6.05243e+09 6.08848e+09 9.78597e+09 6.94852e+09 8.07935e+09 7.51238e+09 6.63404e+09
threshold=123.50000000000001 31.500000000000004 28.500000000000004 26.500000000000004 76.500000000000014 2005.5000000000002 66.500000000000014 14465923.455000002 26069.878403391314 -987674.63500000013 31768.878725711314 9.5000000000000018 3859514.879799386 960531.57500000007 153.71428571428575 700319.04837766744 20992.562141383514 25924.881069892475 16470.141222078422 110.50000000000001 4860567.5300000003 1521909.905 23315.262586440382 9134613.4750000015 -487744.37500000017 18.500000000000004 5772366.3500000006 -705112.24999999988 7235094.0750000002 7.5000000000000009
decision_type=2 2 2 2 2 2 2 2 2 2 2 2 2 2 2 2 2 2 2 2 2 2 2 2 2 2 2 2 2 2
left_child=1 2 3 4 5 6 8 -8 10 -10 15 -11 13 -13 -15 -1 17 23 -18 -20 21 -21 -23 24 25 29 27 -26 -28 -17
right_child=-2 -3 -4 -5 -6 -7 7 -9 9 11 -12 12 -14 14 -16 16 18 -19 19 20 -22 22 -24 -25 26 -27 28 -29 -30 -31
leaf_value=779.37164794921875 -3792.7078089396159 1949.7241884765626 -1320.2889333871697 1338.9659918212892 -1067.6291910226005 1382.0513075608474 330.0104115361753 -1265.2912865638734 -1334.4409059877751 591.17183163291531 875.41680663426723 -695.92497718811046 -1203.4141259765627 256.56250590110312 -690.80447586059574 -156.29748443344894 -1114.3059692382812 728.41530279862263 -269.71090761304339 47.39087035439232 -683.8035319373721 1344.8658824573865 0.78984826129415764 886.38415556408108 370.35640301040462 -989.17611733713466 678.72140130889557 -27.344087617318554 -318.05444208780926 441.83957808061081
leaf_weight=20 24 25 26 20 35 26 23 36 27 38 36 40 25 98 20 295 21 57 271 495 42 22 23 21 158 31 89 666 24 55
leaf_count=20 24 25 26 20 35 26 23 36 27 38 36 40 25 98 20 295 21 57 271 495 42 22 23 21 158 31 89 666 24 55
internal_value=-26.4215 6.26956 -11.4627 1.07581 -8.85656 5.0799 -8.51724 -643.394 6.0351 -242.583 32.543 -109.189 -254.619 -104.493 95.9918 19.2926 12.5959 72.1639 -82.5494 -57.1485 41.8281 98.2661 657.894 44.2278 30.8096 -137.719 99.3362 48.914 467.017 -62.3045
internal_weight=2789 2765 2740 2714 2694 2659 2633 59 2574 248 2326 221 183 158 118 2290 2270 1396 874 853 582 540 45 1339 1318 381 937 824 113 350
internal_count=2789 2765 2740 2714 2694 2659 2633 59 2574 248 2326 221 183 158 118 2290 2270 1396 874 853 582 540 45 1339 1318 381 937 824 113 350
is_linear=0
shrinkage=0.05


Tree=207
num_leaves=31
num_cat=0
split_feature=28 36 36 36 39 38 87 30 110 14 65 66 22 103 38 23 17 19 52 87 1 80 10 51 22 2 22 1 27 21
split_gain=1.23965e+11 3.43986e+10 1.62325e+10 1.30194e+10 1.43503e+10 2.04329e+10 8.51419e+09 7.54208e+09 1.1903e+10 9.55204e+09 6.88146e+09 6.98263e+09 7.91668e+09 1.44322e+10 6.83099e+09 6.63749e+09 8.82994e+09 7.18532e+09 1.08618e+10 6.4381e+09 7.00779e+09 6.47814e+09 6.59623e+09 9.10433e+09 8.13452e+09 8.79587e+09 2.06308e+10 1.15582e+10 9.59635e+09 8.28861e+09
threshold=123.50000000000001 31.500000000000004 28.500000000000004 26.500000000000004 76.500000000000014 257.50000000000006 6172028.0550000006 6.5000000000000009 314.21428571428578 9581969.9700000007 -0.99939814596352028 -0.99626127116974506 15.500000000000002 -1089062.8749999998 20.500000000000004 37.500000000000007 1624067.6969935407 26074.540381567789 34477.698598247815 720522.21000000008 68.500000000000014 10568909.820000002 11922.965000000002 15991.320204968946 76.500000000000014 141.50000000000003 30.500000000000004 119.50000000000001 23.500000000000004 12.500000000000002
decision_type=2 2 2 2 2 2 2 2 2 2 2 2 2 2 2 2 2 2 2 2 2 2 2 2 2 2 2 2 2 2
left_child=1 2 3 4 5 6 7 9 -9 10 -1 -12 13 -13 -15 16 -14 18 19 -17 -21 22 -22 -24 25 27 -27 28 -25 -29
right_child=-2 -3 -4 -5 -6 -7 -8 8 -10 -11 11 12 15 14 -16 17 -18 -19 -20 20 21 -23 23 24 -26 26 -28 29 -30 -31
leaf_value=778.82972338446257 -3603.0722358703615 1852.2379785156249 -1254.2745032677285 1272.0177658081057 -1014.2477596609933 1558.299192592076 -890.87662850839115 -144.1133561950177 -1336.9184201049804 1036.9696841032608 685.56243797508455 -1469.2316477457682 127.82074202306522 644.07804485818622 -291.82641556411983 -596.99158763056209 957.87043106079113 -566.81634090968544 693.89111028398793 -797.6786062735099 364.24558933142464 -859.23118780226946 -451.3308209401257 192.3237154706494 200.46270479782945 -1752.9721546718056 -145.67531196876809 259.87658182972609 -285.75096919767321 1282.8824609929866
leaf_weight=29 24 25 26 20 35 21 27 128 25 23 37 24 161 23 128 46 40 56 56 27 132 21 106 182 473 21 405 198 248 22
leaf_count=29 24 25 26 20 35 21 27 128 25 23 37 24 161 23 128 46 40 56 56 27 132 21 106 182 473 21 405 198 248 22
internal_value=-25.1005 5.95608 -10.8896 1.02202 -8.41373 4.8259 -7.54064 1.59382 -339.016 22.7953 13.2159 3.98777 -6.65734 -330.295 -149.271 19.1569 293.005 -8.46144 7.68098 -12.7485 1.89742 13.838 24.0979 -3.0317 27.646 -48.3227 -224.908 67.4087 -83.4031 362.177
internal_weight=2789 2765 2740 2714 2694 2659 2638 2611 153 2458 2435 2406 2369 175 151 2194 201 1993 1937 1881 1835 1808 1787 1655 1549 1076 426 650 430 220
internal_count=2789 2765 2740 2714 2694 2659 2638 2611 153 2458 2435 2406 2369 175 151 2194 201 1993 1937 1881 1835 1808 1787 1655 1549 1076 426 650 430 220
is_linear=0
shrinkage=0.05


Tree=208
num_leaves=31
num_cat=0
split_feature=40 4 80 112 66 19 92 25 30 28 3 1 14 22 16 14 111 111 30 63 104 23 66 8 16 28 47 33 104 23
split_gain=1.12133e+11 5.13675e+10 2.25172e+10 1.4667e+10 1.53324e+10 1.29549e+10 1.16084e+10 9.87005e+09 1.27701e+10 1.31257e+10 7.58424e+09 1.23472e+10 8.80724e+09 7.12057e+09 1.19705e+10 1.23609e+10 9.94789e+09 6.83169e+09 7.09544e+09 5.96159e+09 5.96016e+09 7.48805e+09 5.66198e+09 5.42476e+09 1.1105e+10 7.18546e+09 1.40354e+10 7.57573e+09 6.88057e+09 9.86567e+09
threshold=58.500000000000007 2834.0000000000005 13142215.310000002 267.50000000000006 -0.99626127116974506 18284.826608441061 14378989.640000002 19.500000000000004 6.5000000000000009 73.500000000000014 165.50000000000003 288.50000000000006 6338146.290000001 15.500000000000002 22623.937231624634 1424362.6600000004 30.736979346732152 46.424285073817877 4.5000000000000009 -1.0000000180025095e-35 2566599.5100000012 143.50000000000003 -0.20089055513063514 2918.0227104549754 14474.521330644477 16.500000000000004 0.29200310057489831 47.500000000000007 -219656.96499999994 75.500000000000014
decision_type=2 2 2 2 2 2 2 2 2 2 2 2 2 2 2 2 2 2 2 2 2 2 2 2 2 2 2 2 2 2
left_child=1 2 3 4 5 -1 -5 8 10 20 11 13 -12 14 15 -6 19 -14 -19 -16 21 22 -10 -15 -25 -26 -27 -28 -29 -30
right_child=-2 -3 -4 6 7 -7 -8 -9 9 -11 12 -13 17 23 16 -17 -18 18 -20 -21 -22 -23 -24 24 25 26 27 28 29 -31
leaf_value=1844.0709294891358 -3579.3889903675426 2529.2070849609377 -1685.5324224853518 -84.436602726689102 -1835.6218206232243 285.52921386718748 -1550.6241950141059 855.87351962002856 609.12947032928469 -1562.0734794284988 -378.14263997395835 -940.16112496512278 34.907110383775503 298.64093800571987 -826.13744638803837 -275.2641232299805 583.71818418281032 1445.948538651005 426.62604032817649 22.34118321195562 270.17102384825012 -918.44653920924418 -553.26224892356174 -605.79876317843582 137.67806838327388 -990.16978548490079 -686.9816003752918 -224.76355665308367 822.36976674989228 39.395708809814458
leaf_weight=20 22 20 20 27 22 40 27 33 20 23 30 35 36 175 37 30 43 31 38 47 37 47 22 71 853 39 41 235 43 625
leaf_count=20 22 20 20 27 22 40 27 33 20 23 30 35 36 175 37 30 43 31 38 47 37 47 22 71 853 39 41 235 43 625
internal_value=-23.8454 4.42416 -13.9579 -1.69851 14.7829 805.043 -817.53 -3.3631 -14.3533 -463.675 13.1863 -8.22851 377.397 6.19769 -296.418 -935.415 -34.7809 593.265 884.583 -351.393 -263.173 -484.901 0.257617 32.2151 7.76591 31.4931 -60.6491 -22.2473 7.93442 89.7967
internal_weight=2789 2767 2747 2727 2673 60 54 2613 2580 149 2431 2296 135 2261 179 52 127 105 69 84 126 89 42 2082 1907 1836 983 944 903 668
internal_count=2789 2767 2747 2727 2673 60 54 2613 2580 149 2431 2296 135 2261 179 52 127 105 69 84 126 89 42 2082 1907 1836 983 944 903 668
is_linear=0
shrinkage=0.05


Tree=209
num_leaves=31
num_cat=0
split_feature=28 34 7 43 38 42 87 25 41 3 88 91 39 18 20 15 34 117 10 83 19 85 52 11 15 83 8 34 77 7
split_gain=1.07638e+11 3.17671e+10 4.38836e+10 3.14905e+10 1.67244e+10 1.09946e+10 8.23025e+09 8.57692e+09 5.93626e+09 7.60644e+09 4.68008e+09 6.63496e+09 8.14869e+09 4.50246e+09 1.2841e+10 1.04197e+10 6.19994e+09 8.6346e+09 8.1991e+09 7.71131e+09 3.90339e+09 7.5979e+09 6.34824e+09 6.24013e+09 8.58712e+09 1.30334e+10 1.03922e+10 9.27709e+09 6.97346e+09 1.19881e+10
threshold=123.50000000000001 143.50000000000003 4524.7822566687846 113.50000000000001 270.50000000000006 130.50000000000003 6172028.0550000006 19.500000000000004 2.5000000000000004 33.500000000000007 16141183.795000002 4381224.8750000009 47.500000000000007 26069.878403391314 8.5000000000000018 31768.878725711314 20.500000000000004 271.00000000000006 16388.260000000006 2151750.9400000004 15637.644645516042 3753268.2667857148 13897.897240437162 21725.000000000004 19121.524541041799 2377101.5150000006 2900.5049220350315 72.500000000000014 2874784.8700000006 3875.1508613445385
decision_type=2 2 2 2 2 2 2 2 2 2 2 2 2 2 2 2 2 2 2 2 2 2 2 2 2 2 2 2 2 2
left_child=1 3 -3 4 5 6 7 8 -1 -10 11 13 -13 15 16 20 18 19 -15 -18 21 -11 -22 -24 25 26 -25 -26 -27 -30
right_child=-2 2 -4 -5 -6 -7 -8 -9 9 10 -12 12 -14 14 -16 -17 17 -19 -20 -21 22 -23 23 24 27 28 -28 -29 29 -31
leaf_value=-767.26564208984382 -3356.6879597981774 2559.083089714391 -507.44999267578123 -1819.3731691996259 1440.3233247756959 -1076.3079049428304 -853.98414175851019 990.90409934303977 912.14470851732335 57.738225984573369 -480.1988347091675 52.08210193264869 1327.7130435035342 -1244.9343041992188 -1217.3576335089547 874.23751802716947 1026.8954080369738 -527.87220480177143 -125.72016097174752 -58.515575561523441 -580.16786731878926 969.34168314615897 -73.026200454025002 855.22320795473843 167.63733819895126 196.78100425318669 7.0275497981480193 854.55014021737247 -1667.1088126772929 -362.45824932133388
leaf_weight=25 24 28 20 24 20 24 28 22 23 96 50 31 21 20 28 35 36 27 90 30 48 30 1169 46 402 38 168 56 21 109
leaf_count=25 24 28 20 24 20 24 28 22 23 96 50 31 21 20 28 35 36 27 90 30 48 30 1169 46 402 38 168 56 21 109
internal_value=-22.6532 6.28602 1281.36 -16.2401 -0.170633 -10.9487 -1.29656 7.81265 -0.509014 6.93812 -1.22329 8.35239 567.241 -3.51457 -213.59 18.3643 -75.1393 225.379 -329.214 533.527 4.64214 274.787 -11.9054 1.67184 105.627 -69.4206 189.35 251.627 -399.045 -573.209
internal_weight=2789 2765 48 2717 2693 2673 2649 2621 2599 2574 2551 2501 52 2449 231 2218 203 93 110 66 2183 126 2057 2009 840 382 214 458 168 130
internal_count=2789 2765 48 2717 2693 2673 2649 2621 2599 2574 2551 2501 52 2449 231 2218 203 93 110 66 2183 126 2057 2009 840 382 214 458 168 130
is_linear=0
shrinkage=0.05


Tree=210
num_leaves=31
num_cat=0
split_feature=107 105 40 42 33 31 65 103 20 48 7 13 23 1 77 120 56 76 110 92 7 88 23 11 83 23 27 80 8 43
split_gain=2.59502e+11 4.47455e+11 1.44665e+11 5.83201e+10 4.34768e+10 9.89989e+09 7.83943e+09 7.47826e+09 9.11794e+09 8.99555e+09 7.45523e+09 7.3033e+09 6.76904e+09 1.0557e+10 9.00784e+09 6.76142e+09 6.28769e+09 6.28484e+09 6.26525e+09 1.51961e+10 8.67274e+09 6.35541e+09 6.21743e+09 8.32334e+09 7.49212e+09 1.13543e+10 1.34734e+10 7.74273e+09 7.47646e+09 8.70513e+09
threshold=585.50000000000011 7007214.0700000012 50.500000000000007 153.50000000000003 229.50000000000003 35.500000000000007 -0.99865756837029884 1157391.8500000001 17.500000000000004 0.065240274599542347 7857.6209673913045 1817.0093824098881 37.500000000000007 68.500000000000014 3028655.9200000004 153.50000000000003 2.5000000000000004 6067135.6700000009 103.21428571428574 6525564.6800000006 5960.6376473839364 8529839.2050000019 51.500000000000007 464922.73000000004 3529006.7400000007 143.50000000000003 71.500000000000014 4948118.9350000015 3818.5560815599124 86.500000000000014
decision_type=2 2 2 2 2 2 2 2 2 2 2 2 2 2 2 2 2 2 2 2 2 2 2 2 2 2 2 2 2 2
left_child=1 2 3 4 5 6 11 8 10 18 12 -1 14 -14 16 -11 -8 -17 -9 -20 21 -21 23 -15 25 26 -24 -27 29 -26
right_child=-2 -3 -4 -5 -6 -7 7 9 -10 15 -12 -13 13 22 -16 17 -18 -19 19 20 -22 -23 24 -25 28 27 -28 -29 -30 -31
leaf_value=-33.601048660278323 -5443.3760792125358 6667.4781341552734 -4090.3538529829548 2670.5794140625003 -2253.0621743115512 -1129.5076608276368 -768.40035226004466 -229.52527222488868 -984.91042856069714 470.23497115425448 -854.24837646484377 1165.1451714409723 -674.05270487467453 79.584446027201992 767.70483602350407 -993.89632754325874 137.67557522558397 135.97441238403323 1817.1737390136718 -243.87944620305845 1073.6203026771545 506.33548944407494 -137.67006245029611 955.44309210008203 -83.358626814118665 -1460.9768728402946 1036.4125800781251 -341.20757131074606 481.48129950272408 720.71201221362969
leaf_weight=24 22 25 22 20 22 20 21 33 26 23 28 27 69 217 55 32 217 20 20 55 32 58 1082 31 373 26 25 38 95 37
leaf_count=24 22 25 22 20 22 20 21 33 26 23 28 27 69 217 55 32 217 20 20 55 32 58 1082 31 373 26 25 38 95 37
internal_value=-34.4221 8.49066 -52.0896 -19.4991 -39.3814 -21.2365 -12.9162 -24.899 -53.7908 222.745 -43.3288 601.029 -33.3962 -66.3857 191 -243.597 57.7277 -559.331 399.389 525.172 346.965 141.187 -44.5931 189.067 -79.1681 -148.591 -111.155 -796.114 81.8105 -10.7962
internal_weight=2795 2773 2748 2726 2706 2684 2664 2613 2340 273 2314 51 2286 1993 293 75 238 52 198 165 145 113 1924 248 1676 1171 1107 64 505 410
internal_count=2795 2773 2748 2726 2706 2684 2664 2613 2340 273 2314 51 2286 1993 293 75 238 52 198 165 145 113 1924 248 1676 1171 1107 64 505 410
is_linear=0
shrinkage=0.05


Tree=211
num_leaves=31
num_cat=0
split_feature=106 28 35 31 40 45 86 42 40 103 106 28 23 17 84 14 111 17 42 104 31 6 45 35 47 105 84 10 2 39
split_gain=3.14237e+11 6.75846e+11 5.17066e+10 6.61873e+10 2.27768e+10 2.37143e+10 4.92009e+10 1.11722e+10 9.61665e+09 7.64926e+09 1.10826e+10 7.19085e+09 6.88761e+09 1.17858e+10 7.69287e+09 7.59158e+09 6.38275e+09 1.05329e+10 7.51755e+09 6.09276e+09 1.1065e+10 5.78844e+09 8.04254e+09 1.17882e+10 7.61738e+09 7.43016e+09 7.0846e+09 6.46998e+09 6.16404e+09 6.38137e+09
threshold=4239401.2000000011 123.50000000000001 61.500000000000007 40.500000000000007 44.500000000000007 91.500000000000014 1419729.8292848582 119.50000000000001 34.500000000000007 1157391.8500000001 2388986.5899999999 1.5000000000000002 37.500000000000007 1547669.8595087701 4910932.6900000004 1217598.8400000001 17.505780710702862 3319221.9190502833 37.500000000000007 1049233.3500000006 8.5000000000000018 2.2755908352716809 66.500000000000014 24.500000000000004 0.25757885066857206 12485.120000000114 2932665.9300000002 19932.775000000005 236.50000000000003 34.500000000000007
decision_type=2 2 2 2 2 2 2 2 2 2 2 2 2 2 2 2 2 2 2 2 2 2 2 2 2 2 2 2 2 2
left_child=1 2 3 4 5 7 -7 8 9 10 11 -1 14 -14 -13 -16 17 18 -15 -11 -21 22 23 25 -23 26 -18 -28 29 -25
right_child=-2 -3 -4 -5 -6 6 -8 -9 -10 19 -12 12 13 16 15 -17 21 -19 -20 20 -22 24 -24 28 -26 -27 27 -29 -30 -31
leaf_value=-947.16752813430071 5144.9727644295526 -9245.0346875000014 2290.3500808715821 -2836.8438023158487 1514.5425928751629 562.02580042300019 -2612.6834721491887 901.84740304657907 -929.37497769059814 -7.5880082381399054 -827.3392254222523 96.656377265265377 -1129.6959086914064 -273.94680172109349 1534.2755139160156 249.02379602502893 821.99205476760881 -1074.3807765415738 489.20218052008215 1196.1113347762671 178.88940363266889 -959.84915676116952 -679.82310318485384 440.25151942661836 -57.998239518902473 294.32186149077887 -254.11472992065649 301.34132494412933 212.12329997390998 1417.163422393799
leaf_weight=21 29 20 24 21 24 23 26 33 29 114 44 241 25 187 20 27 20 35 39 39 85 24 31 35 959 191 271 65 61 32
leaf_count=21 29 20 24 21 24 23 26 33 29 114 44 241 25 187 20 27 20 35 39 39 85 24 31 35 959 191 271 65 61 32
internal_value=-32.701 -86.986 -20.285 -40.658 -18.918 -32.6658 -1122.51 -12.3452 -23.9708 -13.7382 -41.3407 -26.1989 -17.6526 -50.9626 210.775 795.939 -37.1327 -267.251 -142.253 256.256 498.822 -1.57267 107.649 143.815 -80.017 42.7375 -92.2418 -146.66 575.762 906.836
internal_weight=2795 2766 2746 2722 2701 2677 49 2628 2595 2566 2328 2284 2263 1975 288 47 1950 261 226 238 124 1689 706 675 983 547 356 336 128 67
internal_count=2795 2766 2746 2722 2701 2677 49 2628 2595 2566 2328 2284 2263 1975 288 47 1950 261 226 238 124 1689 706 675 983 547 356 336 128 67
is_linear=0
shrinkage=0.05


Tree=212
num_leaves=31
num_cat=0
split_feature=106 28 33 41 83 7 14 26 36 65 10 32 108 57 114 14 82 17 3 33 26 106 23 17 10 14 109 23 23 4
split_gain=2.83599e+11 6.09951e+11 4.89746e+10 8.11471e+10 8.99874e+09 2.81762e+10 1.06722e+10 1.01523e+10 9.67728e+09 6.98044e+09 6.83351e+09 6.24971e+09 1.24769e+10 1.33331e+10 1.08382e+10 7.9619e+09 6.9403e+09 6.47856e+09 7.96597e+09 6.17866e+09 6.13233e+09 5.66307e+09 5.01882e+09 1.15372e+10 5.36094e+09 6.44162e+09 1.10847e+10 9.55774e+09 1.18131e+10 1.00757e+10
threshold=4239401.2000000011 123.50000000000001 264.50000000000006 63.500000000000007 6729787.4750000006 5490.6958448899923 9134142.3500000015 58.500000000000007 19.500000000000004 -0.99865756837029884 17915.235000000004 94.500000000000014 227.50000000000003 4.5000000000000009 303.08928571428578 6450940.495000001 918544.19743952632 5467533.2402921366 158.50000000000003 13.500000000000002 37.500000000000007 2388986.5899999999 37.500000000000007 1547669.8595087701 11784.150000000003 3472564.8000000003 216.50000000000003 65.500000000000014 62.500000000000007 645.50000000000011
decision_type=2 2 2 2 2 2 2 2 2 2 2 2 2 2 2 2 2 2 2 2 2 2 2 2 2 2 2 2 2 2
left_child=1 2 3 4 6 -6 7 9 -8 10 -1 15 13 -13 20 19 -17 -18 -19 -11 -14 22 -21 -24 -25 27 -27 28 -26 -29
right_child=-2 -3 -4 -5 5 -7 8 -9 -10 11 -12 12 14 -15 -16 16 17 18 -20 21 -22 -23 23 24 25 26 -28 29 -30 -31
leaf_value=-124.77427280970983 4887.7240878401135 -8782.7828857421882 1763.2630656995273 -3140.322725423177 -1707.9505606815733 635.46661516272513 -94.550698852539071 -1067.3055557914402 1286.0766164143881 -902.44076721191414 1051.2239772033693 -1621.2452855263989 949.77008127065801 -11.781684736772018 -906.83151638611514 -339.02079838344031 1310.1216416792438 -93.489761612263138 860.16182135605231 185.41756619540129 -52.224460168786948 -669.74487831809301 -1152.3179421715115 268.59073070179335 -99.454954668511931 164.20848676532606 -230.76083044021848 -170.38999672522914 683.65373109061773 -791.84571651536589
leaf_weight=21 29 20 38 21 29 23 22 23 30 20 30 31 26 22 23 28 22 47 41 286 37 33 23 143 527 602 252 195 53 98
leaf_count=21 29 20 38 21 29 23 22 23 30 20 30 31 26 22 23 28 22 47 41 286 37 33 23 143 527 602 252 195 53 98
internal_value=-31.0659 -82.6367 -19.2708 -44.2842 -20.0874 -671.439 -7.23338 -21.5107 701.965 -12.1149 566.989 -23.8862 -349.735 -953.166 22.1464 -4.77526 363.788 542.684 350.825 -27.5628 361.297 -19.6525 -9.8071 -39.3022 -25.6127 -49.9735 47.6602 -145.482 -27.895 -378.249
internal_weight=2795 2766 2746 2708 2687 52 2635 2583 52 2560 51 2509 139 53 86 2370 138 110 88 2232 63 2212 2179 1893 1870 1727 854 873 580 293
internal_count=2795 2766 2746 2708 2687 52 2635 2583 52 2560 51 2509 139 53 86 2370 138 110 88 2232 63 2212 2179 1893 1870 1727 854 873 580 293
is_linear=0
shrinkage=0.05


Tree=213
num_leaves=31
num_cat=0
split_feature=107 35 3 40 40 35 42 28 6 112 103 79 79 18 8 39 42 64 65 110 39 13 80 76 89 12 111 17 94 50
split_gain=2.02799e+11 3.89331e+11 1.02247e+11 1.06119e+10 1.59824e+10 1.06242e+10 1.05036e+10 6.66203e+09 6.27118e+09 8.78974e+09 5.37997e+09 7.29022e+09 6.93289e+09 8.7534e+09 7.86423e+09 9.60049e+09 6.37076e+09 1.65271e+10 6.8043e+09 6.86985e+09 6.50657e+09 5.45087e+09 8.84577e+09 8.21777e+09 8.08276e+09 8.01206e+09 6.69031e+09 6.3771e+09 5.61452e+09 5.59487e+09
threshold=585.50000000000011 64.500000000000014 219.50000000000003 43.500000000000007 38.500000000000007 46.500000000000007 119.50000000000001 1.5000000000000002 2.1323096606164302 105.50000000000001 1157391.8500000001 8448341.7050000019 5362282.2750000013 25720.167271405084 3497.0984045850068 25.500000000000004 99.500000000000014 1.0000000180025095e-35 0.98930504265984687 338.64285714285717 59.500000000000007 137.33853502210658 4807994.1600000011 2241241.5150000001 6388773.4808928585 42.692107767055809 95.061256144415893 4692407.2724734219 1762055.9702005319 1.0870680044593091
decision_type=2 2 2 2 2 2 2 2 2 2 2 2 2 2 2 2 2 2 2 2 2 2 2 2 2 2 2 2 2 2
left_child=1 2 3 4 5 6 7 -1 9 -9 16 12 13 14 -12 -16 18 20 19 21 -18 25 -23 -24 27 26 -10 28 -25 -28
right_child=-2 -3 -4 -5 -6 -7 -8 8 10 -11 11 -13 -14 -15 15 -17 17 -19 -20 -21 -22 22 23 24 -26 -27 29 -29 -30 -31
leaf_value=-902.79186662946438 -4811.1431463068184 6633.4607466264206 -3439.5621410023082 887.98316113054761 -1195.3934692645896 -950.8633837890626 881.8382817947504 146.9371495626059 -53.815673809588795 1314.6138751220706 551.67471505301341 -482.23475180233231 713.68806100027905 954.94389245605475 368.69302546183269 -754.51799250382646 -606.89214366566046 -1732.3434066772461 -499.17142071974905 469.41975875854496 609.15280761718748 -31.388020710291222 -428.9759490966797 -9.4594125705295138 -137.44749369066815 -940.69562748500289 -1060.8396669449346 1066.4244526811078 794.35372430710572 -150.21873383393159
leaf_weight=21 22 22 22 32 29 30 33 83 1065 20 35 34 70 25 30 52 22 20 76 70 22 649 30 45 43 28 31 55 42 37
leaf_count=21 22 22 22 32 29 30 33 83 1065 20 35 34 70 25 30 52 22 20 76 70 22 649 30 45 43 28 31 55 42 37
internal_value=-29.5126 8.42314 -44.5579 -17.1889 -27.9288 -15.2389 -4.59877 -15.8281 -8.61981 373.67 -24.4908 197.44 306.444 105.691 -75.7738 -343.587 -48.9181 -540.58 -34.4241 -17.5645 1.13033 -34.3986 60.6947 338.656 463.137 -105.166 -84.517 645.004 378.588 -565.355
internal_weight=2795 2773 2751 2729 2697 2668 2638 2605 2584 103 2481 246 212 142 117 82 2235 64 2171 2095 44 2025 864 215 185 1161 1133 142 87 68
internal_count=2795 2773 2751 2729 2697 2668 2638 2605 2584 103 2481 246 212 142 117 82 2235 64 2171 2095 44 2025 864 215 185 1161 1133 142 87 68
is_linear=0
shrinkage=0.05


Tree=214
num_leaves=31
num_cat=0
split_feature=106 1 35 17 28 101 17 119 98 28 52 85 78 22 33 56 51 8 41 32 103 6 65 106 12 32 105 9 75 47
split_gain=2.57167e+11 5.51035e+11 6.54511e+10 6.69815e+10 8.02438e+09 2.68867e+10 1.07261e+10 1.05386e+10 6.77399e+09 6.03689e+09 6.53442e+09 2.13043e+10 1.77804e+10 8.85473e+09 7.87854e+09 7.52413e+09 5.06027e+09 5.34824e+09 5.57594e+09 4.79336e+09 4.60642e+09 7.8879e+09 1.02639e+10 7.05306e+09 5.86875e+09 5.14942e+09 6.46183e+09 8.03709e+09 7.94107e+09 7.68358e+09
threshold=4239401.2000000011 585.50000000000011 59.500000000000007 9522891.6925473548 63.500000000000007 5074425.4351979503 7451832.8693387052 239.50000000000003 2705388.8202825026 1.5000000000000002 16747.812379411767 3344316.2242857148 3998646.8400000003 7.5000000000000009 171.50000000000003 24.500000000000004 15991.320204968946 2918.0227104549754 23.500000000000004 58.500000000000007 1157391.8500000001 2.3019729617210625 0.53436760985011655 2388986.5899999999 1732.538888888889 94.500000000000014 -27672.509999999773 701.45000000000016 8448341.7050000019 0.24499799919967988
decision_type=2 2 2 2 2 2 2 2 2 2 2 2 2 2 2 2 2 2 2 2 2 2 2 2 2 2 2 2 2 2
left_child=1 2 3 4 6 7 9 -6 -9 -1 11 15 -13 -12 20 16 17 18 -11 -17 23 24 -23 25 -22 26 28 -28 -15 -29
right_child=-2 -3 -4 -5 5 -7 -8 8 -10 10 13 12 -14 14 -16 19 -18 -19 -20 -21 21 22 -24 -25 -26 -27 27 29 -30 -31
leaf_value=-857.65223969959084 4655.9271378089643 -8346.4456298828136 2345.8656332081764 -2728.9509770932405 -914.2813410441081 -1958.1954483695654 880.57626091452209 -398.57049139113656 715.27747507339882 618.14525034051201 1044.437479654948 -2190.1299210258153 -298.31006763599538 -99.440436534230301 954.37898850874467 23.710451911477481 -951.46761154174806 -404.46633641626931 -217.76109304882232 890.83153539021805 -232.11709713773885 123.55696541712835 1204.629773349511 -685.83694990109177 594.60648678370887 -535.39731470743823 245.56719124614563 -831.31863077799483 769.26707435890489 2.5510197948248137
leaf_weight=21 29 20 29 23 24 23 34 21 39 38 21 23 27 1025 22 34 20 77 42 30 92 52 38 39 28 45 473 30 27 349
leaf_count=21 29 20 29 23 24 23 34 21 39 38 21 23 27 1025 22 34 20 77 42 30 92 52 38 39 28 45 473 30 27 349
internal_value=-28.037 -77.1458 -16.9178 -42.1371 -19.1984 -443.508 -1.64869 -28.7727 325.431 -13.3979 -6.39576 -229.299 -1168.55 22.5488 12.8823 -34.434 -202.428 -107.009 179.294 430.173 3.45877 226.167 580.01 -20.0668 -39.2149 -6.74453 5.74989 108.103 -77.1447 -63.4545
internal_weight=2795 2766 2746 2717 2694 107 2587 84 60 2553 2532 291 50 2241 2220 241 177 157 80 64 2198 210 90 1988 120 1949 1904 852 1052 379
internal_count=2795 2766 2746 2717 2694 107 2587 84 60 2553 2532 291 50 2241 2220 241 177 157 80 64 2198 210 90 1988 120 1949 1904 852 1052 379
is_linear=0
shrinkage=0.05


Tree=215
num_leaves=31
num_cat=0
split_feature=26 23 17 1 41 51 18 43 38 19 40 79 8 88 19 92 10 8 47 110 33 105 41 4 79 47 23 1 3 122
split_gain=5.61042e+11 2.14916e+11 1.44194e+10 2.35578e+10 6.14526e+09 6.37026e+09 1.4542e+10 6.74208e+09 6.555e+09 7.74619e+09 6.77413e+09 9.48975e+09 6.07784e+09 6.69972e+09 5.67526e+09 7.6755e+09 5.29358e+09 6.4454e+09 1.43419e+10 2.7774e+10 1.16807e+10 8.94636e+09 7.4133e+09 1.20358e+10 7.87495e+09 7.19845e+09 1.14001e+10 8.72423e+09 1.08316e+10 8.11377e+09
threshold=79.500000000000014 348.00000000000006 9994525.9041994978 463.50000000000006 61.500000000000007 16615.192255767786 19784.406629795008 99.500000000000014 220.50000000000003 18067.710060055902 29.500000000000004 4735193.1800000006 2758.3461649531168 5847042.9200000009 28151.443092347599 4911652.370000001 11550.140000000001 3689.1384215617431 0.42919799498746874 111.64285714285715 106.50000000000001 3276733.475000001 23.500000000000004 825.50000000000011 4871548.040000001 0.52548558703451709 90.500000000000014 118.50000000000001 97.500000000000014 17.956958131922097
decision_type=2 2 2 2 2 2 2 2 2 2 2 2 2 2 2 2 2 2 2 2 2 2 2 2 2 2 2 2 2 2
left_child=1 2 3 4 5 6 12 8 10 -10 14 -12 -1 -14 16 -16 -7 18 19 -18 22 -22 23 25 -25 29 27 -27 -29 -19
right_child=-2 -3 -4 -5 -6 7 -8 -9 9 -11 11 -13 13 -15 15 -17 17 20 -20 -21 21 -23 -24 24 -26 26 -28 28 -30 -31
leaf_value=201.54834778454841 7975.552597600763 -4180.5540615943173 1134.9450716291155 -1565.1123748779298 804.87405662536628 480.80194726671493 -1397.3082102457684 899.7616552179511 -1310.529091949463 64.403291248139894 1370.2445171009413 141.53288043715736 -166.66158105214438 -1066.4110832214355 41.402525460379465 -1069.2558978489467 125.84671466533956 -47.846168478211361 -42.917311955733624 -2352.5251067733766 780.87534895045792 -340.34067715731538 -299.00414114665318 1270.2009124755859 158.76657089233402 -133.32515368536821 -679.57989997863774 959.55931760098065 3.192505502700806 380.37645042621028
leaf_weight=98 22 31 28 24 24 63 24 22 20 21 22 55 150 24 35 28 26 201 772 20 93 22 143 34 30 317 70 47 80 246
leaf_count=98 22 31 28 24 24 63 24 22 20 21 22 55 150 24 35 28 26 201 772 20 93 22 143 34 30 317 70 47 80 246
internal_value=22.4136 -40.7521 6.10215 -5.55686 8.37292 1.19454 -217.489 28.5415 20.368 -606.295 31.5196 492.593 -113.387 -290.765 15.5777 -452.223 29.1967 15.6549 -94.0228 -951.706 85.582 566.382 38.243 85.2931 749.216 41.0776 -86.5369 6.96084 357.124 187.82
internal_weight=2792 2770 2739 2711 2687 2663 296 2367 2345 41 2304 77 272 174 2227 63 2164 2101 818 46 1283 115 1168 1025 64 961 514 444 127 447
internal_count=2792 2770 2739 2711 2687 2663 296 2367 2345 41 2304 77 272 174 2227 63 2164 2101 818 46 1283 115 1168 1025 64 961 514 444 127 447
is_linear=0
shrinkage=0.05


Tree=216
num_leaves=31
num_cat=0
split_feature=36 28 45 37 36 11 66 48 52 22 20 18 11 56 52 103 37 88 18 15 15 18 15 38 32 79 85 90 15 18
split_gain=6.00674e+11 2.35116e+11 1.90295e+10 2.35661e+10 1.69062e+10 2.18352e+10 8.61234e+09 1.34803e+10 8.05438e+09 1.14032e+10 1.01044e+10 9.51151e+09 8.52328e+09 1.22782e+10 8.91432e+09 1.09443e+10 7.84145e+09 7.25036e+09 7.10291e+09 1.4511e+10 9.23028e+09 7.88245e+09 6.33556e+09 6.25902e+09 5.89195e+09 5.83725e+09 5.60586e+09 5.8943e+09 5.84698e+09 8.55526e+09
threshold=36.500000000000007 112.50000000000001 118.50000000000001 84.500000000000014 27.500000000000004 1268918.8250000002 -0.9523422988233432 0.069371076140166507 26998.852957875464 13.500000000000002 16.500000000000004 20285.002323012846 30141.375000000004 24.500000000000004 28034.362973313571 450637.03999999986 46.500000000000007 10023807.745000003 25887.990928397889 32432.339469696974 31071.116215170281 24824.632275525761 25008.083565052268 78.500000000000014 24.500000000000004 3801241.8550000004 9412500.6557142884 2750836.2886160291 29238.866278074871 23064.157203015511
decision_type=2 2 2 2 2 2 2 2 2 2 2 2 2 2 2 2 2 2 2 2 2 2 2 2 2 2 2 2 2 2
left_child=1 2 3 4 5 6 7 17 9 -8 -11 16 14 24 15 -13 22 -1 20 -20 21 26 25 -9 -14 -10 27 28 29 -16
right_child=-2 -3 -4 -5 -6 -7 8 23 11 10 -12 12 13 -15 18 -17 -18 -19 19 -21 -22 -23 -24 -25 -26 -27 -28 -29 -30 -31
leaf_value=262.27463207244875 8445.7182076590398 -4969.9376036326094 1537.1731906127932 -1538.8429829101563 1164.2975730403778 -1655.9987353515626 -1234.8341142134234 195.72502335258153 -65.962417325106543 -68.024878134698596 -1063.3633771456205 -90.049641552486946 686.75530758419563 1402.7214867909752 60.46087727016873 -1461.0006169637045 -472.66133261203771 921.26337966918948 -1380.7986823448769 -75.915794941530393 668.30546656290699 -872.4209431330363 1054.1975002532311 -908.76566688274511 -73.334973888862422 780.02340083624188 -704.23911199155066 842.12615429687503 376.50914976046636 -641.86201000213623
leaf_weight=120 21 24 20 25 31 20 22 23 44 1321 26 37 37 24 261 24 20 64 26 118 60 24 47 29 82 38 23 25 104 52
leaf_count=120 21 24 20 25 31 20 22 23 44 1321 26 37 37 24 261 24 20 64 26 118 60 24 47 29 82 38 23 25 104 52
internal_value=21.2929 -42.5515 0.498095 -10.772 3.36635 -10.1076 2.30955 290.599 -25.8628 -105.679 -87.2371 78.6004 17.1498 371.061 -49.9713 -629.44 448.541 491.488 1.0353 -311.52 83.0169 11.2024 591.363 -420.241 162.996 326.08 56.8088 96.4108 51.7036 -56.219
internal_weight=2792 2771 2747 2727 2702 2671 2651 236 2415 1369 1347 1046 897 143 754 61 149 184 693 144 549 489 129 52 119 82 465 442 417 313
internal_count=2792 2771 2747 2727 2702 2671 2651 236 2415 1369 1347 1046 897 143 754 61 149 184 693 144 549 489 129 52 119 82 465 442 417 313
is_linear=0
shrinkage=0.05


Tree=217
num_leaves=31
num_cat=0
split_feature=36 23 41 33 14 17 20 66 48 10 33 76 38 24 16 124 23 17 17 56 109 14 86 104 96 32 32 10 85 29
split_gain=5.42108e+11 2.14872e+11 8.96517e+09 2.23397e+10 7.27635e+09 1.6261e+10 5.44063e+09 4.68988e+09 7.11792e+09 6.34885e+09 6.01906e+09 7.0758e+09 5.39513e+09 5.37353e+09 1.26843e+10 7.42931e+09 5.84313e+09 1.12607e+10 7.10942e+09 5.63454e+09 8.62848e+09 9.60882e+09 1.24968e+10 1.11289e+10 8.26364e+09 6.81609e+09 1.25803e+10 6.98056e+09 7.10922e+09 7.36401e+09
threshold=36.500000000000007 373.50000000000006 70.500000000000014 255.50000000000003 10978572.715000002 8505605.658978669 19.500000000000004 -0.96227343267549392 0.069371076140166507 13900.655000000001 150.50000000000003 6622932.5700000012 78.500000000000014 9.5000000000000018 22758.139172823488 138.50000000000003 37.500000000000007 1564301.8106012989 1624067.6969935407 20.500000000000004 156.50000000000003 4708714.8550000014 1130858.1797767705 1435619.7000000002 6466698.0150000015 108.50000000000001 100.50000000000001 23402.065000000006 3031783.0750000007 7.5000000000000009
decision_type=2 2 2 2 2 2 2 2 2 2 2 2 2 2 2 2 2 2 2 2 2 2 2 2 2 2 2 2 2 2
left_child=1 2 3 4 5 6 7 8 9 -1 11 -11 -10 14 -9 -16 18 -18 -15 25 21 23 -23 24 -21 26 27 28 -19 -30
right_child=-2 -3 -4 -5 -6 -7 -8 13 12 10 -12 -13 -14 16 15 -17 17 19 -20 20 -22 22 -24 -25 -26 -27 -28 -29 29 -31
leaf_value=986.45442971622253 8023.4319800967269 -4962.1484108664772 844.44872062436991 -1498.4377138671875 930.21259068080371 -1299.7760708173118 790.60657737038355 -1413.1534710427991 239.84672074751421 180.08070115434361 -578.63349517822269 1215.7743896484376 -844.1621019999186 95.264677637927946 -460.82944901410275 753.63995056152351 -1133.4518489671789 -338.37469309458294 774.96903004747764 -22.227737051790413 -34.215028827446552 1768.4945933024092 226.07679716965251 -757.06406162806923 669.01100266849289 576.9130869815225 -1316.309678141276 712.93780291521989 -167.57079427927391 107.13774140703627
leaf_weight=34 21 22 31 25 21 24 22 23 22 94 20 20 24 212 34 20 23 249 47 88 484 24 29 28 85 38 21 27 522 458
leaf_count=34 21 22 31 25 21 24 22 23 22 94 20 20 24 212 34 20 23 249 47 88 484 24 29 28 85 38 21 27 522 458
internal_value=20.2283 -40.4239 -1.03581 -10.6789 3.13241 -4.15377 7.58903 1.02909 225.358 376.249 221.421 361.781 -325.723 -18.874 -429.843 -11.026 -5.32174 -33.2591 218.609 -20.9335 89.637 325.639 924.53 167.722 317.398 -82.9876 -102.624 -82.3319 -99.8032 -39.1866
internal_weight=2792 2771 2749 2718 2693 2672 2648 2626 214 168 134 114 46 2412 77 54 2335 2076 259 2053 738 254 53 201 173 1315 1277 1256 1229 980
internal_count=2792 2771 2749 2718 2693 2672 2648 2626 214 168 134 114 46 2412 77 54 2335 2076 259 2053 738 254 53 201 173 1315 1277 1256 1229 980
is_linear=0
shrinkage=0.05


Tree=218
num_leaves=31
num_cat=0
split_feature=42 0 34 28 16 32 33 3 17 19 56 8 29 83 19 9 97 66 48 45 1 105 105 66 3 8 29 51 43 126
split_gain=5.43212e+11 2.12045e+11 1.28591e+10 2.23829e+10 7.64968e+09 2.15338e+10 1.57205e+10 8.07883e+09 7.91861e+09 7.30376e+09 7.332e+09 1.38192e+10 2.70284e+10 5.64451e+09 5.48783e+09 6.74578e+09 5.47737e+09 7.83891e+09 9.81428e+09 6.54313e+09 9.56106e+09 5.1744e+09 7.41336e+09 7.30961e+09 9.8915e+09 5.68853e+09 5.46383e+09 1.08805e+10 9.01862e+09 8.44529e+09
threshold=194.50000000000003 631.00000000000011 145.50000000000003 91.500000000000014 12525.628230122356 87.500000000000014 234.50000000000003 197.50000000000003 8005303.6203494826 15637.644645516042 2.5000000000000004 3684.7100699859584 7.5000000000000009 3529006.7400000007 28151.443092347599 798.32500000000016 2951897.2883424661 -0.9523422988233432 0.069371076140166507 63.500000000000007 261.50000000000006 -1158940.4199999997 -1946303.4850000001 -0.65187484896379921 125.50000000000001 2839.0594283232463 6.5000000000000009 19910.491532856333 75.500000000000014 73.331684788134069
decision_type=2 2 2 2 2 2 2 2 2 2 2 2 2 2 2 2 2 2 2 2 2 2 2 2 2 2 2 2 2 2
left_child=1 2 3 4 5 -1 7 8 9 -6 11 12 -11 -13 16 -16 -12 18 19 20 -18 22 -19 24 -24 -23 -27 29 -29 -28
right_child=-2 -3 -4 -5 6 -7 -8 -9 -10 10 14 13 -14 -15 15 -17 17 21 -20 -21 -22 25 23 -25 -26 26 27 28 -30 -31
leaf_value=-83.438501726570792 8229.8836926269541 -4929.2749217640267 995.5477870941163 -1394.2961581526133 482.0399857919428 -1755.8169157608697 1384.473691231864 -965.83664231073294 813.12563560239732 -2387.6659075055804 198.29748957596817 -257.962185482103 -64.44202339418473 653.47970956655649 5.9065240299000461 -1063.9749474158655 428.80294871330261 18.589917610787058 -402.34835454429071 -259.1716982327975 1615.6260131835938 708.23061218261728 -1647.935074462891 -239.95643388721305 -255.00451043935925 -144.38106047059702 -134.66351493032354 195.83892405048903 -472.9406704434482 -1236.9049687500001
leaf_weight=118 20 22 32 29 79 23 21 21 31 21 385 49 31 26 34 26 112 185 41 26 20 28 25 142 26 478 57 604 55 25
leaf_count=118 20 22 32 29 79 23 21 21 31 21 385 49 31 26 34 26 112 185 41 26 20 28 25 142 26 478 57 604 55 25
internal_value=19.2169 -40.0232 -0.909144 -12.6408 2.25992 -356.238 22.0983 10.7766 18.9605 9.0134 -6.58305 -376.286 -1002.67 58.0043 14.1099 -457.709 26.9253 -9.24706 286.953 465.823 608.625 -45.5202 -207.575 -424.364 -937.814 3.60292 -12.5821 72.438 140.023 -470.713
internal_weight=2792 2772 2750 2718 2689 141 2548 2527 2506 2475 2396 127 52 75 2269 60 2209 1824 199 158 132 1625 378 193 51 1247 1219 741 659 82
internal_count=2792 2772 2750 2718 2689 141 2548 2527 2506 2475 2396 127 52 75 2269 60 2209 1824 199 158 132 1625 378 193 51 1247 1219 741 659 82
is_linear=0
shrinkage=0.05


Tree=219
num_leaves=31
num_cat=0
split_feature=42 80 29 34 38 45 23 51 20 43 16 48 20 84 16 11 23 48 104 20 107 118 50 45 40 32 47 16 51 95
split_gain=4.90249e+11 1.96324e+11 3.24761e+10 2.98689e+10 2.49249e+10 6.91484e+09 8.47369e+09 1.79685e+10 8.00396e+09 5.32193e+09 4.82525e+09 9.24216e+09 8.61876e+09 1.10004e+10 8.3198e+09 7.3042e+09 8.29254e+09 6.85407e+09 9.62199e+09 8.56252e+09 5.90082e+09 5.76166e+09 1.06295e+10 7.41419e+09 6.91663e+09 1.16978e+10 8.92841e+09 8.70702e+09 5.73002e+09 5.52692e+09
threshold=194.50000000000003 13856613.415000001 34.500000000000007 145.50000000000003 288.50000000000006 99.500000000000014 258.50000000000006 26937.892479873957 19.500000000000004 96.500000000000014 21314.141396495055 0.046988627402877327 2.5000000000000004 8572406.7400000021 21498.814830878418 727916.13500000013 144.50000000000003 0.050073746312684374 -995932.71499999973 4.5000000000000009 388.00000000000006 121.50000000000001 1.0508044394734581 32.500000000000007 19.500000000000004 75.500000000000014 0.83358974358974369 14474.521330644477 23542.357602739728 708175.28500000015
decision_type=2 2 2 2 2 2 2 2 2 2 2 2 2 2 2 2 2 2 2 2 2 2 2 2 2 2 2 2 2 2
left_child=1 2 3 4 5 6 8 -8 9 10 11 15 13 -12 -14 16 29 18 -13 -20 21 23 -23 28 25 -24 -26 -28 -19 -1
right_child=-2 -3 -4 -5 -6 -7 7 -9 -10 -11 12 17 14 -15 -16 -17 -18 20 19 -21 -22 22 24 -25 26 -27 27 -29 -30 -31
leaf_value=-325.19888639803287 7818.3899206542965 -4973.9515649414061 -2009.639404296875 1423.5149612014359 -1765.3730767822265 833.98251464843747 -1692.0996316389603 378.63245071411137 982.06396978469138 776.32149436257112 -80.050384563099257 269.88718612670903 924.03993072509775 -1188.7478523254395 105.17654847773125 798.89498291015627 -656.88795116527672 127.86102444118924 -356.93689676920576 -1679.1246362304687 714.2938485717774 -1298.4581898564879 -240.7173483158931 957.76955740792425 514.12085838317876 -1257.9364000111818 -868.5891955481635 44.529969144118468 -523.63393744574648 231.0664676237476
leaf_weight=54 20 20 20 37 20 25 22 20 21 22 330 20 32 24 1012 36 37 135 24 25 20 23 242 21 64 32 36 95 45 258
leaf_count=54 20 20 20 37 20 25 22 20 21 22 330 20 32 24 1012 36 37 135 24 25 20 23 242 21 64 32 36 95 45 258
internal_value=18.256 -38.022 -2.15042 12.5457 -6.82569 6.32233 -1.48578 -706.037 9.86051 1.96864 -4.67298 -79.7323 57.9838 -155.216 130.276 120.805 50.8583 -178.462 -654.302 -1031.52 -132.413 -156.849 -248.998 68.7108 -197.532 -359.517 30.0763 -206.404 -35.0127 134.79
internal_weight=2792 2772 2752 2732 2695 2675 2650 42 2608 2587 2565 1167 1398 354 1044 385 349 782 69 49 713 693 492 201 469 274 195 131 180 312
internal_count=2792 2772 2752 2732 2695 2675 2650 42 2608 2587 2565 1167 1398 354 1044 385 349 782 69 49 713 693 492 201 469 274 195 131 180 312
is_linear=0
shrinkage=0.05


Tree=220
num_leaves=31
num_cat=0
split_feature=34 33 17 33 105 23 41 51 22 43 20 28 19 17 45 43 26 88 33 106 56 41 113 19 106 15 126 105 13 112
split_gain=2.96666e+11 2.41382e+11 2.62032e+10 3.85566e+10 1.01854e+10 1.43271e+10 2.02379e+10 1.21922e+10 7.64477e+09 7.63697e+09 5.836e+09 4.56093e+09 9.00649e+09 8.94535e+09 8.8786e+09 7.84715e+09 7.53569e+09 7.31126e+09 6.35367e+09 8.65157e+09 5.5098e+09 6.95293e+09 5.31493e+09 4.98396e+09 6.64127e+09 8.38019e+09 7.68671e+09 7.01265e+09 7.49732e+09 7.91879e+09
threshold=178.50000000000003 301.50000000000006 10149478.950604098 253.50000000000003 5026819.0950000016 233.50000000000003 45.500000000000007 26342.702174104128 119.50000000000001 5.5000000000000009 18.500000000000004 14.500000000000002 24209.69896816841 4124375.4315995895 38.500000000000007 35.500000000000007 41.500000000000007 5009157.1000000006 128.50000000000003 201519.82000000009 24.500000000000004 29.500000000000004 202.50000000000003 19562.155691978202 -1095667.7850000001 19121.524541041799 123.62149671516626 -729570.49999999965 1817.0093824098881 158.50000000000003
decision_type=2 2 2 2 2 2 2 2 2 2 2 2 2 2 2 2 2 2 2 2 2 2 2 2 2 2 2 2 2 2
left_child=1 2 3 4 5 9 -7 -8 -6 -1 11 14 16 -14 15 -11 23 22 20 -20 21 -18 -16 24 26 -26 -13 -27 -29 -30
right_child=-2 -3 -4 -5 8 6 7 -9 -10 10 -12 12 13 -15 17 -17 18 -19 19 -21 -22 -23 -24 -25 25 27 -28 28 29 -31
leaf_value=-927.99014660063244 6083.7230675506598 -5368.061176990328 1507.9952163696289 -2190.2252624511721 144.66731848144534 -1768.3174625538013 -630.33118919959441 888.07855270385744 1422.6351307262075 101.81649266276236 859.514300827753 467.25341115965875 -239.80006326947893 -1471.6743594360353 970.16335571289062 -437.44715778925649 -215.05251745605472 1386.5403470126066 -536.17632842192779 512.41321567353759 1270.5298074340822 1019.0555175781251 -41.509859471707735 -172.44291595492973 -320.9649673020968 -230.30322875976563 -562.10149797712063 101.85492803273986 248.03635590651939 1541.289455871582
leaf_weight=21 20 21 29 20 25 27 39 20 22 889 21 133 56 20 20 73 25 22 37 42 25 21 37 477 186 129 21 261 29 20
leaf_count=21 20 21 29 20 25 27 39 20 22 889 21 133 56 20 20 73 25 22 37 42 25 21 37 477 186 129 21 261 29 20
internal_value=16.0054 -27.8365 12.988 -2.96318 13.2508 0.315322 -634.487 -115.616 742.865 21.5992 29.4377 22.5287 -33.8142 -563.978 102.74 60.8952 -5.15675 612.295 329.8 21.3017 673.058 348.345 313.463 -45.1595 32.7791 -39.689 326.887 79.4849 208.397 775.895
internal_weight=2788 2768 2747 2718 2698 2651 86 59 47 2565 2544 2523 1482 76 1041 962 1406 79 150 79 71 46 57 1256 779 625 154 439 310 49
internal_count=2788 2768 2747 2718 2698 2651 86 59 47 2565 2544 2523 1482 76 1041 962 1406 79 150 79 71 46 57 1256 779 625 154 439 310 49
is_linear=0
shrinkage=0.05


Tree=221
num_leaves=31
num_cat=0
split_feature=35 32 4 38 105 23 41 44 43 22 107 103 25 17 45 78 79 23 38 17 50 8 97 106 16 106 103 23 17 23
split_gain=2.757e+11 2.85777e+11 3.23336e+10 1.87994e+10 9.25431e+09 1.28403e+10 1.83174e+10 1.03283e+10 6.89237e+09 6.21825e+09 4.14988e+09 1.14539e+10 1.05886e+10 1.23219e+10 8.4933e+09 8.45676e+09 7.46548e+09 7.0624e+09 1.42862e+10 7.96409e+09 7.00827e+09 6.987e+09 5.71694e+09 5.71365e+09 7.3835e+09 6.31682e+09 5.74183e+09 4.93705e+09 1.11475e+10 8.4738e+09
threshold=69.500000000000014 174.50000000000003 2641.5000000000005 285.00000000000006 5026819.0950000016 233.50000000000003 45.500000000000007 43.500000000000007 5.5000000000000009 119.50000000000001 249.50000000000003 -396276.14500000019 12.500000000000002 5507100.9604892572 68.500000000000014 6547171.1700000009 5729193.8400000008 143.50000000000003 124.50000000000001 4692407.2724734219 1.1033063078603877 3726.6005612833128 4616578.2335891584 608751.10000000009 18503.881572225371 1407242.2850000001 706545.62 51.500000000000007 2133755.5907708504 57.500000000000007
decision_type=2 2 2 2 2 2 2 2 2 2 2 2 2 2 2 2 2 2 2 2 2 2 2 2 2 2 2 2 2 2
left_child=1 2 3 4 5 8 -7 -8 -1 -6 17 12 13 15 -15 -12 20 19 -19 27 -13 23 -21 26 -25 -26 -20 28 -10 -29
right_child=-2 -3 -4 -5 9 6 7 -9 10 -11 11 16 -14 14 -16 -17 -18 18 21 22 -22 -23 -24 24 25 -27 -28 29 -30 -31
leaf_value=-881.59061704363148 5466.8247505519703 -5462.4620895385742 1884.2473473590355 -1525.6712103271484 177.51205391517055 -1679.9015665690106 457.25589464973001 -897.47428309122722 61.234634775242831 1319.6714594060725 -138.56370153427125 -546.01047363281248 867.93702494303386 -294.0392345797631 -1615.631481628418 689.46804780505954 1032.5325066332548 -1505.5773204985119 -955.88683706327924 -39.435044174194338 591.175715418089 485.64113225163641 1025.9192985983457 800.54768995202107 361.38691804068435 -794.85428545916523 -171.4825424194336 -430.41779614257814 769.05600091257406 2.4252893988693818
leaf_weight=21 23 24 23 20 26 27 34 24 541 22 116 20 30 31 20 42 53 21 43 20 42 37 34 23 21 27 51 125 62 1185
leaf_count=21 23 24 23 20 26 27 34 24 541 22 116 20 30 31 20 42 53 21 43 20 42 37 34 23 21 27 51 125 62 1185
internal_value=15.2051 -30.1429 17.4221 1.62486 12.9466 0.483667 -604.118 -103.322 20.5192 701.002 27.9659 186.802 -10.4831 -136.572 -812.311 81.546 596.812 2.29097 -264.379 32.5235 224.341 -135.343 631.344 -274.594 63.9529 -288.999 -530.306 15.62 134.012 -38.8765
internal_weight=2788 2765 2741 2718 2698 2650 85 58 2565 48 2544 354 239 209 51 158 115 2190 223 1967 62 202 54 165 71 48 94 1913 603 1310
internal_count=2788 2765 2741 2718 2698 2650 85 58 2565 48 2544 354 239 209 51 158 115 2190 223 1967 62 202 54 165 71 48 94 1913 603 1310
is_linear=0
shrinkage=0.05


Tree=222
num_leaves=31
num_cat=0
split_feature=44 42 41 38 105 40 101 22 50 6 17 16 27 65 4 45 87 22 105 66 50 6 33 76 14 9 15 5 80 105
split_gain=2.7087e+11 2.50952e+11 3.81284e+10 2.76983e+10 8.99314e+09 1.12974e+10 1.5309e+10 6.52381e+09 6.40088e+09 4.53462e+09 4.9796e+09 4.18755e+09 6.20337e+09 5.02737e+09 6.83552e+09 8.54056e+09 6.7761e+09 6.68577e+09 1.41533e+10 8.34918e+09 8.01645e+09 1.16582e+10 1.02206e+10 6.31884e+09 7.8037e+09 5.89243e+09 7.02117e+09 5.58458e+09 5.31406e+09 5.54892e+09
threshold=69.500000000000014 178.50000000000003 70.500000000000014 288.50000000000006 5026819.0950000016 38.500000000000007 4901484.3847017204 119.50000000000001 1.012579113924051 2.4844643717746542 788225.5292612575 24909.52919059202 63.500000000000007 -0.88606241628642823 1175.5000000000002 33.500000000000007 2199007.2150000003 63.500000000000007 2230402.8350000004 -0.98518361333263327 1.0737739234449764 2.3184139234311787 130.50000000000003 8448341.7050000019 6762199.1250000009 816.63000000000011 23902.757490056018 4.6071822442790191 4675217.580000001 250821.66499999983
decision_type=2 2 2 2 2 2 2 2 2 2 2 2 2 2 2 2 2 2 2 2 2 2 2 2 2 2 2 2 2 2
left_child=1 2 3 4 5 8 -7 -6 -1 10 -10 13 -13 14 15 28 -17 18 19 -15 21 22 -19 -22 -25 -21 -27 -28 29 -12
right_child=-2 -3 -4 -5 7 6 -8 -9 9 -11 11 12 -14 17 -16 16 -18 20 -20 25 23 -23 -24 24 -26 26 27 -29 -30 -31
leaf_value=-678.66882779670493 5671.6169590541294 -5015.3197632904057 1852.6133305140906 -1768.8837080522019 168.63645160381611 166.80026847839358 -1766.1038475399926 1353.5133184523811 796.80319795154401 -535.07579837375215 51.168764678955085 113.63891246237593 971.54774918989699 371.55446530855625 1019.4656331842597 -1015.8046755472819 -42.230433000837053 -85.400880105154855 -1376.9604277237604 -229.98832633715858 53.964010699226051 418.85418713378908 -1556.1473361545141 145.69341111038671 1397.3533666992189 1045.2305578613282 345.3243588071881 -713.51821899414062 1056.0940894317628 668.81590169270839
leaf_weight=33 21 25 28 22 26 20 21 21 21 36 150 499 22 78 22 24 70 21 23 573 786 25 27 33 20 20 33 20 20 48
leaf_count=33 21 25 28 22 26 20 21 21 21 36 150 499 22 78 22 24 70 21 23 573 786 25 27 33 20 20 33 20 20 48
internal_value=14.4449 -28.4899 16.9772 -1.96086 12.4791 0.296915 -823.224 698.05 13.2633 22.1445 30.0577 23.6529 149.865 -9.3409 167.644 107.58 -290.803 -44.9726 -155.88 -117.089 45.8691 -456.686 -912.696 89.5955 618.018 -176.089 246.986 -54.2389 279.359 200.901
internal_weight=2788 2767 2742 2714 2692 2645 41 47 2604 2571 2535 2514 521 1993 334 312 94 1659 747 724 912 73 48 839 53 646 73 53 218 198
internal_count=2788 2767 2742 2714 2692 2645 41 47 2604 2571 2535 2514 521 1993 334 312 94 1659 747 724 912 73 48 839 53 646 73 53 218 198
is_linear=0
shrinkage=0.05


Tree=223
num_leaves=31
num_cat=0
split_feature=34 32 28 33 28 23 102 98 38 14 103 94 8 5 16 23 98 37 38 23 107 23 13 5 98 97 8 77 95 28
split_gain=2.57316e+11 2.67871e+11 4.82302e+10 3.24346e+10 8.79424e+09 1.1286e+10 2.53232e+10 7.13456e+09 8.94532e+09 6.73183e+09 7.82966e+09 7.96977e+09 1.1442e+10 7.98598e+09 7.62743e+09 8.54368e+09 7.09848e+09 6.9591e+09 7.83308e+09 6.56398e+09 1.21274e+10 7.82342e+09 7.20517e+09 8.53688e+09 5.88366e+09 5.12151e+09 6.08127e+09 5.04445e+09 4.76511e+09 4.43444e+09
threshold=178.50000000000003 182.00000000000003 100.50000000000001 258.50000000000006 84.500000000000014 233.50000000000003 2766871.7041365597 2708116.2657448989 223.50000000000003 6338146.290000001 -1562534.2549999997 1330134.352819659 3721.8641500196204 4.2899245315752959 19084.993589323927 174.50000000000003 2241798.5194828943 48.500000000000007 187.50000000000003 143.50000000000003 188.50000000000003 137.50000000000003 734.40627445021073 4.4651780255611522 2976930.3011015817 5234167.9833561648 3726.6005612833128 6762992.830000001 1802829.6200000003 14.500000000000002
decision_type=2 2 2 2 2 2 2 2 2 2 2 2 2 2 2 2 2 2 2 2 2 2 2 2 2 2 2 2 2 2
left_child=1 2 3 4 5 9 7 -7 -9 10 11 12 -1 -13 -11 16 -16 24 -19 21 -21 29 23 -22 -17 26 -18 -15 -23 -12
right_child=-2 -3 -4 -5 -6 6 -8 8 -10 14 19 13 -14 27 15 17 25 18 -20 20 22 28 -24 -25 -26 -27 -28 -29 -30 -31
leaf_value=-1798.2789544677735 5664.7157379150394 -5792.6865747070315 2401.8624703543528 -1761.0761052058294 946.81625000000008 -746.08779754638681 -2067.1897783551899 -408.9531094868978 1050.4436837332589 994.73068670457417 104.5240561973106 657.46914746093762 -106.98012512207032 -159.87825229042457 -305.33136199951173 -689.11557769775391 566.78777367273972 765.87491142077329 -256.90797373453773 -1399.4287535167878 -30.209578528771033 1246.51806640625 105.82678911421036 -1385.6239313034785 251.77388051350914 272.05554118156437 1747.3063485717773 -1052.3425076293945 224.85929492187503 -47.361444066049728
leaf_weight=20 20 20 21 26 25 25 21 21 21 31 999 25 20 76 20 54 24 39 36 21 26 21 108 21 24 32 20 20 25 926
leaf_count=20 20 20 21 26 25 25 21 21 21 31 999 25 20 76 20 54 24 39 36 21 26 21 108 21 24 32 20 20 25 926
internal_value=13.7226 -27.1082 14.8538 -3.52804 13.3902 4.66988 -552.18 -77.3268 320.745 23.6045 -4.48315 -340.783 -952.63 -138.52 255.127 163.048 532.794 -68.9492 274.939 20.7354 -271.831 46.8601 -119.06 -635.82 -399.611 753.353 1103.39 -345.808 691.269 31.4612
internal_weight=2788 2768 2748 2727 2701 2676 88 67 42 2588 2308 161 40 121 280 249 96 153 75 2147 176 1971 155 47 78 76 44 96 46 1925
internal_count=2788 2768 2748 2727 2701 2676 88 67 42 2588 2308 161 40 121 280 249 96 153 75 2147 176 1971 155 47 78 76 44 96 46 1925
is_linear=0
shrinkage=0.05


Tree=224
num_leaves=31
num_cat=0
split_feature=34 33 27 38 3 23 102 26 50 14 23 8 103 98 75 28 45 9 18 36 33 6 4 103 51 58 85 19 16 120
split_gain=2.32227e+11 2.08778e+11 3.44519e+10 3.23743e+10 1.65063e+10 9.37606e+09 1.94215e+10 6.60247e+09 5.89953e+09 4.74626e+09 7.28801e+09 7.61618e+09 6.56485e+09 9.03337e+09 6.40281e+09 6.17177e+09 7.66224e+09 6.24814e+09 1.07421e+10 5.94718e+09 5.61252e+09 5.97746e+09 8.29303e+09 5.58156e+09 5.13605e+09 4.82001e+09 7.66871e+09 5.22303e+09 8.98174e+09 8.64062e+09
threshold=178.50000000000003 301.50000000000006 173.50000000000003 288.50000000000006 206.50000000000003 233.50000000000003 2768178.748908849 50.500000000000007 1.012579113924051 6450940.495000001 171.50000000000003 3428.134340447436 -232408.66000000024 2769755.7319641528 6346782.8800000008 14.500000000000002 38.500000000000007 968.82500000000016 24824.632275525761 13.500000000000002 67.500000000000014 2.4407078126094741 300.50000000000006 -13048.895000000017 16954.152190016106 318.50000000000006 3312599.7875000006 18830.559939013219 22789.221584703278 309.50000000000006
decision_type=2 2 2 2 2 2 2 2 2 2 2 2 2 2 2 2 2 2 2 2 2 2 2 2 2 2 2 2 2 2
left_child=1 2 3 4 5 8 7 -7 -1 15 19 -12 13 -13 -14 16 20 25 -19 -11 21 -10 -23 -22 -18 27 -27 28 -17 -29
right_child=-2 -3 -4 -5 -6 6 -8 -9 9 10 11 12 14 -15 -16 17 24 18 -20 -21 23 22 -24 -25 -26 26 -28 29 -30 -31
leaf_value=-644.0154201769468 5381.4800146484376 -4992.242017764137 2029.6527890159971 -1665.0122583849677 1348.2787556523863 -586.17917200724287 -1831.8673162551154 414.0077988595674 126.98841524106763 209.81479063291809 649.8218212748684 -1144.0636164698108 -383.92192549272022 115.01902727399555 500.09599880642367 57.693414655574486 236.98280174199573 98.760470468026625 -1325.1543059128981 1112.4967845492893 194.80758045578003 -1041.2059235749421 92.896329650878911 -757.55986389160159 1058.2303245544433 -134.09639345366381 -1269.4982263183595 -64.95651273860085 1050.5839197794596 -841.68259124755866
leaf_weight=33 20 21 21 29 23 33 21 33 823 37 43 29 33 28 54 447 47 27 26 36 25 27 40 40 32 58 20 620 24 38
leaf_count=33 20 21 21 29 23 33 21 33 823 37 43 29 33 28 54 447 47 27 26 36 25 27 40 40 32 58 20 620 24 38
internal_value=13.0365 -25.7528 12.2145 -3.32701 14.5406 3.06863 -507.481 -86.0857 20.2383 28.821 231.284 65.8866 -108.483 -525.567 164.779 5.87405 96.4063 -68.4199 -599.764 654.973 57.2592 90.0166 -364.13 -391.265 569.64 -45.0883 -425.225 -18.8255 108.287 -109.813
internal_weight=2788 2768 2747 2726 2697 2674 87 66 2587 2554 260 187 144 57 87 2294 1034 1260 53 73 955 890 67 65 79 1207 78 1129 471 658
internal_count=2788 2768 2747 2726 2697 2674 87 66 2587 2554 260 187 144 57 87 2294 1034 1260 53 73 955 890 67 65 79 1207 78 1129 471 658
is_linear=0
shrinkage=0.05


Tree=225
num_leaves=31
num_cat=0
split_feature=44 34 28 44 14 23 5 83 112 102 111 78 23 66 19 16 19 5 106 44 34 23 28 85 85 66 111 10 103 0
split_gain=3.49495e+11 2.45982e+11 5.1367e+10 2.72758e+10 6.71088e+09 1.80905e+10 5.3235e+09 4.09118e+09 4.9699e+09 4.60899e+09 6.27643e+09 5.33114e+09 8.4632e+09 1.17243e+10 4.85882e+09 8.91853e+09 6.03083e+09 5.34759e+09 5.14697e+09 5.1664e+09 7.20246e+09 6.18316e+09 8.43887e+09 6.54005e+09 7.9027e+09 5.92181e+09 6.56355e+09 6.64381e+09 5.73278e+09 5.26115e+09
threshold=69.500000000000014 159.50000000000003 103.50000000000001 52.500000000000007 10978572.715000002 271.00000000000006 5.0387205387205398 409462.74500000005 27.500000000000004 1660854.655670258 44.587258853254689 835184.20000000007 24.500000000000004 0.80392796183282111 26074.540381567789 28163.375243097704 24295.398644099194 4.7511904761904775 2388986.5899999999 11.500000000000002 37.500000000000007 90.500000000000014 22.500000000000004 4867523.5185714299 3525508.6525000008 0.25118075958286767 29.298951610677751 15521.195000000002 -534046.19000000006 171.50000000000003
decision_type=2 2 2 2 2 2 2 2 2 2 2 2 2 2 2 2 2 2 2 2 2 2 2 2 2 2 2 2 2 2
left_child=1 2 3 4 5 6 7 -1 -9 10 -10 -11 13 -13 15 18 -17 -16 19 20 -14 22 23 24 -21 29 -27 -28 -22 -23
right_child=-2 -3 -4 -5 -6 -7 -8 8 9 11 -12 12 14 -15 17 16 -18 -19 -20 21 28 25 -24 -25 -26 26 27 -29 -30 -31
leaf_value=692.33855646306824 6303.3645818536934 -5063.5744120279951 2276.5025922851564 -1678.4530378977461 884.31880160245043 -1359.1125661214194 794.37581953568895 -519.26751324046745 -60.194801363031914 -747.10651605779481 -1083.4657614968041 1534.1240982055665 -4.2591808939298703 130.7388116919476 -139.51280847007845 890.40873948700573 124.31424048388448 -1052.4740751624108 -386.15263263995831 65.879819863736643 -952.38469782648872 -278.22709834260758 916.4444664588342 -408.67405843531833 496.25129699707031 -804.59973762685604 -868.57197236560648 128.16505410729386 -218.75503846017938 98.867880910552898
leaf_weight=22 22 24 25 24 22 24 22 44 47 22 22 22 449 46 81 49 54 20 78 320 37 106 39 47 160 44 21 82 95 726
leaf_count=22 22 24 25 24 22 24 22 44 47 22 22 22 449 46 81 49 54 20 78 320 37 106 39 47 160 44 21 82 95 726
internal_value=26.1969 -23.586 20.3993 -0.298848 14.6126 7.47051 19.8238 13.352 7.63098 16.6624 -386.455 27.7973 34.6826 584.775 19.1484 34.0092 488.767 -320.297 12.7569 27.3924 -99.7114 75.19 206.741 154.22 209.337 -0.865022 -293.421 -75.0532 -424.394 50.8245
internal_weight=2796 2774 2750 2725 2701 2679 2655 2633 2611 2567 69 2498 2476 68 2408 2307 103 101 2204 2126 581 1545 566 527 480 979 147 103 132 832
internal_count=2796 2774 2750 2725 2701 2679 2655 2633 2611 2567 69 2498 2476 68 2408 2307 103 101 2204 2126 581 1545 566 527 480 979 147 103 132 832
is_linear=0
shrinkage=0.05


Tree=226
num_leaves=31
num_cat=0
split_feature=30 1 28 3 33 23 5 65 75 65 48 101 88 7 7 5 95 22 23 23 118 101 57 10 84 120 78 36 41 90
split_gain=3.41178e+11 1.56773e+11 2.5318e+10 3.37614e+10 7.61734e+09 1.5345e+10 4.78123e+09 3.93902e+09 5.85627e+09 5.31026e+09 5.3096e+09 4.59462e+09 4.28908e+09 7.15788e+09 9.82454e+09 6.75104e+09 5.14134e+09 4.90564e+09 4.84962e+09 1.08436e+10 1.00803e+10 1.1513e+10 5.96493e+09 7.15486e+09 6.50901e+09 5.69423e+09 5.31484e+09 4.82328e+09 4.79547e+09 4.5738e+09
threshold=12.500000000000002 571.50000000000011 103.50000000000001 219.50000000000003 250.50000000000003 273.50000000000006 5.0387205387205398 0.98930504265984687 4188643.0800000005 0.98046008095854986 0.061376457662016312 4793863.9715052089 11637790.895000001 5811.0695314160776 5517.3114103107355 4.4979838381867561 2362019.1400000001 95.500000000000014 143.50000000000003 138.50000000000003 211.50000000000003 5025039.7867058013 2.5000000000000004 14694.485000000002 10095504.730000002 241.50000000000003 7642367.4250000017 16.500000000000004 38.500000000000007 2650334.7446043086
decision_type=2 2 2 2 2 2 2 2 2 2 2 2 2 2 2 2 2 2 2 2 2 2 2 2 2 2 2 2 2 2
left_child=1 2 3 4 5 6 7 9 -9 12 -10 -11 18 14 16 -16 -14 -18 19 -1 21 -20 24 -24 26 27 28 -25 -22 -15
right_child=-2 -3 -4 -5 -6 -7 -8 8 10 11 -12 -13 13 29 15 -17 17 -19 20 -21 22 -23 23 25 -26 -27 -28 -29 -30 -31
leaf_value=11.354020722140659 6531.9729098510743 -4132.8715735394026 1629.2287445068359 -1761.1672693323208 942.29537020596604 -1135.8072669719829 754.65701710094118 -919.82448470504187 -414.03449123216717 80.8832400004069 417.1137072014086 1081.2441328330474 537.21226482044574 337.65049560611897 1711.8722479248049 455.81188858695651 -440.04698368419304 373.57649784088136 -292.35710770000111 969.50352254231768 63.988866632634938 -1739.1706915283205 769.87836392720544 778.58418518066412 -1145.4139807128906 -316.95448648664689 290.31078817905524 -223.8376126098633 -922.47321820940294 -559.90832565307619
leaf_weight=1880 20 23 24 27 22 29 22 27 46 24 33 22 55 22 20 23 44 32 44 30 22 20 36 30 20 72 39 20 28 40
leaf_count=1880 20 23 24 27 22 29 22 27 46 24 33 22 55 22 20 23 44 32 44 30 22 20 36 30 20 72 39 20 28 40
internal_value=24.887 -21.994 12.3504 -1.86911 15.7109 8.10456 20.6181 14.4755 -284.114 27.0203 -66.846 559.317 17.1351 219.882 384.254 1040.03 169 -97.4687 -4.21617 26.4035 -180.904 -744.486 -45.8127 150.479 -330.345 -32.2947 -147.184 377.615 -488.43 -241.42
internal_weight=2796 2776 2753 2729 2702 2680 2651 2629 106 2523 79 46 2477 236 174 43 131 76 2241 1910 331 64 267 158 109 122 89 50 50 62
internal_count=2796 2776 2753 2729 2702 2680 2651 2629 106 2523 79 46 2477 236 174 43 131 76 2241 1910 331 64 267 158 109 122 89 50 50 62
is_linear=0
shrinkage=0.05


Tree=227
num_leaves=31
num_cat=0
split_feature=44 36 35 44 3 45 31 107 23 7 23 23 10 45 10 0 100 97 19 20 31 6 56 8 7 23 23 17 15 26
split_gain=3.21687e+11 2.24607e+11 3.02352e+10 4.00652e+10 1.02346e+10 1.55318e+10 5.32075e+09 6.17944e+09 4.79954e+09 1.25673e+10 1.07078e+10 9.20013e+09 6.03002e+09 6.03237e+09 5.52199e+09 5.48731e+09 5.44599e+09 6.55823e+09 8.28589e+09 6.53844e+09 6.94025e+09 6.43428e+09 6.20743e+09 1.71936e+10 6.09271e+09 5.64981e+09 7.91112e+09 5.47011e+09 5.35126e+09 5.28307e+09
threshold=69.500000000000014 33.500000000000007 60.500000000000007 53.500000000000007 210.50000000000003 95.500000000000014 33.500000000000007 440.50000000000006 143.50000000000003 3800.3657342990982 137.50000000000003 157.50000000000003 15075.035000000002 61.500000000000007 17153.275000000005 243.50000000000003 15837270.375000002 5025114.0006438373 21632.863666404202 6.5000000000000009 12.500000000000002 2.2097481729988506 2.5000000000000004 3985.6962058513191 5871.1786878857629 113.50000000000001 84.500000000000014 788225.5292612575 14795.400363339459 17.500000000000004
decision_type=2 2 2 2 2 2 2 2 2 2 2 2 2 2 2 2 2 2 2 2 2 2 2 2 2 2 2 2 2 2
left_child=1 2 3 4 5 6 7 8 10 -10 16 14 13 -13 -11 -16 17 22 21 24 25 -19 23 -1 28 26 -21 -24 29 -18
right_child=-2 -3 -4 -5 -6 -7 -8 -9 9 11 -12 12 -14 -15 15 -17 19 18 -20 20 -22 -23 27 -25 -26 -27 -28 -29 -30 -31
leaf_value=-1572.0669801538643 6045.9131613991485 -5175.4796293712798 1712.1644859900841 -2230.6707666015623 1022.4503467712402 -1234.3628385009767 -680.56879928023727 763.748717389788 -1292.0278931531038 -868.86940594108751 751.36560139206222 929.98475167410709 -52.210341698405649 20.177182287918896 -734.91578992760697 271.14231685291639 146.96479759994818 524.08101761429396 -1215.0162242542615 420.39494026089892 980.70468513087224 -317.96793457084982 860.31980865478511 310.96863572862412 -211.66023856372368 771.97545163081247 -326.66835298084084 25.32844447243296 247.45237422587402 -638.60138782702006
leaf_weight=22 22 21 26 20 25 25 27 28 22 49 53 35 289 38 23 33 49 27 22 81 38 142 20 27 164 39 63 1017 311 38
leaf_count=22 22 21 26 20 25 25 27 28 22 49 53 35 289 38 23 33 49 27 22 81 38 142 20 27 164 39 63 1017 311 38
internal_value=23.6427 -24.1187 15.1761 -1.00344 15.4699 6.08343 17.7549 24.924 16.9736 -124.186 49.6415 -69.1704 50.352 456.386 -481.238 -142.06 31.5874 -32.0717 -302.26 135.409 365.818 -183.439 15.4476 -534.476 44.804 238.136 93.5547 41.4324 150.483 -196.156
internal_weight=2796 2774 2753 2727 2707 2682 2657 2630 2602 489 2113 467 362 73 105 56 2060 1277 191 783 221 169 1086 49 562 183 144 1037 398 87
internal_count=2796 2774 2753 2727 2707 2682 2657 2630 2602 489 2113 467 362 73 105 56 2060 1277 191 783 221 169 1086 49 562 183 144 1037 398 87
is_linear=0
shrinkage=0.05


Tree=228
num_leaves=31
num_cat=0
split_feature=35 80 23 23 80 32 65 42 38 22 45 86 11 11 53 59 14 45 108 6 20 18 107 16 19 48 97 105 65 3
split_gain=3.09201e+11 2.25064e+11 4.47639e+10 2.96132e+10 8.10529e+09 1.31016e+10 4.95856e+09 5.44729e+09 7.43617e+09 1.10028e+10 8.27009e+09 7.33965e+09 4.73004e+09 1.73283e+10 7.9633e+09 6.24493e+09 6.38092e+09 7.07241e+09 7.01377e+09 6.98091e+09 5.80713e+09 8.51733e+09 7.10018e+09 6.23299e+09 6.65415e+09 6.18803e+09 5.90629e+09 8.6057e+09 7.0001e+09 6.67062e+09
threshold=70.500000000000014 13856613.415000001 338.00000000000006 300.00000000000006 11205167.445000002 139.50000000000003 0.98930504265984687 120.50000000000001 189.50000000000003 89.500000000000014 79.500000000000014 1806226.7909169779 20875.345000000005 15421.220000000003 0.21951220502315885 46.500000000000007 6396599.4350000015 63.500000000000007 224.50000000000003 2.3639613193720219 2.5000000000000004 17265.562872601371 120.50000000000001 20681.873159929786 17583.436850897528 0.10557275541795667 5235941.4934520554 250821.66499999983 -0.8779519545588893 56.500000000000007
decision_type=2 2 2 2 2 2 2 2 2 2 2 2 2 2 2 2 2 2 2 2 2 2 2 2 2 2 2 2 2 2
left_child=1 2 3 4 5 6 7 8 12 -10 -11 -9 13 20 15 16 17 18 -14 -20 -1 22 -22 -24 -25 26 28 -28 -23 -30
right_child=-2 -3 -4 -5 -6 -7 -8 11 9 10 -12 -13 14 -15 -16 -17 -18 -19 19 -21 21 25 23 24 -26 -27 27 -29 29 -31
leaf_value=-163.16693475598197 6066.72775530134 -5179.8800688244046 2212.6296925420347 -1407.3731986380913 895.37695148174578 -1154.6845581372579 -317.876725084214 1063.017758283944 -1372.744207763672 -435.73677000157977 572.72033838732489 -182.04676818847656 113.04810111014211 -1295.016067974384 -93.417057013260703 1031.8008036737856 1011.2248906674594 -738.8053620837984 757.76537673256621 -204.26376386682193 1184.6092664930554 -327.49066007862922 -213.04727613498005 1334.5053503417969 140.39961384364537 846.23379100452769 13.430125129996956 -604.17493889626496 -354.36023621559144 203.94135290060933
leaf_weight=366 21 21 23 37 26 24 105 29 22 68 29 20 490 26 285 23 23 21 88 24 27 92 39 20 28 22 154 89 60 494
leaf_count=366 21 21 23 37 26 24 105 29 22 68 29 20 490 26 285 23 23 21 88 24 27 92 39 20 28 22 154 89 60 494
internal_value=22.4605 -23.2799 16.0406 -2.45866 16.8367 8.27526 18.8316 32.7562 22.4824 -363.207 -134.239 554.828 41.8401 -16.1062 127.909 222.196 193.371 163.178 194.642 551.616 7.79863 68.8458 476.289 256.465 637.944 17.8596 -2.64011 -212.771 76.4029 143.475
internal_weight=2796 2775 2754 2731 2694 2668 2644 2539 2490 119 97 49 2371 1417 954 669 646 623 602 112 1391 1025 114 87 48 911 889 243 646 554
internal_count=2796 2775 2754 2731 2694 2668 2644 2539 2490 119 97 49 2371 1417 954 669 646 623 602 112 1391 1025 114 87 48 911 889 243 646 554
is_linear=0
shrinkage=0.05


Tree=229
num_leaves=31
num_cat=0
split_feature=30 32 23 23 11 9 39 40 80 77 42 103 93 8 41 5 88 36 10 9 37 23 80 36 10 104 81 82 40 79
split_gain=3.02523e+11 2.27669e+11 3.22518e+10 2.38445e+10 6.61019e+09 1.18345e+10 7.94564e+09 8.564e+09 5.19257e+09 1.01226e+10 7.11264e+09 4.45021e+09 7.82713e+09 1.35992e+10 1.20924e+10 4.24966e+09 4.38088e+09 7.22132e+09 6.02375e+09 7.68977e+09 6.01732e+09 7.71407e+09 5.87683e+09 5.78923e+09 8.21524e+09 6.8605e+09 8.69292e+09 5.20376e+09 5.66158e+09 5.63771e+09
threshold=12.500000000000002 185.50000000000003 338.00000000000006 301.50000000000006 1124440.1900000002 572.8950000000001 70.500000000000014 38.500000000000007 9134613.4750000015 5799151.7550000008 65.500000000000014 -1384837.2849999999 3756681.6130357147 3643.7048018957403 9.5000000000000018 5.0387205387205398 11637790.895000001 17.500000000000004 15819.255000000003 655.73000000000013 43.500000000000007 143.50000000000003 5758360.0650000004 13.500000000000002 13727.735000000002 2000182.2500000002 5197528.84857143 2865309.0755486735 16.500000000000004 2154280.2300000004
decision_type=2 2 2 2 2 2 2 2 2 2 2 2 2 2 2 2 2 2 2 2 2 2 2 2 2 2 2 2 2 2
left_child=1 2 3 4 6 -6 7 8 11 10 -10 12 13 -1 -14 16 17 23 19 -19 21 -18 -20 27 -25 -26 -27 28 -13 -30
right_child=-2 -3 -4 -5 5 -7 -8 -9 9 -11 -12 15 14 -15 -16 -17 20 18 22 -21 -22 -23 -24 24 25 26 -28 -29 29 -31
leaf_value=-1608.9815755208335 6148.720663452149 -5209.1756952194946 1881.2256214971128 -1400.8351908365885 238.6427168273926 -1481.4202807617189 879.5528564453125 -903.58287377929685 -732.41134429931651 1188.8068097795758 422.41303840637215 53.269402728063419 1070.8325607299805 -72.433746337890625 -183.36944345675019 742.32771461123514 368.17466272891147 -210.53506761030718 339.68408656764677 -1565.1783029174806 774.25449076807774 -352.75381493403995 -551.47582699543716 1039.233461303711 -20.915053865644666 1310.4437760620119 -69.470221383231021 -690.72203685619218 402.22386540593334 -253.41662337117725
leaf_weight=24 20 21 23 30 20 20 27 25 20 28 40 1375 22 36 152 21 103 22 37 20 43 58 37 30 144 25 21 27 37 288
leaf_count=24 20 21 23 30 20 20 27 25 20 28 40 1375 22 36 152 21 103 22 37 20 43 58 37 30 144 25 21 27 37 288
internal_value=21.3375 -22.8079 16.7252 1.02847 16.5932 -621.389 26.1797 17.4355 26.2575 403.806 37.4716 13.0837 -194.603 -687.053 -24.7922 34.3244 27.7659 5.9089 -377.342 -855.603 248.8 108.461 -105.896 28.7425 270.307 148.897 680.483 -2.02998 8.90807 -178.774
internal_weight=2796 2776 2755 2732 2702 40 2662 2635 2610 88 60 2522 234 60 174 2288 2267 2063 116 42 204 161 74 1947 220 190 46 1727 1700 325
internal_count=2796 2776 2755 2732 2702 40 2662 2635 2610 88 60 2522 234 60 174 2288 2267 2063 116 42 204 161 74 1947 220 190 46 1727 1700 325
is_linear=0
shrinkage=0.05


Tree=230
num_leaves=31
num_cat=0
split_feature=20 38 28 23 35 40 16 50 78 80 102 23 14 96 110 102 102 83 89 91 119 14 100 5 84 109 88 80 5 33
split_gain=2.40613e+11 4.40012e+11 4.02496e+10 3.94478e+10 8.30559e+09 9.05541e+09 5.7292e+09 1.3473e+10 7.92937e+09 5.44783e+09 1.05381e+10 6.53414e+09 1.20661e+10 9.71941e+09 8.49074e+09 1.49066e+10 9.94545e+09 8.09743e+09 8.59255e+09 7.21894e+09 6.60519e+09 8.57654e+09 8.44178e+09 7.46163e+09 5.95627e+09 7.35977e+09 5.70688e+09 5.35893e+09 5.2306e+09 5.08329e+09
threshold=25.500000000000004 353.50000000000006 100.50000000000001 300.00000000000006 50.500000000000007 38.500000000000007 11986.739236772763 1.0839847328244276 4552108.8000000007 9023368.2150000017 2667917.6603778377 93.500000000000014 4475928.2350000003 5531190.3200000012 147.78571428571431 2687805.0323880371 2629044.3273234116 3025287.8200000003 3747398.5694642863 2041186.4500000002 178.50000000000003 3084159.6750000003 17522573.580000002 4.5298921872692377 5806914.2100000009 496.50000000000006 6088321.370000001 5271894.9600000009 4.3355978260869579 59.500000000000007
decision_type=2 2 2 2 2 2 2 2 2 2 2 2 2 2 2 2 2 2 2 2 2 2 2 2 2 2 2 2 2 2
left_child=1 2 3 4 5 6 7 -1 -9 11 -11 12 17 -13 15 16 -15 18 27 -19 21 23 -23 -20 -16 26 -26 -8 -21 -22
right_child=-2 -3 -4 -5 -6 -7 9 8 -10 10 -12 13 -14 14 24 -17 -18 19 20 28 29 22 -24 -25 25 -27 -28 -29 -30 -31
leaf_value=-1527.5592919921876 4869.0764394531252 -6945.1937797214678 2234.3163677978514 -1918.611972837095 891.43789438100964 -817.33214174158434 71.144996541424803 -408.97519504002162 661.97122631835941 1322.7447605298914 89.126713104248054 994.95890197753909 1290.754768676758 -619.0005259304512 283.23699297365937 -90.372685348337356 -1979.0048461914064 -167.81876547677177 -1190.5667516830119 1165.7047561645509 -107.47897947844086 -313.51437072753907 766.39292103160517 -209.66397862289892 -863.91119642991293 753.49489593505859 -107.76974069595337 785.90871943721072 397.76964675005746 583.59296351841522
leaf_weight=20 25 23 20 27 26 34 912 56 25 23 70 20 20 41 115 110 20 42 47 30 111 102 22 33 26 24 620 27 85 35
leaf_count=20 25 23 20 27 26 34 912 56 25 23 70 20 20 41 115 110 20 42 47 30 111 102 22 33 26 24 620 27 85 35
internal_value=-14.1357 -58.2717 -0.525008 -16.9396 2.10538 -6.55479 3.90289 -365.391 -78.4362 18.6164 394.215 4.31225 71.0466 -95.926 -118.748 -438.012 -1064.9 54.1765 12.8828 393.205 -198.565 -382.32 -121.918 -785.944 -49.201 -106.261 -138.203 91.6973 598.101 58.189
internal_weight=2791 2766 2743 2723 2696 2670 2636 101 81 2535 93 2442 1466 976 956 171 61 1446 1289 157 350 204 124 80 785 670 646 939 115 146
internal_count=2791 2766 2743 2723 2696 2670 2636 101 81 2535 93 2442 1466 976 956 171 61 1446 1289 157 350 204 124 80 785 670 646 939 115 146
is_linear=0
shrinkage=0.05


Tree=231
num_leaves=31
num_cat=0
split_feature=20 38 28 23 35 40 20 23 0 80 23 102 40 80 75 79 83 89 110 115 33 37 16 66 29 23 75 38 23 52
split_gain=2.17153e+11 3.97111e+11 3.63253e+10 3.56016e+10 7.49579e+09 8.1725e+09 5.62068e+09 6.58955e+09 1.2318e+10 8.96036e+09 8.41009e+09 7.86096e+09 6.09869e+09 5.27533e+09 9.55742e+09 7.19913e+09 7.19376e+09 1.06779e+10 6.19047e+09 6.0975e+09 5.61695e+09 5.38188e+09 4.64127e+09 4.72376e+09 4.10071e+09 4.93652e+09 7.3463e+09 5.79289e+09 6.29915e+09 4.65028e+09
threshold=25.500000000000004 353.50000000000006 100.50000000000001 300.00000000000006 50.500000000000007 38.500000000000007 19.500000000000004 143.50000000000003 226.50000000000003 9134613.4750000015 137.50000000000003 2669598.9625027981 22.500000000000004 6338267.4900000012 6192513.7950000009 7226620.1400000015 5478779.5750000011 8303269.6796428571 182.6428571428572 129.03090870120133 150.50000000000003 47.500000000000007 34320.741913837155 -0.99626127116974506 1.0000000180025095e-35 24.500000000000004 1329439.9400000002 33.500000000000007 37.500000000000007 34477.698598247815
decision_type=2 2 2 2 2 2 2 2 2 2 2 2 2 2 2 2 2 2 2 2 2 2 2 2 2 2 2 2 2 2
left_child=1 2 3 4 5 6 7 10 -9 13 22 -11 -13 14 18 -16 20 -18 -10 21 -15 -20 23 -1 -25 26 -26 28 -27 -29
right_child=-2 -3 -4 -5 -6 -7 -8 8 9 11 -12 12 -14 16 15 -17 17 -19 19 -21 -22 -23 -24 24 25 27 -28 29 -30 -31
leaf_value=613.67443771362309 4625.6222031249999 -6597.9341627038048 2122.6004223632813 -1822.6813096788196 846.8659977839543 -776.46550984102146 721.41419722945602 -1354.155505952381 404.12159996032716 1171.4030708644702 681.78738280315793 653.37799179077149 -553.00869889692831 -400.84059905534912 -3.9245344490840517 896.21248745388459 -1364.09155755294 -16.954965718587243 -450.62078684931214 32.693895123455974 364.90962542365583 -1387.3597942849865 710.32434794108076 -578.82493489583328 54.621317509242466 -165.6175074787883 1046.5283004760743 -3.8279419956545695 -1124.9559082031251 375.03351548138789
leaf_weight=32 25 23 20 27 26 34 27 21 24 23 49 20 22 81 58 36 38 24 46 37 34 23 24 30 56 77 28 1719 22 85
leaf_count=32 25 23 20 27 26 34 27 21 24 23 49 20 22 81 58 36 38 24 46 37 34 23 24 30 56 77 28 1719 22 85
internal_value=-13.4289 -55.3581 -0.498756 -16.0926 2.00011 -6.22705 3.70774 -3.71965 -169.59 -116.208 34.3477 428.364 21.4612 -204.481 -43.2733 340.809 -408.495 -842.619 -320.994 -485.171 -174.445 -762.867 19.044 10.947 1.38467 10.1448 385.257 -6.41301 -378.804 14.0231
internal_weight=2791 2766 2743 2723 2696 2670 2636 2609 487 466 2122 65 42 401 224 94 177 62 130 106 115 69 2073 2049 2017 1987 84 1903 99 1804
internal_count=2791 2766 2743 2723 2696 2670 2636 2609 487 466 2122 65 42 401 224 94 177 62 130 106 115 69 2073 2049 2017 1987 84 1903 99 1804
is_linear=0
shrinkage=0.05


Tree=232
num_leaves=31
num_cat=0
split_feature=105 42 33 23 20 66 19 23 23 42 96 76 105 19 98 16 25 94 84 105 16 54 111 18 105 82 37 75 1 82
split_gain=2.11382e+11 3.73056e+11 4.07269e+10 2.9106e+10 7.89733e+09 5.03947e+09 4.74507e+09 4.71187e+09 1.26029e+10 8.15832e+09 7.82464e+09 7.15034e+09 6.95845e+09 6.53535e+09 9.02817e+09 8.33047e+09 9.04177e+09 7.75584e+09 1.21824e+10 7.47832e+09 1.44303e+10 1.0451e+10 6.07008e+09 5.82985e+09 5.68605e+09 6.30906e+09 8.25489e+09 5.9511e+09 8.70971e+09 8.16903e+09
threshold=8056916.830000001 175.50000000000003 261.00000000000006 300.00000000000006 22.500000000000004 -0.99626127116974506 18730.881093875807 65.500000000000014 61.500000000000007 28.500000000000004 5531190.3200000012 2493666.5800000005 1661839.0350000004 16805.582821394815 1808366.7227583101 20087.32640878587 10.500000000000002 2430861.592471818 4659653.4850000003 1562390.0950000002 16963.205237309801 2020.5000000000002 26.14337756442092 17856.827348642506 785290.7150000002 1774162.0079575118 43.500000000000007 3558777.7850000006 135.50000000000003 537637.33090252371
decision_type=2 2 2 2 2 2 2 2 2 2 2 2 2 2 2 2 2 2 2 2 2 2 2 2 2 2 2 2 2 2
left_child=1 2 3 4 5 6 -1 8 -7 -9 12 -10 -11 14 -12 16 17 18 -16 24 -21 23 -13 -22 25 27 -27 29 -29 -15
right_child=-2 -3 -4 -5 -6 7 -8 9 11 10 13 22 -14 19 15 -17 -18 -19 -20 20 21 -23 -24 -25 -26 26 -28 28 -30 -31
leaf_value=1062.1891540527345 4027.6472914934161 -6020.5513451209445 2245.1122070312499 -1919.8608764648438 -995.23626342773446 20.248769276010446 125.67203867059004 -631.24997901916504 37.442299212831436 -24.845708401997886 -741.17668331146251 1592.1894977072011 1043.3470693280622 44.368482084921851 -613.41367930536683 1312.1595990862165 1137.3469393643466 -702.8751073484068 824.29402971965521 -1584.3849481491816 -748.24371305523505 -1320.2944165039062 563.04480285644536 -32.893875997800095 239.63092458144479 49.233182465003814 1030.130625 417.93547223562223 -138.09231989850281 -581.73963831026265
leaf_weight=21 32 26 20 20 20 851 38 60 33 30 20 23 31 81 23 21 22 27 41 21 33 20 38 208 161 151 25 83 465 146
leaf_count=21 32 26 20 20 20 851 38 60 33 30 20 23 31 81 23 21 22 27 41 21 33 20 38 208 161 151 25 83 465 146
internal_value=-12.7574 -59.6197 -2.91123 -19.4835 -5.37 2.03641 459.009 -8.27781 80.9348 -58.7906 -37.4435 630.337 518.006 -59.3314 249.762 397.663 227.713 7.80124 307.618 -93.478 -323.447 -221.992 951.083 -130.846 -35.1586 -81.6792 188.565 -143.051 -53.8764 -358.327
internal_weight=2791 2759 2733 2713 2693 2673 59 2614 945 1669 1609 94 61 1548 154 134 113 91 64 1394 282 261 61 241 1112 951 176 775 548 227
internal_count=2791 2759 2733 2713 2693 2673 59 2614 945 1669 1609 94 61 1548 154 134 113 91 64 1394 282 261 61 241 1112 951 176 775 548 227
is_linear=0
shrinkage=0.05


Tree=233
num_leaves=31
num_cat=0
split_feature=31 0 43 36 0 23 27 43 23 0 23 79 48 84 39 78 82 47 0 105 85 79 65 93 77 105 31 16 81 89
split_gain=1.97753e+11 3.46908e+11 1.8039e+10 2.36972e+10 6.9675e+09 6.96776e+09 1.71869e+10 4.98041e+09 5.05733e+09 1.12906e+10 7.70603e+09 5.91328e+09 7.04739e+09 8.24703e+09 9.83223e+09 7.67888e+09 6.93206e+09 7.26276e+09 7.55937e+09 5.79499e+09 5.69127e+09 6.05341e+09 5.44451e+09 5.08817e+09 4.72691e+09 4.62826e+09 4.18095e+09 4.17655e+09 4.21208e+09 1.05871e+10
threshold=45.500000000000007 658.00000000000011 130.50000000000003 29.500000000000004 519.50000000000011 261.50000000000006 138.50000000000003 99.500000000000014 143.50000000000003 226.50000000000003 137.50000000000003 6547171.1700000009 0.061376457662016312 9856593.415000001 44.500000000000007 6236671.5850000009 950768.55879988743 0.84589113800201232 280.50000000000006 -142832.2450000002 4867523.5185714299 3881553.7100000004 -0.38168568572378597 6811188.2922321437 6424837.0950000016 388113.10500000016 16.500000000000004 34320.741913837155 3679453.6135714292 3747398.5694642863
decision_type=2 2 2 2 2 2 2 2 2 2 2 2 2 2 2 2 2 2 2 2 2 2 2 2 2 2 2 2 2 2
left_child=1 2 3 4 5 7 -7 8 10 -10 27 12 13 15 -15 20 22 24 -19 -17 -11 -22 -13 -24 -18 -14 -27 28 29 -1
right_child=-2 -3 -4 -5 -6 6 -8 -9 9 11 -12 16 25 14 -16 19 17 18 -20 -21 21 -23 23 -25 -26 26 -28 -29 -30 -31
leaf_value=29.651005548995542 4605.0007456903868 -6452.4577194940475 1392.8538468070653 -1434.9753801016973 909.17554880777993 -1700.9325970458985 347.0957166399275 771.85515427362361 -1280.1353390375773 -1135.775165649414 651.98015974395139 -991.08491218566894 -408.4932361049037 -310.48544202532094 -1674.7071386718753 -248.36473299662271 1045.5607589922454 -876.2924200439453 330.22688942986565 862.28146548063853 389.69978160028876 -688.4608411661784 594.82526397705078 -475.14586798095706 234.05123650045959 54.217434204949271 895.2782956210051 673.33863832155873 97.378800048457322 -324.01714502502892
leaf_weight=953 23 21 23 29 21 20 21 21 21 25 49 20 31 28 25 24 38 20 37 23 23 30 20 25 34 45 22 24 823 272
leaf_count=953 23 21 23 29 21 20 21 21 21 25 49 20 31 28 25 24 38 20 37 23 23 30 20 25 34 45 22 24 823 272
internal_value=-12.1196 -50.4844 -1.54318 -13.3167 1.98127 -5.14329 -651.942 4.9284 -1.23755 -145.839 32.237 -95.1581 -243.848 -431.318 -953.986 -209.707 116.38 328.54 -93.1132 295.143 -513.912 -220.58 -304.674 0.396857 662.348 96.6594 330.387 17.5809 9.89624 -48.8778
internal_weight=2791 2768 2747 2724 2695 2674 41 2633 2612 491 2121 470 276 178 53 125 194 129 57 47 78 53 65 45 72 98 67 2072 2048 1225
internal_count=2791 2768 2747 2724 2695 2674 41 2633 2612 491 2121 470 276 178 53 125 194 129 57 47 78 53 65 45 72 98 67 2072 2048 1225
is_linear=0
shrinkage=0.05


Tree=234
num_leaves=31
num_cat=0
split_feature=20 38 28 23 35 40 20 23 16 80 19 23 114 53 6 9 28 91 52 28 23 14 109 10 80 10 82 20 81 115
split_gain=1.92698e+11 3.27427e+11 3.39826e+10 3.47398e+10 6.22641e+09 7.33868e+09 5.0375e+09 5.41093e+09 1.10076e+10 9.99022e+09 7.09684e+09 6.94641e+09 5.3454e+09 5.26783e+09 6.14241e+09 4.49457e+09 5.56201e+09 4.56362e+09 3.96171e+09 3.87239e+09 3.83177e+09 9.69395e+09 7.73154e+09 8.94662e+09 7.59959e+09 5.18657e+09 6.42921e+09 5.11286e+09 4.77566e+09 1.17391e+10
threshold=25.500000000000004 353.50000000000006 100.50000000000001 300.00000000000006 50.500000000000007 38.500000000000007 19.500000000000004 143.50000000000003 13919.814684541003 9313196.6400000025 21368.709671926841 137.50000000000003 288.10714285714295 0.21951217337866974 2.2121830174864652 690.32500000000016 51.500000000000007 3214148.9900000007 28034.362973313571 37.500000000000007 37.500000000000007 1424362.6600000004 80.500000000000014 15819.255000000003 1512472.5000000002 11550.140000000001 427483.4135098785 5.5000000000000009 3270534.2121428577 32.697172947746843
decision_type=2 2 2 2 2 2 2 2 2 2 2 2 2 2 2 2 2 2 2 2 2 2 2 2 2 2 2 2 2 2
left_child=1 2 3 4 5 6 7 11 -9 10 13 20 -11 14 -10 16 -16 -18 -17 -13 22 -22 23 24 -1 26 -23 -28 -27 -30
right_child=-2 -3 -4 -5 -6 -7 -8 8 9 12 -12 19 -14 -15 15 18 17 -19 -20 -21 21 25 -24 -25 -26 28 27 -29 29 -31
leaf_value=-1091.524729130186 4358.515595550537 -5991.8801418138592 2052.2993408203124 -1800.867206036603 771.60493363600517 -735.79413209802965 682.96249027958629 -1302.4981049346925 467.02836104884295 102.67030436197918 -944.86798748147908 1037.4411072951098 1083.3674387613933 568.11012597656259 -296.97612388575516 -690.57946547520021 -123.86859749241879 679.85189116506865 -60.187419976128467 146.79163062054178 -1053.6759610262786 1096.4203641024503 538.71004626208014 223.72818240766173 43.568430379231778 -127.16824418429673 -140.43814264494799 631.78438792509189 1164.3560782391094 21.595800863131199
leaf_weight=29 25 23 20 27 26 34 27 20 33 33 29 26 24 25 135 81 38 33 36 23 22 22 101 135 30 638 58 34 23 981
leaf_count=29 25 23 20 27 26 34 27 20 33 33 29 26 24 25 135 81 38 33 36 23 22 22 101 135 30 638 58 34 23 981
internal_value=-11.5136 -51.0113 -1.19726 -16.2799 1.59249 -5.90576 3.50858 -3.52295 -153.829 -104.636 -190.863 30.9724 515.595 -133.472 -182.74 -249.125 -108.562 249.692 -496.613 619.381 17.0641 -10.6254 183.952 -0.741544 -514.359 2.44239 328.566 144.948 -20.1996 47.7746
internal_weight=2791 2766 2743 2723 2696 2670 2636 2609 487 467 410 2122 57 381 356 323 206 71 117 49 2073 1778 295 194 59 1756 114 92 1642 1004
internal_count=2791 2766 2743 2723 2696 2670 2636 2609 487 467 410 2122 57 381 356 323 206 71 117 49 2073 1778 295 194 59 1756 114 92 1642 1004
is_linear=0
shrinkage=0.05


Tree=235
num_leaves=31
num_cat=0
split_feature=40 79 39 2 101 33 1 29 106 6 21 23 52 0 42 95 110 101 18 105 79 18 37 107 112 11 15 106 3 23
split_gain=1.43088e+11 2.99915e+11 1.30397e+11 3.31831e+10 2.96224e+10 5.22385e+09 1.01973e+10 1.3165e+10 5.08663e+09 5.46083e+09 5.11402e+09 1.65877e+10 5.92912e+09 7.30042e+09 6.4672e+09 5.73587e+09 5.37552e+09 5.30394e+09 6.16475e+09 5.21434e+09 5.06087e+09 7.73948e+09 4.59948e+09 6.40225e+09 4.40707e+09 4.89327e+09 7.38233e+09 7.51897e+09 1.37989e+10 9.62055e+09
threshold=50.500000000000007 3498073.1250000005 92.500000000000014 407.50000000000006 4828951.2841819739 203.50000000000003 366.50000000000006 12.500000000000002 -3661270.3249999997 2.4726384875825951 1.0000000180025095e-35 16.500000000000004 30879.488106639252 157.50000000000003 59.500000000000007 747434.30500000005 131.21428571428575 4779721.3971591843 22818.85230037654 550536.60500000033 4758971.0650000004 26601.98880889027 60.500000000000007 369.50000000000006 246.50000000000003 106153.53000000001 19121.524541041799 -527066.09999999998 96.500000000000014 70.500000000000014
decision_type=2 2 2 2 2 2 2 2 2 2 2 2 2 2 2 2 2 2 2 2 2 2 2 2 2 2 2 2 2 2
left_child=2 -2 3 5 -5 6 8 -8 -1 10 -10 -12 15 17 16 20 -15 -14 -19 -20 21 -13 23 24 25 -17 -27 28 29 -28
right_child=1 -3 -4 4 -6 -7 7 -9 9 -11 11 12 13 14 -16 22 -18 18 19 -21 -22 -23 -24 -25 -26 26 27 -29 -30 -31
leaf_value=403.54559777088656 956.92662916917072 -6881.2751719599182 4026.3303710937503 253.7574755859375 -2184.8720618970469 733.23270389238996 -1668.4361293247766 -24.605147578798494 -579.73050174197635 -546.22361816737964 1411.7084112258185 -205.67672531865225 218.10434975704902 1632.1956319427491 39.626895200289219 -78.544784440019825 472.93720550537114 586.12242954799103 -173.21024330334785 -1078.1516536712647 414.11863338329181 -1033.8940113067626 672.96471777343754 -722.11440183577997 614.11064242658938 -54.977000752551909 -40.253105262018025 479.06337743012801 -669.80732320149741 1366.3102563476564
leaf_weight=78 26 23 20 20 33 24 21 29 37 46 21 238 236 20 26 964 20 21 78 20 27 32 25 31 29 343 31 184 48 20
leaf_count=78 26 23 20 20 33 24 21 29 37 46 21 238 236 20 26 964 20 21 78 20 27 32 25 31 29 343 31 184 48 20
internal_value=-44.3018 -2722.23 3.90485 -25.8688 -1264.63 -1.08418 -7.79793 -715.014 5.93442 -6.48595 3.64377 12.5853 0.307155 170.643 653.53 -36.0577 1052.57 80.8669 -191.301 -357.892 -238.567 -303.836 -0.149991 -10.3487 3.27992 -7.86102 100.987 290.019 -61.3373 511.34
internal_weight=2771 49 2722 2702 53 2649 2625 50 2575 2497 2451 2414 2393 421 66 1972 40 355 119 98 297 270 1675 1650 1619 1590 626 283 99 51
internal_count=2771 49 2722 2702 53 2649 2625 50 2575 2497 2451 2414 2393 421 66 1972 40 355 119 98 297 270 1675 1650 1619 1590 626 283 99 51
is_linear=0
shrinkage=0.05


Tree=236
num_leaves=31
num_cat=0
split_feature=111 33 35 23 25 16 80 106 6 82 23 98 32 10 6 98 52 0 113 7 3 58 97 18 8 18 7 12 16 8
split_gain=9.09314e+10 3.69375e+11 3.29175e+10 4.43683e+10 1.0961e+10 3.08023e+10 8.39224e+09 7.17005e+09 5.75897e+09 4.78957e+09 4.69582e+09 7.75779e+09 5.65265e+09 4.53187e+09 3.85182e+09 4.60915e+09 3.63896e+09 7.97072e+09 7.78197e+09 6.68576e+09 1.0151e+10 8.80984e+09 4.57948e+09 4.43866e+09 3.83055e+09 8.56236e+09 9.89375e+09 3.88042e+09 3.71789e+09 5.33706e+09
threshold=205.27733229928739 301.50000000000006 63.500000000000007 323.00000000000006 17.500000000000004 20032.481317243062 9023368.2150000017 -1522305.7649999997 2.3034660117358929 1358939.439920814 243.50000000000003 2824604.4951996808 113.50000000000001 8897.7650000000012 2.4844643717746542 1660207.7724784852 31473.9681905242 157.50000000000003 202.50000000000003 6818.6021113708475 35.500000000000007 255.50000000000003 4906647.1440206645 23649.746458476166 2394.7956108174444 26069.878403391314 6068.0505128205141 144.60714285714289 12957.398803408769 2900.5049220350315
decision_type=2 2 2 2 2 2 2 2 2 2 2 2 2 2 2 2 2 2 2 2 2 2 2 2 2 2 2 2 2 2
left_child=1 2 3 4 6 -6 10 8 -8 -10 12 -12 13 -1 16 -16 19 22 -19 20 -15 -21 -18 -24 27 28 -27 -22 -26 -30
right_child=-2 -3 -4 -5 5 -7 7 -9 9 -11 11 -13 -14 14 15 -17 17 18 -20 21 24 -23 23 -25 25 26 -28 -29 29 -31
leaf_value=-761.91041381835942 3022.2205671946213 -5888.2424433955448 1960.8335658482142 -2213.1106735063636 -2188.7346348353799 385.89305959848258 716.59447374616354 1247.5782896562057 363.54737904866539 -646.16501783288049 -1132.5296755472818 183.39216308593751 610.32562222867398 1082.6554617745537 -1029.901460647583 30.688488260904951 153.83985857096587 1383.1122332096102 96.065568675165594 -1256.3569541015627 -11.970167300575659 115.54072709517045 311.51276681082595 -554.71200106811523 -332.64266220264221 -1503.3232991536461 -130.54346766880582 723.29574172076059 577.02178409282976 -14.654087590203936
leaf_weight=20 24 27 21 23 21 26 35 22 24 23 24 21 37 21 20 21 264 24 23 25 38 22 21 50 89 21 35 34 39 1676
leaf_count=20 24 27 21 23 21 26 35 22 24 23 24 21 37 21 20 21 264 24 23 25 38 22 21 50 89 21 35 34 39 1676
internal_value=-42.0867 -68.8589 -11.093 -26.4359 -7.64161 -764.473 5.88865 446.066 231.026 -130.567 -12.2414 -518.433 -3.0565 -12.3464 -6.15929 -486.672 2.11151 143.519 753.281 -24.8972 -10.7155 -614.192 57.9698 -298.505 -22.6 -36.4518 -645.336 335.239 -17.5508 -1.19907
internal_weight=2771 2747 2720 2699 2676 47 2629 104 82 47 2525 45 2480 2443 2423 41 2382 382 47 2000 1953 47 335 71 1932 1860 56 72 1804 1715
internal_count=2771 2747 2720 2699 2676 47 2629 104 82 47 2525 45 2480 2443 2423 41 2382 382 47 2000 1953 47 335 71 1932 1860 56 72 1804 1715
is_linear=0
shrinkage=0.05


Tree=237
num_leaves=31
num_cat=0
split_feature=40 48 39 17 30 11 106 16 105 19 16 50 115 115 103 11 52 78 47 41 53 34 39 16 19 16 114 19 103 105
split_gain=1.18676e+11 2.64288e+11 1.23413e+11 2.97595e+10 7.96423e+09 5.46629e+09 6.21032e+09 7.61152e+09 1.59673e+10 6.2414e+09 9.3205e+09 6.00053e+09 8.55904e+09 7.55111e+09 5.45678e+09 5.49857e+09 1.00672e+10 7.10986e+09 6.12571e+09 8.76533e+09 7.33761e+09 5.50357e+09 6.98766e+09 5.44116e+09 5.72529e+09 6.04738e+09 7.76831e+09 7.27628e+09 6.1952e+09 5.64524e+09
threshold=50.500000000000007 0.054356779600315173 92.500000000000014 9522891.6925473548 10.500000000000002 1124440.1900000002 -3661270.3249999997 12525.628230122356 585130.99999999988 17317.358835575087 20789.470060996227 1.0781460579514828 120.27715422932825 108.02515884309327 263019.46000000025 17125.000000000004 30656.757015151517 9647893.1850000005 0.97273547839014551 29.500000000000004 0.11111109136880155 76.500000000000014 41.500000000000007 22003.185000597281 18897.790561415975 25210.050669337314 137.05357142857147 20647.981549058939 1215730.6000000003 674488.14000000001
decision_type=2 2 2 2 2 2 2 2 2 2 2 2 2 2 2 2 2 2 2 2 2 2 2 2 2 2 2 2 2 2
left_child=2 -2 3 4 5 6 -1 8 -8 10 11 -9 13 -13 -11 17 18 21 19 20 -17 22 23 -16 -25 27 -27 28 -26 -28
right_child=1 -3 -4 -5 -6 -7 7 9 -10 14 -12 12 -14 -15 15 16 -18 -19 -20 -21 -22 -23 -24 24 25 26 29 -29 -30 -31
leaf_value=432.51816170933739 -5932.5271888146035 1425.4181534476902 3917.1371920776364 -1676.7025238602253 -1002.3992053222657 -660.94937581708359 -139.64742354605963 731.45138334106002 -1683.4941193389893 -91.865397430033909 843.99781556421408 58.13970267072839 -519.4146269145765 934.56724199567532 -541.53092922973633 738.79521632339026 1106.6349268595377 854.95379527698867 -531.75418024698899 708.10647379557304 -75.547976811726897 -475.09325330461775 725.87541951825551 587.17484889886316 -282.42351740786904 -167.53087750214797 247.53042010139018 -886.25992901141842 706.61142356872563 1185.3988810766311
leaf_weight=83 26 23 20 27 20 31 103 34 20 1176 49 201 57 28 50 33 30 22 30 69 171 70 31 39 76 104 68 39 20 21
leaf_count=83 26 23 20 27 20 31 103 34 20 1176 49 201 57 28 50 33 30 22 30 69 171 70 31 39 76 104 68 39 20 21
internal_value=-39.9824 -2478.8 3.9199 -25.0454 -8.37451 -0.88656 6.91144 -6.99071 -390.679 12.527 201.823 103.49 28.8368 165.301 -21.5629 73.1401 232.935 -25.4 146.43 220.956 56.184 -62.7895 1.63292 -52.2076 14.4576 -53.6398 125.918 -310.341 -76.3746 468.825
internal_weight=2771 49 2722 2702 2675 2655 2624 2541 123 2418 369 320 286 229 2049 873 333 540 303 273 204 518 448 417 367 328 193 135 96 89
internal_count=2771 49 2722 2702 2675 2655 2624 2541 123 2418 369 320 286 229 2049 873 333 540 303 273 204 518 448 417 367 328 193 135 96 89
is_linear=0
shrinkage=0.05


Tree=238
num_leaves=31
num_cat=0
split_feature=122 33 21 4 28 4 45 83 99 83 106 33 30 81 105 113 48 30 105 34 13 15 103 2 6 122 26 39 65 120
split_gain=8.16797e+10 3.28436e+11 5.78783e+10 6.73186e+10 1.96739e+10 7.20673e+09 1.30477e+10 6.03022e+09 6.93728e+09 5.25676e+09 8.37594e+09 5.54926e+09 7.01503e+09 5.53307e+09 5.50038e+09 6.7139e+09 5.66738e+09 5.18022e+09 4.59879e+09 4.23419e+09 7.44462e+09 1.07747e+10 6.2556e+09 9.24819e+09 6.41137e+09 5.35143e+09 6.56954e+09 4.53874e+09 4.28366e+09 4.79645e+09
threshold=201.84552698862686 301.50000000000006 43.500000000000007 2715.0000000000005 91.500000000000014 2177.5000000000005 91.500000000000014 6411101.2350000003 778724.53500000015 5478779.5750000011 -450398.24999999983 135.50000000000003 6.5000000000000009 6516404.8342857156 1277173.4800000002 308.00000000000006 0.063077272856452676 4.5000000000000009 2115076.5650000004 72.500000000000014 319.7881639777525 18339.815223373447 1157391.8500000001 151.50000000000003 2.3005487749626847 29.648334257326528 26.500000000000004 45.500000000000007 0.98930504265984687 298.50000000000006
decision_type=2 2 2 2 2 2 2 2 2 2 2 2 2 2 2 2 2 2 2 2 2 2 2 2 2 2 2 2 2 2
left_child=1 2 3 4 5 6 7 9 -9 11 -11 19 13 14 16 -16 17 -13 -14 22 25 -22 27 -24 -25 -21 -27 28 29 -1
right_child=-2 -3 -4 -5 -6 -7 -8 8 -10 10 -12 12 18 -15 15 -17 -18 -19 -20 20 21 -23 23 24 -26 26 -28 -29 -30 -31
leaf_value=7.8261047368749574 2866.2564615885422 -5550.7842872902202 -2688.7349917602542 2901.0331759643559 -1305.8518927212419 831.91270798903247 -1059.3292143723061 1267.0001055908206 105.57166781955296 -1079.3468289605503 -44.426136690775557 1305.8964497884117 -590.37595984719019 1216.7650891113281 -665.66198753356935 518.04471700917122 -50.344787514209749 295.77472978071734 370.47929077148439 -998.43955292572855 -382.7297529432509 671.32367753332312 -171.25114299632887 250.37871966694675 1135.6693930601464 397.57435253906255 -598.48527053521605 655.13575958251954 -475.01568812949984 -368.4816074242753
leaf_weight=1744 24 27 20 20 29 26 29 20 36 29 60 30 33 20 25 23 24 22 20 37 54 44 54 43 39 25 49 25 51 89
leaf_count=1744 24 27 20 20 29 26 29 20 36 29 60 30 33 20 25 23 24 22 20 37 54 44 54 43 39 25 49 25 51 89
internal_value=-37.9832 -63.357 -8.88623 10.9645 -10.6032 3.5659 -4.63868 7.1433 520.368 -4.17188 -381.647 9.53491 264.018 445.031 320.558 -98.4692 585.206 878.537 -227.789 -12.707 -227.071 90.5187 9.20112 336.837 671.432 -507.466 -261.979 -14.1401 -23.0212 -10.4452
internal_weight=2771 2747 2720 2700 2680 2651 2625 2596 56 2540 89 2451 197 144 124 48 76 52 53 2254 209 98 2045 136 82 111 74 1909 1884 1833
internal_count=2771 2747 2720 2700 2680 2651 2625 2596 56 2540 89 2451 197 144 124 48 76 52 53 2254 209 98 2045 136 82 111 74 1909 1884 1833
is_linear=0
shrinkage=0.05


Tree=239
num_leaves=31
num_cat=0
split_feature=40 79 39 17 30 16 109 80 33 11 84 83 95 116 21 14 23 7 6 19 25 28 45 3 128 4 23 22 79 81
split_gain=1.00758e+11 2.65442e+11 1.13704e+11 2.54222e+10 6.85325e+09 4.51612e+09 9.89394e+09 1.23039e+10 7.10064e+09 9.83527e+09 6.1965e+09 6.0403e+09 8.6781e+09 4.94594e+09 5.03425e+09 8.64581e+09 6.49649e+09 7.46802e+09 6.4149e+09 4.77433e+09 4.45549e+09 5.41684e+09 8.30604e+09 7.50466e+09 7.59046e+09 6.78502e+09 7.17558e+09 9.22858e+09 7.61416e+09 5.82927e+09
threshold=50.500000000000007 3498073.1250000005 92.500000000000014 9522891.6925473548 10.500000000000002 12650.728095225519 186.50000000000003 4619846.8800000008 209.50000000000003 1141067.2100000002 4027142.7400000007 6411101.2350000003 3450625.3650000007 160.50000000000003 1.0000000180025095e-35 1595466.7250000003 23.500000000000004 6452.3935994942622 2.2872925143938203 28151.443092347599 2.5000000000000004 14.500000000000002 34.500000000000007 88.500000000000014 278.50000000000006 645.50000000000011 117.50000000000001 30.500000000000004 1689807.8800000001 3315533.9292857149
decision_type=2 2 2 2 2 2 2 2 2 2 2 2 2 2 2 2 2 2 2 2 2 2 2 2 2 2 2 2 2 2
left_child=2 -2 3 4 5 6 7 -1 9 11 -8 13 -13 14 15 -7 17 18 -16 20 -18 22 29 24 -23 -25 27 -27 -28 -22
right_child=1 -3 -4 -5 -6 8 10 -9 -10 -11 -12 12 -14 -15 16 -17 19 -19 -20 -21 21 23 -24 25 -26 26 28 -29 -30 -31
leaf_value=-275.50599346160891 1177.9966139573316 -6195.9821302331011 3760.5082821655278 -1549.9952193648728 -930.11679077148438 -1219.4671417236329 -265.27345609664917 -1670.2727167038693 930.20501469203418 -1045.579758314653 743.82674350080822 17.616486376874587 1275.1405995244568 -585.76555585588733 810.5949129971591 166.98185185971468 -107.26668106039665 1229.2073686682661 -298.51718045175079 -470.60932599235986 2.5235906631915603 -32.524374485015869 738.64907295473165 424.90354862396538 -864.29284083048503 -1124.4275179545084 881.95992696126314 -109.34770385148283 64.631099437659898 405.09660580852841
leaf_weight=64 26 23 20 27 20 22 32 21 21 22 29 34 23 35 22 23 532 23 32 51 308 64 62 104 48 24 30 334 568 127
leaf_count=64 26 23 20 27 20 22 32 21 21 22 29 34 23 35 22 23 532 23 32 51 308 64 62 104 48 24 30 334 568 127
internal_value=-36.0841 -2283.26 4.36836 -23.4343 -8.02602 -1.07995 -271.41 -620.095 14.6507 6.92295 214.463 16.3127 525.038 4.27558 12.9746 -510.838 23.0955 474.705 153.343 7.65411 18.7361 58.8999 197.225 0.241657 -388.997 41.3687 -0.35474 -177.398 105.634 120.056
internal_weight=2771 49 2722 2702 2675 2655 146 85 2509 2488 61 2466 57 2409 2374 45 2329 77 54 2252 2201 1669 497 1172 112 1060 956 358 598 435
internal_count=2771 49 2722 2702 2675 2655 146 85 2509 2488 61 2466 57 2409 2374 45 2329 77 54 2252 2201 1669 497 1172 112 1060 956 358 598 435
is_linear=0
shrinkage=0.05


Tree=240
num_leaves=31
num_cat=0
split_feature=21 38 38 26 0 39 28 32 32 76 91 5 22 19 40 16 19 12 66 50 78 48 81 83 8 65 19 52 107 59
split_gain=3.6858e+11 2.15573e+11 2.75489e+10 2.39707e+10 9.63444e+09 1.25072e+10 6.32676e+09 4.83332e+09 8.99403e+09 7.07263e+09 4.82068e+09 4.84942e+09 4.84742e+09 4.7646e+09 6.12495e+09 5.54832e+09 6.482e+09 9.07926e+09 9.30014e+09 1.64057e+10 7.20538e+09 7.34617e+09 7.38182e+09 7.48379e+09 8.0698e+09 7.7536e+09 6.42477e+09 8.76383e+09 6.32455e+09 5.68763e+09
threshold=45.500000000000007 367.50000000000006 330.00000000000006 70.500000000000014 519.50000000000011 71.500000000000014 79.500000000000014 117.50000000000001 110.50000000000001 6507369.995000001 4873094.1600000011 3.9421683389074702 6.5000000000000009 26074.540381567789 5.5000000000000009 24508.972514237554 19364.04800492217 144.60714285714289 -0.67758968959607091 1.05438479739722 8448341.7050000019 0.088928430209569018 6222995.0164285721 2889080.2850000006 3326.0128315272623 0.081675638985454754 22579.172972324053 34477.698598247815 374.50000000000006 34.500000000000007
decision_type=2 2 2 2 2 2 2 2 2 2 2 2 2 2 2 2 2 2 2 2 2 2 2 2 2 2 2 2 2 2
left_child=1 2 3 4 5 6 7 8 10 -9 11 -1 -13 15 -15 16 28 18 19 -18 21 22 23 25 -25 -19 -17 29 -14 -28
right_child=-2 -3 -4 -5 -6 -7 -8 9 -10 -11 -12 12 13 14 -16 26 17 20 -20 -21 -22 -23 -24 24 -26 -27 27 -29 -30 -31
leaf_value=-728.10369401411583 6624.9252448672341 -5070.9390096028656 1700.9722513834638 -1644.2497061989525 970.75386563814618 -1109.5169077148437 878.53018391927094 -1203.0704663085937 823.49442623362836 126.65066875457765 -768.35258514404302 792.79065948486334 45.883854817214882 127.56110006479116 -580.52970603736674 335.84307277211218 -2033.0092655944825 165.29163024337205 -152.32731632476157 -411.78172753562399 -914.92372802734371 -740.86994312427669 -540.4823394726485 -320.76149597167972 812.85604536500705 -584.72247493092607 -413.62650506538262 444.78590700486131 942.93414474487315 299.83580590325431
leaf_weight=22 21 21 24 22 26 25 21 20 34 20 20 20 1119 52 74 277 20 216 188 71 20 27 39 20 73 41 114 68 20 37
leaf_count=22 21 21 24 22 26 25 21 20 34 20 20 20 1119 52 74 277 20 216 188 71 20 27 39 20 73 41 114 68 20 37
internal_value=25.9755 -24.3982 14.4214 -0.536948 12.9361 3.56693 14.1355 7.18595 15.668 -538.21 4.84605 10.9874 17.5019 11.2394 -288.302 27.2999 -12.4378 -130.437 -353.169 -768.095 12.0914 56.6595 112.015 184.722 569.067 45.6396 175.836 -26.5482 61.6354 -238.805
internal_weight=2772 2751 2730 2706 2684 2658 2633 2612 2572 40 2538 2518 2496 2476 126 2350 1854 715 279 91 436 416 389 350 93 257 496 219 1139 151
internal_count=2772 2751 2730 2706 2684 2658 2633 2612 2572 40 2538 2518 2496 2476 126 2350 1854 715 279 91 436 416 389 350 93 257 496 219 1139 151
is_linear=0
shrinkage=0.05


Tree=241
num_leaves=31
num_cat=0
split_feature=14 32 32 23 21 14 23 118 118 45 8 93 93 8 19 1 4 66 125 14 14 27 20 114 103 56 23 7 14 27
split_gain=3.95468e+11 1.11663e+11 2.20367e+10 2.21717e+10 5.63061e+09 7.74366e+09 9.4489e+09 9.23704e+09 7.94225e+09 4.70233e+09 9.30974e+09 5.71713e+09 5.51837e+09 5.34672e+09 5.51979e+09 5.14016e+09 1.15526e+10 7.61943e+09 7.50183e+09 6.76924e+09 4.61163e+09 4.38145e+09 4.27418e+09 4.0365e+09 3.9696e+09 3.85468e+09 3.84601e+09 7.23408e+09 6.69132e+09 8.40962e+09
threshold=14140236.715000002 171.50000000000003 154.50000000000003 301.50000000000006 33.500000000000007 9833263.2000000011 233.50000000000003 386.50000000000006 438.50000000000006 14.500000000000002 3486.9453046576696 3349931.6391964294 3803613.2288392861 2394.7956108174444 27721.238307068827 93.500000000000014 517.50000000000011 -0.34155811708470757 118.01785714285715 2455700.0100000002 2184026.5000000005 29.500000000000004 3.5000000000000004 141.82142857142858 1575603.1250000007 10.500000000000002 84.500000000000014 5245.5595084790684 3132242.8150000009 23.500000000000004
decision_type=2 2 2 2 2 2 2 2 2 2 2 2 2 2 2 2 2 2 2 2 2 2 2 2 2 2 2 2 2 2
left_child=1 2 3 4 5 6 8 -8 9 10 -1 13 23 -11 24 19 17 -17 -18 -13 25 22 -22 -12 26 -20 28 -28 29 -15
right_child=-2 -3 -4 -5 -6 -7 7 -9 -10 11 12 15 -14 14 -16 16 18 -19 20 -21 21 -23 -24 -25 -26 -27 27 -29 -30 -31
leaf_value=-953.49888700597421 7030.1627404785168 -3352.6230449218747 1545.3929798955505 -1667.4502407836915 -701.81873419625424 719.58016148617389 -1306.1060451931426 92.081589780535012 1006.1410885620116 762.57374851771772 -103.54271531380898 47.928748376028885 500.24731107552844 250.88575012396973 -669.6368286132813 -183.36041658362566 -741.44241799747249 -1119.9344983223157 -81.781777937071666 859.62262061866556 -5.8219239668412648 2.7373687930164312 666.76225915048644 -842.63764831542983 847.79808700561523 -977.91735585530614 -754.1674553842256 141.7998813897791 574.35557580201521 -302.50139881769815
leaf_weight=34 20 25 23 20 28 38 27 21 20 35 242 84 36 241 21 49 34 39 28 37 44 1222 51 20 20 21 33 71 92 96
leaf_count=34 20 25 23 20 28 38 27 21 20 35 242 84 36 241 21 49 34 39 28 37 44 1222 51 20 20 21 33 71 92 96
internal_value=24.6767 -26.2352 4.25969 -8.84906 3.51012 10.9458 0.660056 -694.399 13.6417 5.85739 -169.639 32.1265 -80.2053 162.608 126.024 -17.2601 -42.7443 -598.433 -7.8153 296.133 10.4448 28.1654 355.25 -159.962 156.239 -465.84 130.29 -142.497 196.42 93.2443
internal_weight=2772 2752 2727 2704 2684 2656 2618 48 2570 2550 332 2218 298 609 574 1609 1488 88 1400 121 1366 1317 95 262 553 49 533 104 429 337
internal_count=2772 2752 2727 2704 2684 2656 2618 48 2570 2550 332 2218 298 609 574 1609 1488 88 1400 121 1366 1317 95 262 553 49 533 104 429 337
is_linear=0
shrinkage=0.05


Tree=242
num_leaves=31
num_cat=0
split_feature=14 26 36 44 21 38 41 16 19 8 45 57 56 109 112 2 45 12 19 16 57 10 91 19 53 66 37 12 41 5
split_gain=3.5691e+11 1.03439e+11 2.276e+10 2.63031e+10 1.66906e+10 2.12051e+10 4.3823e+09 3.848e+09 7.94284e+09 6.65429e+09 7.21588e+09 5.99664e+09 9.77274e+09 6.41102e+09 5.19043e+09 6.27736e+09 5.81256e+09 5.14693e+09 5.33015e+09 9.97844e+09 5.61545e+09 5.12281e+09 5.22436e+09 5.07353e+09 8.74915e+09 7.92792e+09 6.97893e+09 5.46484e+09 4.88917e+09 6.5651e+09
threshold=14140236.715000002 74.500000000000014 30.500000000000004 59.500000000000007 39.500000000000007 280.50000000000006 2.5000000000000004 23627.548254854086 20391.740427653756 3746.652227405822 27.500000000000004 1.0000000180025095e-35 5.5000000000000009 298.50000000000006 246.50000000000003 390.50000000000006 70.500000000000014 698.54765775401086 22579.172972324053 25210.050669337314 1.0000000180025095e-35 11550.140000000001 1699574.5650000002 19392.754611090542 0.0089044003563127725 0.36570897681179731 23.500000000000004 3560.7937566404107 11.500000000000002 4.483030278097746
decision_type=2 2 2 2 2 2 2 2 2 2 2 2 2 2 2 2 2 2 2 2 2 2 2 2 2 2 2 2 2 2
left_child=1 2 3 4 5 6 -1 11 -9 10 -10 12 -8 28 15 21 -16 18 19 -11 -20 22 -13 27 25 26 -25 -23 -14 -30
right_child=-2 -3 -4 -5 -6 -7 7 8 9 17 -12 14 13 -15 16 -17 -18 -19 20 -21 -22 23 -24 24 -26 -27 -28 -29 29 -31
leaf_value=-657.22838244628917 6678.6543530273448 -3364.0035617994226 1604.942021040483 -1772.476872326079 -1435.0428234863282 1526.4048387610394 -1044.8935294207404 453.34550724746589 75.711288452148438 -206.92028822465377 -1267.407821044922 583.81047334141203 -605.50007629394531 -889.34265429687503 78.317297722311594 -892.09033782958977 1136.3176754906065 476.40025785142097 438.08928861875796 438.13790999964669 -224.03446139958729 14.98188312427564 -63.39270807439631 -1432.5519728597005 -26.043113296643824 -63.036280664904361 -452.31392255036729 627.39823640522206 -215.98098276421265 415.83925999450685
leaf_weight=25 20 23 22 21 20 23 34 133 20 99 20 72 32 25 34 20 21 69 37 152 238 880 55 30 339 58 46 38 91 75
leaf_count=25 20 23 22 21 20 23 34 133 20 99 20 72 32 25 34 20 21 69 37 152 238 880 55 30 339 58 46 38 91 75
internal_value=23.4429 -24.9235 3.21827 -9.79907 3.98211 14.7775 1.62296 7.91451 101.997 28.4073 -595.848 -31.1424 -255.262 -134.869 5.01499 -12.0524 482.281 70.3741 17.1121 183.713 -134.949 -0.45769 303.526 -28.2117 -161.243 -503.277 -839.25 40.3325 -39.6077 69.48
internal_weight=2772 2752 2729 2707 2686 2666 2643 2618 768 635 40 1850 257 223 1593 1538 55 595 526 251 275 1518 127 1391 473 134 76 918 198 166
internal_count=2772 2752 2729 2707 2686 2666 2643 2618 768 635 40 1850 257 223 1593 1538 55 595 526 251 275 1518 127 1391 473 134 76 918 198 166
is_linear=0
shrinkage=0.05


Tree=243
num_leaves=31
num_cat=0
split_feature=21 0 107 77 33 39 14 1 5 0 3 27 84 51 18 12 52 51 120 85 48 97 63 120 55 83 75 107 6 40
split_gain=3.30063e+11 1.73453e+11 2.0412e+10 4.48935e+10 3.80814e+10 3.63173e+10 5.55299e+09 7.09466e+09 4.12198e+09 3.55357e+09 4.05121e+09 5.62802e+09 7.29403e+09 5.29755e+09 5.70018e+09 1.33409e+10 1.82083e+10 8.06701e+09 7.48406e+09 7.2376e+09 5.39243e+09 6.63961e+09 7.57553e+09 8.0625e+09 7.95262e+09 6.72004e+09 5.84882e+09 5.19016e+09 4.9756e+09 7.86711e+09
threshold=45.500000000000007 658.00000000000011 440.50000000000006 6622932.5700000012 229.50000000000003 81.500000000000014 9833263.2000000011 371.50000000000006 3.9421683389074702 34.500000000000007 56.500000000000007 16.500000000000004 3608485.5700000008 29259.372390607914 20770.921285512341 108.1990205866971 28034.362973313571 27286.757837981695 227.50000000000003 7570558.8975000018 0.088928430209569018 2903779.355972603 0.87837969732492682 262.50000000000006 5.5000000000000009 2578971.6900000004 4664041.830000001 209.50000000000003 2.3122503919104411 10.500000000000002
decision_type=2 2 2 2 2 2 2 2 2 2 2 2 2 2 2 2 2 2 2 2 2 2 2 2 2 2 2 2 2 2
left_child=1 2 4 5 6 -4 7 8 -1 -10 -11 12 -12 14 17 16 -16 -13 -19 20 21 -17 23 24 25 -23 28 -20 29 -26
right_child=-2 -3 3 -5 -6 -7 -8 -9 9 10 11 13 -14 -15 15 19 -18 18 27 -21 -22 22 -24 -25 26 -27 -28 -29 -30 -31
leaf_value=-677.27402048977945 6266.9118495396215 -4349.2869490913718 1016.2736857096354 2178.0476907169118 -2186.5410547637944 -1756.1256819225491 679.89358378092447 -810.55851755142214 673.93643569946289 -181.71553012365584 83.071888956397473 -22.177806358298227 839.49326080971571 159.19292347710413 -1865.243663263321 -469.39150085449222 -330.1548534817166 138.5407221137153 404.54558003743495 -864.46885299682617 -761.41095428466804 -1011.6117448286577 878.2092432358686 -880.5780645751953 877.04965349833174 81.280500441331128 1097.4743678880775 1529.9995190429688 -207.17568309251652 -85.924132818924761
leaf_weight=22 21 23 27 34 20 21 30 27 20 261 99 1065 47 444 24 46 99 90 21 24 20 22 34 20 48 39 23 20 43 38
leaf_count=22 21 23 27 34 20 21 30 27 20 261 99 1065 47 444 24 46 99 90 21 24 20 22 34 20 48 39 23 20 43 38
internal_value=22.2707 -25.3983 11.0568 787.98 -13.0202 -196.651 3.53366 -4.28252 4.19138 10.0776 4.82349 26.3092 326.577 5.63038 -35.0509 -180.604 -629.684 23.3652 393.619 -25.8791 34.5598 85.4206 181.006 79.2684 169.395 -312.877 362.938 953.548 231.975 451.55
internal_weight=2772 2751 2728 82 2646 48 2626 2596 2569 2547 2527 2266 146 2120 1676 480 123 1196 131 357 333 313 267 233 213 61 152 41 129 86
internal_count=2772 2751 2728 82 2646 48 2626 2596 2569 2547 2527 2266 146 2120 1676 480 123 1196 131 357 333 313 267 233 213 61 152 41 129 86
is_linear=0
shrinkage=0.05


Tree=244
num_leaves=31
num_cat=0
split_feature=37 44 45 25 40 45 34 39 20 86 45 8 105 82 93 8 19 90 90 93 88 99 66 84 77 81 57 81 103 85
split_gain=3.32113e+11 1.58338e+11 3.74474e+10 1.16616e+10 5.51533e+09 1.46711e+10 6.92799e+09 1.11209e+10 5.45155e+09 4.1163e+09 4.21071e+09 8.35675e+09 5.03011e+09 6.32637e+09 4.33114e+09 4.77065e+09 4.77693e+09 4.71947e+09 5.83683e+09 5.11557e+09 9.43911e+09 6.32561e+09 6.34921e+09 5.17852e+09 5.38432e+09 4.00318e+09 1.00397e+10 7.28522e+09 7.00859e+09 6.53918e+09
threshold=104.50000000000001 66.500000000000014 117.50000000000001 23.500000000000004 40.500000000000007 95.500000000000014 117.50000000000001 66.500000000000014 19.500000000000004 4716969.443028653 14.500000000000002 3486.9453046576696 -1037836.6199999996 648860.56784482067 3349931.6391964294 2394.7956108174444 27721.238307068827 1261265.673955797 1386709.5899656485 4491677.1449107146 6424085.3650000012 338673.55000000005 0.2926003356333482 5506705.5850000009 3209907.9850000008 3679453.6135714292 4.5000000000000009 2840438.1128571439 854130.91000000003 3939645.5664285719
decision_type=2 2 2 2 2 2 2 2 2 2 2 2 2 2 2 2 2 2 2 2 2 2 2 2 2 2 2 2 2 2
left_child=1 2 3 4 5 6 7 8 9 10 11 -1 13 -13 15 -12 -17 19 -19 20 23 -22 -23 -16 -25 26 27 -20 -29 -27
right_child=-2 -3 -4 -5 -6 -7 -8 -9 -10 -11 14 12 -14 -15 17 16 -18 18 25 -21 21 22 -24 24 -26 29 -28 28 -30 -31
leaf_value=-900.70598909153659 6441.0194364547733 -3986.5543447265627 2166.4103161621092 -1151.5919394753198 618.9965543111166 -1320.3968244280134 933.48944519042971 -1175.160837097168 792.14111550071027 -636.75607910156259 732.61001975319607 -186.99893057686944 -173.21946492175346 866.67615293305505 -194.67864520814683 142.77697025586059 -625.856524076916 430.17518100738528 590.50829634232957 349.25149109419004 18.381691894531251 -1673.1285419810902 -554.82547175089519 -237.35409973144533 845.04508734809031 472.85263719783109 -668.06117210388186 18.591996414492829 -968.02631142356188 12.313173107714579
leaf_weight=34 20 25 20 22 36 21 20 20 22 25 33 28 241 29 216 540 21 88 44 43 20 22 30 20 27 85 72 99 22 827
leaf_count=34 20 25 20 22 36 21 20 20 22 25 33 28 241 29 216 540 21 88 44 43 20 22 30 20 27 85 72 99 22 827
internal_value=21.1572 -25.4988 10.8145 -5.11155 4.28233 -4.07166 6.44692 -0.662303 8.41419 1.69479 7.97628 -158.049 -73.3163 349.081 32.9289 148.372 114.005 -9.5311 37.7178 -164.152 -230.052 -737.305 -1027.95 -91.1842 384.45 7.6601 -175.418 39.5539 -160.793 55.2363
internal_weight=2772 2752 2727 2707 2685 2649 2628 2608 2588 2566 2541 332 298 57 2209 594 561 1615 1237 378 335 72 52 263 47 1149 237 165 121 912
internal_count=2772 2752 2727 2707 2685 2649 2628 2608 2588 2566 2541 332 298 57 2209 594 561 1615 1237 378 335 72 52 263 47 1149 237 165 121 912
is_linear=0
shrinkage=0.05


Tree=245
num_leaves=31
num_cat=0
split_feature=105 39 25 27 23 41 82 35 5 19 86 1 11 36 8 19 8 105 87 126 75 102 103 17 14 75 105 4 39 105
split_gain=1.14178e+11 2.07958e+11 7.03478e+10 9.88093e+10 1.24393e+10 6.70058e+09 5.40786e+09 5.26634e+09 5.17755e+09 4.17848e+09 8.15773e+09 8.03118e+09 8.35485e+09 6.40096e+09 5.69507e+09 7.36486e+09 5.2196e+09 4.55692e+09 6.93135e+09 8.43157e+09 8.02321e+09 1.26364e+10 7.4354e+09 8.46734e+09 6.391e+09 6.31171e+09 6.10908e+09 9.11532e+09 5.79294e+09 5.74677e+09
threshold=8997330.2150000017 98.500000000000014 20.500000000000004 160.50000000000003 285.50000000000006 60.500000000000007 2865309.0755486735 30.500000000000004 4.3933203899537352 17583.436850897528 582265.97513777611 366.50000000000006 760728.26000000013 8.5000000000000018 3364.132576018264 15637.644645516042 3463.2290383521445 -775899.87499999942 1981011.1300000001 25.024198483209222 3250081.4200000004 2730492.6374065285 696738.49000000011 4253541.0059964648 1028834.1000000001 1608221.7800000003 -1946303.4850000001 668.00000000000011 42.500000000000007 -1303818.6999999997
decision_type=2 2 2 2 2 2 2 2 2 2 2 2 2 2 2 2 2 2 2 2 2 2 2 2 2 2 2 2 2 2
left_child=1 2 3 4 5 6 9 8 -8 10 -1 12 13 -12 15 -15 -16 18 19 -11 21 -20 23 25 -19 -21 27 -22 -29 -28
right_child=-2 -3 -4 -5 -6 -7 7 -9 -10 17 11 -13 -14 14 16 -17 -18 24 20 22 26 -23 -24 -25 -26 -27 29 28 -30 -31
leaf_value=-325.57747395672379 3651.8166280110681 -5005.6479573567713 -2271.0753439061782 3354.7333590420808 -1222.0075730096728 911.44056770324721 -672.8977627478148 -1029.336433919271 15.629548098377345 -605.56637738582708 478.36900595850597 -749.2333294677735 1248.2208560035342 260.51639694940479 793.49331747872498 -622.2919356169524 81.205314604769057 792.46614357277213 -339.60053966175428 977.89589930943077 1025.3293914794922 -1781.3739557175411 -563.85310325622561 1232.6621551513672 15.30801606273068 63.934007271299976 -724.9737291071965 -355.69244105021158 458.22553997039796 -90.238274335257628
leaf_weight=79 21 21 34 22 21 20 38 21 97 43 149 20 21 42 35 54 97 27 55 21 22 21 32 20 1308 188 65 69 32 79
leaf_count=79 21 21 34 22 21 20 38 21 97 43 149 20 21 42 35 54 97 27 55 21 22 21 32 20 1308 188 65 69 32 79
internal_value=-21.0132 -49.0298 -10.9298 17.5524 -9.88336 -0.295936 -7.21614 -292.757 -178.178 10.7526 140.385 228.45 277.58 223.512 56.961 -236.063 270.07 -21.7537 -130.657 43.1776 -284.727 -737.985 150.059 249.819 31.0258 155.767 -155.709 103.071 -97.8174 -376.751
internal_weight=2774 2753 2732 2698 2676 2655 2635 156 135 2479 497 418 398 377 228 96 132 1982 647 304 343 76 261 229 1335 209 267 123 101 144
internal_count=2774 2753 2732 2698 2676 2655 2635 156 135 2479 497 418 398 377 228 96 132 1982 647 304 343 76 261 229 1335 209 267 123 101 144
is_linear=0
shrinkage=0.05


Tree=246
num_leaves=31
num_cat=0
split_feature=105 23 27 44 90 35 37 2 17 80 10 19 86 79 103 38 56 11 27 52 112 36 3 48 10 103 126 85 90 48
split_gain=1.03045e+11 1.89533e+11 3.36484e+10 5.37226e+10 8.20913e+09 9.22409e+09 8.18047e+09 1.18564e+10 5.03741e+09 6.43935e+09 6.23226e+09 4.40857e+09 7.73988e+09 6.0907e+09 6.47155e+09 4.78367e+09 4.43907e+09 7.88666e+09 4.9325e+09 9.69245e+09 6.28414e+09 5.73685e+09 4.88114e+09 4.86608e+09 4.298e+09 6.36015e+09 4.50017e+09 4.10509e+09 4.57138e+09 6.32338e+09
threshold=8997330.2150000017 350.50000000000006 166.50000000000003 57.500000000000007 3916987.7875738409 26.500000000000004 73.500000000000014 407.50000000000006 7604026.5977076003 10568909.820000002 17769.825000000004 17583.436850897528 582265.97513777611 2102653.7550000004 -261156.25499999986 188.50000000000003 28.500000000000004 727916.13500000013 50.500000000000007 20200.873891227089 86.500000000000014 4.5000000000000009 108.50000000000001 0.045253744733967864 18688.855000000003 179277.56500000009 124.62653997624086 8356722.6771428576 2260988.6013893513 0.047153929229400933
decision_type=2 2 2 2 2 2 2 2 2 2 2 2 2 2 2 2 2 2 2 2 2 2 2 2 2 2 2 2 2 2
left_child=1 2 3 4 6 -6 7 8 9 11 -10 12 -1 14 -14 27 17 18 20 -20 23 -22 -23 -15 25 26 -21 28 -13 -30
right_child=-2 -3 -4 -5 5 -7 -8 -9 10 -11 -12 15 13 16 -16 -17 -18 -19 19 24 21 22 -24 -25 -26 -27 -28 -29 29 -31
leaf_value=-318.52954849243167 3469.2260079520092 -4668.8856384277342 1984.3885958716983 -2606.606677246094 41.8361078171503 -1440.1258754185269 826.36821858723965 -1216.7381540679933 1081.399610900879 -899.18148071289079 52.219753707082646 -41.343075953745682 101.44146009626843 -710.15800059925425 1281.5631803072417 -535.78851941979451 -454.95989619663789 1055.1603872070314 -1055.9935380415484 750.38661364041855 1255.322357468378 -9.128008422851563 667.73392325953444 211.62041104944743 628.24755343028482 -548.62875392913827 -221.25661815296522 -387.86075953653415 490.81437336042819 16.215081915961374
leaf_weight=80 21 22 21 20 21 21 30 20 24 20 38 1561 21 22 26 46 28 25 22 26 21 50 57 41 28 40 22 73 102 225
leaf_count=80 21 22 21 20 21 21 30 20 24 20 38 1561 21 22 26 46 28 25 22 26 21 50 57 41 28 40 22 73 102 225
internal_value=-19.9626 -46.5783 -9.34254 -24.7921 -5.59647 -699.145 5.40392 -4.00362 5.33229 -5.55388 450.612 1.54968 132.975 217.171 754.275 -31.7814 151.088 199.024 133.968 -93.7947 298.53 499.736 351.443 -110.27 88.6913 -82.9857 305.05 -19.9587 -5.73362 164.255
internal_weight=2774 2753 2731 2710 2690 42 2648 2618 2598 2536 62 2516 509 429 47 2007 382 354 329 138 191 128 107 63 116 88 48 1961 1888 327
internal_count=2774 2753 2731 2710 2690 42 2648 2618 2598 2536 62 2516 509 429 47 2007 382 354 329 138 191 128 107 63 116 88 48 1961 1888 327
is_linear=0
shrinkage=0.05


Tree=247
num_leaves=31
num_cat=0
split_feature=105 39 25 41 43 27 27 82 78 23 17 23 23 57 82 86 104 126 82 105 94 118 17 80 65 47 105 57 104 89
split_gain=9.29984e+10 1.78091e+11 6.04513e+10 9.39832e+10 1.23078e+10 6.46504e+09 6.72073e+09 4.10516e+09 4.37365e+09 3.62057e+09 5.78193e+09 7.25924e+09 5.06705e+09 4.89603e+09 6.92735e+09 4.4313e+09 8.4954e+09 5.36464e+09 7.60273e+09 4.34481e+09 3.65905e+09 3.345e+09 3.21926e+09 4.00284e+09 8.67769e+09 4.67632e+09 3.88311e+09 4.89811e+09 3.83225e+09 3.50632e+09
threshold=8997330.2150000017 98.500000000000014 20.500000000000004 68.500000000000014 113.50000000000001 139.50000000000003 128.50000000000003 2865309.0755486735 3549205.2600000002 23.500000000000004 1595128.6512787065 37.500000000000007 37.500000000000007 4.5000000000000009 624030.01331049274 496208.46852740244 175149.30500000008 32.574356551429247 988945.19348408072 988485.75500000012 701848.4561829028 57.500000000000007 7604026.5977076003 7287667.7800000003 -0.44437406304545285 0.9082363604467576 -3217436.0199999991 1.5000000000000002 457964.00999999995 4249621.4101785729
decision_type=2 2 2 2 2 2 2 2 2 2 2 2 2 2 2 2 2 2 2 2 2 2 2 2 2 2 2 2 2 2
left_child=1 2 3 4 5 6 7 9 -9 13 12 -12 -11 14 -1 16 -13 18 19 -17 -18 -19 23 26 -25 28 27 -23 -26 -29
right_child=-2 -3 -4 -5 -6 -7 -8 8 -10 10 11 15 -14 -15 -16 17 20 21 -20 -21 -22 22 -24 24 25 -27 -28 29 -30 -31
leaf_value=139.61881265079273 3295.7647088913691 -4631.1401169549854 -2104.1361758961398 3199.939368206522 -1215.6535878499351 769.34418086299195 -899.21696893601188 -793.72044331868494 -120.39601557971986 -132.4776772349714 583.53659386885795 340.17753208705358 -772.53229763633328 -179.66339859501011 1249.1068104426067 -184.66158686098845 -31.064242248535159 -633.76057739257817 1083.0291854858399 596.80103467743982 -824.77569905407017 881.51609212941139 454.48551099823749 -1130.7539579971979 -604.63078155517576 586.60487476695675 10.728234962130351 -450.78798995971687 -0.0017891833656712584 342.2133517223856
leaf_weight=34 21 21 34 23 21 27 21 30 123 166 57 35 38 31 24 46 20 20 28 29 53 29 41 23 40 22 1575 20 76 46
leaf_count=34 21 21 34 23 21 27 21 30 123 166 57 35 38 31 24 46 20 20 28 29 53 29 41 23 40 22 1575 20 76 46
internal_value=-18.9645 -44.2494 -8.99141 17.4115 -9.95233 -0.412121 -8.32359 -1.14448 -252.42 14.5283 2.74187 26.7728 -251.704 327.596 598.717 11.6822 -300.261 28.5694 379.977 117.504 -607.321 9.43884 16.3106 6.49896 -231.599 -81.7396 29.4533 339.895 -208.495 101.91
internal_weight=2774 2753 2732 2698 2675 2654 2627 2606 153 2453 2364 2160 204 89 58 2103 108 1995 103 75 73 1892 1872 1831 161 138 1670 95 116 66
internal_count=2774 2753 2732 2698 2675 2654 2627 2606 153 2453 2364 2160 204 89 58 2103 108 1995 103 75 73 1892 1872 1831 161 138 1670 95 116 66
is_linear=0
shrinkage=0.05


Tree=248
num_leaves=31
num_cat=0
split_feature=34 38 33 125 33 1 32 18 15 15 9 7 85 66 25 42 107 40 75 115 86 7 29 50 120 120 106 84 6 32
split_gain=8.68619e+10 1.44188e+11 3.07955e+10 1.3011e+10 6.39591e+09 9.98538e+09 5.41345e+09 4.02898e+09 9.95328e+09 8.3774e+09 5.96016e+09 5.41898e+09 4.98969e+09 6.79237e+09 7.70284e+09 9.14803e+09 5.68416e+09 4.99875e+09 9.79145e+09 6.71455e+09 6.77905e+09 4.69208e+09 5.22486e+09 4.64853e+09 4.5975e+09 4.91342e+09 5.53665e+09 5.05455e+09 4.35873e+09 4.83878e+09
threshold=162.50000000000003 330.00000000000006 258.50000000000006 350.12500000000006 235.50000000000003 411.50000000000006 130.50000000000003 20992.562141383514 25924.881069892475 16470.141222078422 811.58500000000015 5827.3175796387522 4553017.7971428586 -0.97106408147883394 2.5000000000000004 25.500000000000004 57.500000000000007 10.500000000000002 3349253.6950000008 33.41926639958627 735768.98972703272 5767.2852227342564 6.5000000000000009 1.0529723550197467 141.50000000000003 52.500000000000007 620544.81999999995 5410609.0350000011 2.2505174532527303 31.500000000000004
decision_type=2 2 2 2 2 2 2 2 2 2 2 2 2 2 2 2 2 2 2 2 2 2 2 2 2 2 2 2 2 2
left_child=1 2 3 4 5 6 7 8 10 -9 21 -10 16 -14 -15 -16 -11 24 23 -20 -21 -1 -23 -19 25 -18 27 28 29 -27
right_child=-2 -3 -4 -5 -6 -7 -8 9 11 12 -12 -13 13 14 15 -17 17 18 19 20 -22 22 -24 -25 -26 26 -28 -29 -30 -31
leaf_value=33.083068894415298 -2607.9595520019534 3954.4293622887653 -1928.4430850074405 -1276.8527673339845 833.39939389436154 -1019.2497547785441 786.30404135964136 -1037.6678644353694 1142.6031120054183 -273.14218649727962 824.78336513353429 199.94900797526043 405.99496577336242 -890.6072107213995 839.10674194335934 -275.76492292652961 692.30679001808176 -1205.9134802246094 937.48400969071827 580.71925323073935 -206.33188135782882 -856.01151199340825 70.600999292834047 -330.9670825049991 531.04291916871682 37.98864803929483 -580.9880717873574 604.58395524458456 -169.008022726229 829.91424800327843
leaf_weight=1315 32 23 21 20 23 24 22 22 31 140 23 30 39 46 20 230 32 20 22 37 105 32 29 63 78 62 32 44 129 28
leaf_count=1315 32 23 21 20 23 24 22 22 31 140 23 30 39 46 20 230 32 20 22 37 105 32 29 63 78 62 32 44 129 28
internal_value=-18.0162 12.2092 -21.138 -6.2924 3.19647 -3.99549 5.26566 -1.32032 53.8003 -71.3605 26.5399 679.003 -52.4973 -214.262 -295.986 -186.575 15.926 77.9959 -99.2825 124.673 -1.25518 13.1972 -415.491 -541.798 186.114 103.837 40.0032 115.561 17.3099 284.366
internal_weight=2774 2742 2719 2698 2678 2655 2631 2609 1460 1149 1399 61 1127 335 296 250 792 652 247 164 142 1376 61 83 405 327 295 263 219 90
internal_count=2774 2742 2719 2698 2678 2655 2631 2609 1460 1149 1399 61 1127 335 296 250 792 652 247 164 142 1376 61 83 405 327 295 263 219 90
is_linear=0
shrinkage=0.05


Tree=249
num_leaves=31
num_cat=0
split_feature=105 23 37 23 75 38 90 7 3 14 80 55 19 86 12 16 86 95 51 19 90 114 115 12 10 87 101 52 18 11
split_gain=8.39485e+10 1.61705e+11 1.93318e+10 2.42501e+10 5.04643e+09 7.88668e+09 5.22881e+09 3.91812e+09 1.12758e+10 3.55955e+09 4.51105e+09 7.39754e+09 3.13497e+09 6.52815e+09 5.48444e+09 6.37747e+09 6.32426e+09 5.39306e+09 5.35292e+09 7.59738e+09 5.13514e+09 4.65529e+09 4.95339e+09 4.43676e+09 3.96356e+09 5.55541e+09 5.98416e+09 4.39021e+09 8.12151e+09 5.84478e+09
threshold=8997330.2150000017 350.50000000000006 92.500000000000014 300.00000000000006 11332934.655000001 267.50000000000006 3916987.7875738409 8098.8963043478261 29.500000000000004 9581969.9700000007 9647893.1850000005 5.5000000000000009 17583.436850897528 582265.97513777611 2842.2718151927443 20789.470060996227 806196.49751404021 2053718.78 16797.304407614905 16593.884410201299 827993.77214379457 186.19642857142858 58.48003622761167 1969.4780176609652 11426.530000000002 1981011.1300000001 4700165.29881611 28034.362973313571 21084.66849997867 139532.16
decision_type=2 2 2 2 2 2 2 2 2 2 2 2 2 2 2 2 2 2 2 2 2 2 2 2 2 2 2 2 2 2
left_child=1 2 3 4 5 6 7 8 -1 10 12 -12 13 -10 15 16 20 -17 -18 21 -15 22 -20 -21 25 26 -14 29 -29 -26
right_child=-2 -3 -4 -5 -6 -7 -8 -9 9 -11 11 -13 24 14 -16 17 18 -19 19 23 -22 -23 -24 -25 27 -27 -28 28 -30 -31
leaf_value=1164.5654773530507 3132.2035365513393 -4310.6512018377134 1504.4499747140069 -1482.2911255972726 -648.02290100097662 993.26336822509768 -593.59023371516048 -659.40834239612923 -300.69555788040162 494.87042694091798 214.7679637145996 -1075.3660623588564 1175.1854014521059 -276.83136721524323 764.77433728669826 259.02144437303735 -811.53413492838547 1167.9449915568034 430.85979856293784 -472.0592099453421 600.43352752353837 695.88841509137842 -540.21922798156743 355.64106140136721 -236.55923579468617 -267.58181726792282 212.11917266845705 445.39224197387693 -18.017873248515478 -1.8031305106644777
leaf_weight=21 21 22 21 28 30 20 37 22 80 36 20 25 23 22 38 51 24 24 29 85 69 42 24 20 487 34 54 110 673 582
leaf_count=21 21 22 21 28 30 20 37 22 80 36 20 25 23 22 38 51 24 24 29 85 69 42 24 20 487 34 54 110 673 582
internal_value=-17.1154 -41.1386 -6.74483 -18.4552 -3.17279 4.12189 -3.39438 5.02074 10.7018 1.20687 -5.85667 -501.973 3.17823 113.886 191.378 135.509 36.8495 549.877 -105.947 -21.2761 388.348 302.705 -8.8741 -314.402 -25.4716 264.738 499.788 -42.8654 47.0844 -108.75
internal_weight=2774 2753 2731 2710 2682 2652 2632 2595 2573 2552 2516 45 2471 508 428 390 315 75 224 200 91 95 53 105 1963 111 77 1852 783 1069
internal_count=2774 2753 2731 2710 2682 2652 2632 2595 2573 2552 2516 45 2471 508 428 390 315 75 224 200 91 95 53 105 1963 111 77 1852 783 1069
is_linear=0
shrinkage=0.05


Tree=250
num_leaves=31
num_cat=0
split_feature=38 1 37 23 58 112 25 29 23 107 32 11 10 98 10 66 47 118 9 14 52 105 94 16 97 16 57 37 103 16
split_gain=5.97506e+11 1.54836e+11 1.94168e+10 1.0439e+10 2.7624e+10 1.78824e+10 6.34241e+09 6.88994e+09 7.89696e+09 6.07777e+09 6.01791e+09 4.52081e+09 6.89134e+09 5.67478e+09 7.47542e+09 9.02521e+09 4.84731e+09 7.35353e+09 5.53864e+09 6.4273e+09 4.8069e+09 4.6108e+09 4.38479e+09 4.24349e+09 4.10281e+09 6.23765e+09 7.5279e+09 6.6654e+09 5.5431e+09 8.04078e+09
threshold=389.50000000000006 558.50000000000011 90.500000000000014 262.50000000000006 210.50000000000003 257.50000000000006 13.500000000000002 16.500000000000004 207.50000000000003 212.50000000000003 7.5000000000000009 30141.375000000004 18812.180000000004 3182436.9504393265 13630.740000000002 -0.29258949745833546 0.28614982578397213 119.50000000000001 930.61000000000001 1284791.2300000002 27992.167046648883 -642462.66500000004 1471445.7414989939 17806.671344160812 5143373.4635068504 15303.473452965163 2.5000000000000004 34.500000000000007 681546.8400000002 19325.604556576738
decision_type=2 2 2 2 2 2 2 2 2 2 2 2 2 2 2 2 2 2 2 2 2 2 2 2 2 2 2 2 2 2
left_child=1 2 3 6 5 -5 10 8 9 -8 -1 16 13 14 15 -13 17 -12 19 -18 24 -20 -17 -14 28 -26 27 -27 -16 -30
right_child=-2 -3 -4 4 -6 -7 7 -9 -10 -11 11 12 23 -15 20 22 18 -19 21 -21 -22 -23 -24 -25 25 26 -28 -29 29 -31
leaf_value=-848.00498684969807 8629.4217285156246 -4427.4801354980473 1322.1390444155095 828.7197402427937 -2198.1739282226563 -959.39583463315614 -238.91430168151857 1205.1733459854127 -574.19667382812509 820.09174742925734 -195.18874068626991 793.72413780337479 874.09373116328811 -717.322743733724 -100.68158194916477 253.62760272561837 -944.15488746279777 -1233.1871253603981 790.65390698982014 -62.024159580064058 571.77516193389897 76.9310402446323 -371.29940259979998 225.19309301773706 -271.43460341153082 303.43647255897525 -50.918116409059557 1449.8369076683409 -218.78147925162804 -1335.8422050476074
leaf_weight=22 20 20 27 29 20 27 20 20 25 42 91 61 29 27 303 89 21 21 33 1236 28 72 41 192 73 32 63 21 49 24
leaf_count=22 20 20 27 29 20 27 20 20 25 42 91 61 29 27 303 89 21 21 33 1236 28 72 41 192 73 32 63 21 49 24
internal_value=18.3528 -44.0915 -12.0726 -25.3605 -603.083 -33.4074 -8.69758 368.356 175.984 478.477 -24.6567 -17.4286 62.8309 -4.6169 19.9278 291.973 -73.6212 -389.813 -47.62 -76.7614 -67.6954 301.244 56.5352 310.343 -99.3859 90.656 318.523 757.671 -194.912 -586.034
internal_weight=2778 2758 2738 2711 76 56 2635 107 87 62 2528 2506 1032 811 784 191 1474 112 1362 1257 593 105 130 221 565 189 116 53 376 73
internal_count=2778 2758 2738 2711 76 56 2635 107 87 62 2528 2506 1032 811 784 191 1474 112 1362 1257 593 105 130 221 565 189 116 53 376 73
is_linear=0
shrinkage=0.05


Tree=251
num_leaves=31
num_cat=0
split_feature=80 0 11 23 66 5 42 32 80 82 11 7 65 36 127 104 40 105 104 7 58 105 32 77 80 5 18 23 9 56
split_gain=5.71057e+11 1.863e+11 4.11513e+10 1.78586e+10 6.80848e+10 1.14974e+10 8.09088e+09 5.59755e+09 4.76539e+09 5.19178e+09 5.05646e+09 5.77512e+09 6.10579e+09 5.84839e+09 5.89094e+09 6.84551e+09 5.61001e+09 4.87283e+09 5.48561e+09 4.85248e+09 4.70963e+09 4.46639e+09 4.73793e+09 4.69892e+09 4.1123e+09 6.37748e+09 4.06287e+09 8.05135e+09 6.99041e+09 4.9383e+09
threshold=14859592.285000002 658.00000000000011 1558803.1450000003 262.50000000000006 -0.84291031405530259 4.543104872006607 128.50000000000003 7.5000000000000009 9023368.2150000017 1005158.9336555894 30141.375000000004 5549.5839867525965 0.98930504265984687 21.500000000000004 124.50000000000001 587749.01500000048 22.500000000000004 3775731.1750000003 2800112.0950000002 5713.3087002307557 148.50000000000003 1173956.4750000001 23.500000000000004 5501873.9650000008 3690775.2450000006 4.5069605943152462 25049.852774050141 97.500000000000014 799.91500000000008 20.500000000000004
decision_type=2 2 2 2 2 2 2 2 2 2 2 2 2 2 2 2 2 2 2 2 2 2 2 2 2 2 2 2 2 2
left_child=1 2 3 6 -5 -6 7 -1 10 -10 17 12 13 14 -12 -16 -14 18 26 -13 -20 22 -21 24 -24 -26 28 -28 -9 -30
right_child=-2 -3 -4 4 5 -7 -8 8 9 -11 11 19 16 -15 15 -17 -18 -19 20 21 -22 -23 23 -25 25 -27 27 -29 29 -31
leaf_value=-805.60477683327417 8231.393616703579 -4627.8666287508886 2251.4430587768557 -2757.2576069423135 -309.41609924316413 1149.2720364657316 801.13399067540331 -82.400541987702809 -251.97284577687583 620.26624497235844 25.353755161278656 798.46414477374105 -909.81253545424522 -781.86655462355839 -37.810833740234379 1171.5070329589844 28.271278025309243 576.10854448590965 -97.577442398071298 489.74657203656329 -1157.7137354070489 685.53333180401785 -193.81531810491859 -774.61917633056646 987.77032318115243 -132.4211553502966 -176.02917973013484 -1236.6052294540405 124.92029152283301 819.05240837545955
leaf_weight=22 21 22 20 28 35 22 31 1059 24 59 636 37 34 21 22 25 30 28 20 53 22 37 71 20 24 27 170 20 104 34
leaf_count=22 21 22 20 28 35 22 31 1059 24 59 636 37 34 21 22 25 30 28 20 53 22 37 71 20 24 27 170 20 104 34
internal_value=17.4352 -45.1303 -8.26736 -24.9135 -738.221 253.586 -1.85981 -11.4376 -4.6578 368.053 -17.0615 67.3273 -2.50503 40.0023 65.2721 605.443 -470.086 -77.1242 -89.9237 266.7 -652.887 181.893 86.3303 -64.2405 52.215 394.728 -72.8765 -287.669 -38.7825 295.938
internal_weight=2778 2757 2735 2715 85 57 2630 2599 2577 83 2494 1037 768 704 683 47 64 1457 1429 269 42 232 195 142 122 51 1387 190 1197 138
internal_count=2778 2757 2735 2715 85 57 2630 2599 2577 83 2494 1037 768 704 683 47 64 1457 1429 269 42 232 195 142 122 51 1387 190 1197 138
is_linear=0
shrinkage=0.05


Tree=252
num_leaves=31
num_cat=0
split_feature=104 27 3 44 3 23 27 42 32 18 51 43 20 118 12 51 10 18 15 83 43 77 104 102 28 17 6 15 18 23
split_gain=5.3741e+11 2.32225e+11 3.6365e+10 1.02446e+10 1.38397e+10 9.94724e+09 1.57982e+10 8.15084e+09 4.97358e+09 3.86639e+09 9.23666e+09 8.0179e+09 7.04052e+09 6.49253e+09 6.37093e+09 1.01316e+10 9.20561e+09 6.85785e+09 6.65217e+09 1.31467e+10 6.15761e+09 6.09649e+09 5.50358e+09 4.67095e+09 4.45444e+09 4.4487e+09 4.40814e+09 4.15556e+09 4.72929e+09 4.05769e+09
threshold=7816134.1450000014 185.00000000000003 221.00000000000003 57.500000000000007 206.50000000000003 261.50000000000006 139.50000000000003 128.50000000000003 7.5000000000000009 20992.562141383514 27319.237064056946 70.500000000000014 10.500000000000002 208.50000000000003 486.94333526123006 29624.1443202765 11219.225000000002 23064.157203015511 26091.563090973705 2195498.4800000004 83.500000000000014 8315193.165000001 2000182.2500000002 2715820.2656313335 5.5000000000000009 3283124.2249897332 2.3751621336569655 31768.878725711314 25720.167271405084 51.500000000000007
decision_type=2 2 2 2 2 2 2 2 2 2 2 2 2 2 2 2 2 2 2 2 2 2 2 2 2 2 2 2 2 2
left_child=1 2 3 4 5 7 -7 8 -1 10 12 14 29 26 15 16 25 -17 19 -18 -14 22 -16 24 -19 -11 -12 -25 -29 -10
right_child=-2 -3 -4 -5 -6 6 -8 -9 9 11 13 -13 20 -15 21 17 18 23 -20 -21 -22 -23 -24 27 -26 -27 -28 28 -30 -31
leaf_value=-765.3245011763139 7984.8581147693449 -5160.6400899713699 2021.6617914373228 -1119.4615888323103 1160.1366911621094 -1761.6918981824601 98.567738525390624 996.53051635742202 124.43882684849983 -277.31750732421875 93.291106128692633 -814.40223575168193 494.6874352066605 898.01504339738335 104.76903759205837 285.98102601022646 -404.75688908017918 250.77127283096317 -396.77003953995245 -2071.0893652343752 -460.42420467376706 -665.10607897440605 873.57628332519528 -171.77497204552014 -483.95132534221068 777.27953430175785 845.11733079993212 956.74142196655271 77.504769087571376 -98.07335684700945
leaf_weight=22 21 22 22 21 25 21 25 20 268 20 128 36 108 44 338 133 29 25 124 20 20 24 25 121 118 20 23 20 65 870
leaf_count=22 21 22 22 21 25 21 25 20 268 20 128 36 108 44 338 133 29 25 124 20 20 24 25 121 118 20 23 20 65 870
internal_value=16.5634 -44.1309 -2.9743 -19.3923 -10.8108 -21.787 -750.681 -8.99453 -16.7264 -10.3405 43.2137 -80.325 -6.12674 363.547 -55.9009 -146.437 -433.615 -19.5304 -591.672 -1084.89 345.451 106.689 157.717 -135.957 -355.503 249.981 207.808 16.446 284.384 -45.6715
internal_weight=2778 2757 2735 2713 2692 2667 46 2621 2601 2579 1461 1118 1266 195 1082 695 213 482 173 49 128 387 363 349 143 40 151 206 85 1138
internal_count=2778 2757 2735 2713 2692 2667 46 2621 2601 2579 1461 1118 1266 195 1082 695 213 482 173 49 128 387 363 349 143 40 151 206 85 1138
is_linear=0
shrinkage=0.05


Tree=253
num_leaves=31
num_cat=0
split_feature=20 43 26 40 37 20 113 101 27 122 32 112 35 19 45 0 36 23 21 23 36 83 48 3 112 113 2 10 86 27
split_gain=5.40136e+11 1.39052e+11 1.90915e+10 2.08018e+10 1.30437e+10 5.43645e+09 1.09378e+10 7.55804e+09 8.02093e+09 5.76844e+09 4.27102e+09 4.54711e+09 6.12686e+09 5.94022e+09 5.55756e+09 8.78028e+09 5.09971e+09 7.40692e+09 9.52579e+09 1.16207e+10 5.4286e+09 5.7728e+09 4.86365e+09 5.922e+09 4.79742e+09 4.54609e+09 5.21755e+09 4.38666e+09 3.83994e+09 4.14788e+09
threshold=26.500000000000004 147.00000000000003 72.500000000000014 47.500000000000007 84.500000000000014 10.500000000000002 441.50000000000006 4522010.5120381089 128.50000000000003 126.48756036640928 7.5000000000000009 182.50000000000003 22.500000000000004 19441.710844938872 60.500000000000007 289.50000000000006 13.500000000000002 143.50000000000003 15.500000000000002 156.50000000000003 19.500000000000004 1880821.4900000002 0.04821512394662137 120.50000000000001 142.50000000000003 337.50000000000006 302.50000000000006 18744.560000000005 3039556.3747443021 36.500000000000007
decision_type=2 2 2 2 2 2 2 2 2 2 2 2 2 2 2 2 2 2 2 2 2 2 2 2 2 2 2 2 2 2
left_child=1 2 3 4 5 10 7 -7 28 -8 -1 16 13 -13 15 -14 17 -12 19 -19 21 -18 -23 -24 -22 -16 -27 -25 29 -9
right_child=-2 -3 -4 -5 -6 6 9 8 -10 -11 11 12 14 -15 25 -17 20 18 -20 -21 24 22 23 27 -26 26 -28 -29 -30 -31
leaf_value=-727.05833941372964 8202.9798513793939 -4197.6075585937497 -1552.4491064453125 1307.3641097005209 -1288.7177484130862 -740.00108066134987 1229.5667553172393 807.04709639115765 -817.77143920898436 175.58933279854912 -10.708956318475007 -1091.0171381487166 -99.232252386341941 -140.56888235768963 -790.47397886334056 1155.6481301879883 1030.168088707557 -1570.2807642443429 226.37399808949442 -65.321163409689206 -668.2990167025863 615.94835137261293 790.10819673084086 -348.17836051709725 267.0412576528696 517.08732198079429 -403.15220095168712 467.07954212535515 854.57749273126774 79.751467658148883
leaf_weight=22 20 20 20 30 20 27 34 22 20 21 1763 35 46 31 33 20 26 29 29 23 29 54 21 66 26 24 43 22 22 180
leaf_count=22 20 20 20 30 20 27 34 22 20 21 1763 35 46 31 33 20 26 29 29 23 29 54 21 66 26 24 43 22 22 180
internal_value=15.7353 -43.6356 -13.2925 -1.96685 -16.5799 -7.04366 184.258 53.7843 141.621 827.139 -33.6724 -27.0971 -237.095 -644.594 -75.0772 281.035 -3.76405 -32.1885 -499.7 -904.626 211.05 338.274 227.911 35.672 -226.138 -310.111 -73.5142 -144.364 227.281 158.962
internal_weight=2778 2758 2738 2718 2688 2668 326 271 244 55 2342 2320 232 66 166 66 2088 1844 81 52 244 189 163 109 55 100 67 88 224 202
internal_count=2778 2758 2738 2718 2688 2668 326 271 244 55 2342 2320 232 66 166 66 2088 1844 81 52 244 189 163 109 55 100 67 88 224 202
is_linear=0
shrinkage=0.05


Tree=254
num_leaves=31
num_cat=0
split_feature=80 0 11 23 16 121 42 80 103 93 8 92 122 81 47 42 9 10 16 19 81 19 41 28 58 45 75 23 23 80
split_gain=4.99644e+11 1.61086e+11 3.51825e+10 1.86195e+10 4.88464e+10 2.2228e+10 6.96449e+09 4.24803e+09 5.21943e+09 7.28988e+09 1.05547e+10 5.11954e+09 4.5606e+09 5.95717e+09 5.82741e+09 4.20747e+09 4.2056e+09 3.91567e+09 6.09314e+09 5.13757e+09 5.68777e+09 4.53686e+09 4.44045e+09 6.45063e+09 7.26589e+09 7.13354e+09 6.16496e+09 8.8773e+09 4.75233e+09 5.44979e+09
threshold=14859592.285000002 658.00000000000011 1558803.1450000003 262.50000000000006 18993.439164397802 347.9285714285715 127.50000000000001 9023368.2150000017 -1451246.1499999999 3756681.6130357147 3653.9800483978329 14782001.495000003 43.151173835235106 6621473.4392857151 0.97476869535693067 64.500000000000014 699.09500000000014 11550.140000000001 12957.398803408769 25343.245481569771 3251435.8278571437 15637.644645516042 6.5000000000000009 15.500000000000002 299.50000000000006 35.500000000000007 3558777.7850000006 91.500000000000014 94.500000000000014 3157860.2750000008
decision_type=2 2 2 2 2 2 2 2 2 2 2 2 2 2 2 2 2 2 2 2 2 2 2 2 2 2 2 2 2 2
left_child=1 2 3 6 -5 -6 7 8 9 10 -1 -11 13 14 17 -9 -17 -10 -19 21 -21 -20 -23 25 26 -24 28 -28 29 -25
right_child=-2 -3 -4 4 5 -7 -8 15 12 11 -12 -13 -14 -15 -16 16 -18 18 19 20 -22 22 23 24 -26 -27 27 -29 -30 -31
leaf_value=-1490.2848285381613 7698.1634416852685 -4304.9334317294042 2080.1165649414065 -2463.1885096958704 -667.08094482421882 1379.8213332403275 699.4534592982701 -216.82450860341393 333.44852659644152 46.012519849248292 -91.266130610874725 -800.75895705450148 99.931031837690369 -848.68595182999331 -295.79318555593494 139.03183404330551 983.43576334635418 -553.08832485492417 688.34453183687651 -128.99678420314083 -940.35814274681945 -314.10890887752998 146.0787516660948 -696.69101326234886 -706.82224130630493 960.4251806324927 575.17576265211233 -24.478118280735814 -839.24211662046366 88.446065808581068
leaf_weight=26 21 22 20 28 36 21 35 24 82 119 28 21 751 23 192 29 30 52 26 108 27 91 370 31 40 29 77 311 31 77
leaf_count=26 21 22 20 28 36 21 35 24 82 119 28 21 751 23 192 29 30 52 26 108 27 91 370 31 40 29 77 311 31 77
internal_value=14.9485 -43.5744 -9.29651 -24.6881 -753.035 87.0409 -1.14842 -10.5978 -22.2263 -271.357 -764.868 -81.0032 -1.3758 -49.9281 -38.0295 341.34 568.39 -1.424 -23.0457 -0.416616 -291.269 35.8392 19.789 51.2431 -57.144 205.267 -7.83253 94.5254 -293.551 -136.917
internal_weight=2778 2757 2735 2715 85 57 2630 2595 2512 194 54 140 2318 1567 1544 83 59 1352 1270 1218 135 1083 1057 966 567 399 527 388 139 108
internal_count=2778 2757 2735 2715 85 57 2630 2595 2512 194 54 140 2318 1567 1544 83 59 1352 1270 1218 135 1083 1057 966 567 399 527 388 139 108
is_linear=0
shrinkage=0.05


Tree=255
num_leaves=31
num_cat=0
split_feature=42 31 27 3 4 17 66 16 7 42 16 83 14 38 19 0 14 116 123 23 118 23 122 9 82 108 9 75 96 39
split_gain=6.30058e+11 1.0513e+11 2.0156e+10 3.60305e+10 8.21413e+09 6.29349e+09 5.27245e+09 4.03772e+09 3.70341e+09 3.3308e+09 4.13285e+09 4.0974e+09 3.66494e+09 3.81232e+09 5.93176e+09 4.4023e+09 4.01426e+09 4.36729e+09 3.95005e+09 3.65977e+09 8.67774e+09 7.99635e+09 6.35223e+09 9.96809e+09 5.7672e+09 4.51604e+09 5.05787e+09 7.05977e+09 4.26438e+09 5.36426e+09
threshold=190.50000000000003 43.500000000000007 171.00000000000003 219.50000000000003 2282.0000000000005 8627148.6160498969 0.99903710851409044 34320.741913837155 7857.6209673913045 115.50000000000001 19729.988521901982 7026933.8200000012 9581969.9700000007 188.50000000000003 17789.202225451834 354.50000000000006 7611143.5450000009 159.50000000000003 221.50000000000003 143.50000000000003 185.50000000000003 137.50000000000003 36.54156032621232 689.43000000000018 812409.21381191339 212.50000000000003 694.59000000000003 6547171.1700000009 13458710.065000001 25.500000000000004
decision_type=2 2 2 2 2 2 2 2 2 2 2 2 2 2 2 2 2 2 2 2 2 2 2 2 2 2 2 2 2 2
left_child=1 2 3 4 5 6 7 8 9 11 -11 12 13 16 -15 -16 17 18 19 21 -21 28 23 24 -22 26 27 -24 29 -1
right_child=-2 -3 -4 -5 -6 -7 -8 -9 -10 10 -12 -13 -14 14 15 -17 -18 -19 -20 20 22 -23 25 -25 -26 -27 -28 -29 -30 -31
leaf_value=34.009125723206857 8871.2845654296889 -3647.3772729492189 1350.330148654514 -2037.801710250161 1003.4585245132447 -819.65185012817392 -676.74949694666373 646.71501026153567 -623.03809280395512 740.93721997810144 -132.17063266920007 -631.97399221567014 656.71731334867934 121.59376644971894 -1219.0402232776989 -273.88169337681364 458.18110656738281 -593.26243542086695 574.17015604654944 -995.61630775188576 166.75973220098587 663.96143201462769 -1312.3976192079742 -580.41262344360348 1312.8144441024117 36.688340491753124 36.452314809163418 -199.32157244001118 219.6631632288491 -160.29691535059357
leaf_weight=1245 20 20 27 22 20 24 29 24 24 33 23 26 21 41 22 28 48 31 30 29 21 47 29 20 23 77 30 28 205 497
leaf_count=1245 20 20 27 22 20 24 29 24 24 33 23 26 21 41 22 28 48 31 30 29 21 47 29 20 23 77 30 28 205 497
internal_value=28.9237 -35.525 -9.00623 -22.6147 -6.04122 -13.6457 -6.29334 1.17907 -4.83057 0.978742 382.339 -7.57058 -1.00323 -6.63853 -324.2 -689.751 5.60644 -3.78958 4.22167 -3.37427 -180.959 19.514 -77.34 345.132 765.834 -242.207 -489.046 -765.623 3.95724 -21.4272
internal_weight=2764 2744 2724 2697 2675 2655 2631 2602 2578 2554 56 2498 2472 2451 91 50 2360 2312 2281 2251 257 1994 228 64 44 164 87 57 1947 1742
internal_count=2764 2744 2724 2697 2675 2655 2631 2602 2578 2554 56 2498 2472 2451 91 50 2360 2312 2281 2251 257 1994 228 64 44 164 87 57 1947 1742
is_linear=0
shrinkage=0.05


Tree=256
num_leaves=31
num_cat=0
split_feature=33 80 39 17 83 30 75 103 9 11 40 52 103 109 44 106 30 47 19 106 106 3 4 102 8 15 85 115 27 1
split_gain=6.43095e+11 9.73405e+10 1.54149e+10 2.63851e+10 5.41608e+09 4.54761e+09 7.39185e+09 6.77091e+09 8.72464e+09 6.15497e+09 4.8854e+09 4.48714e+09 4.47527e+09 8.2604e+09 6.70319e+09 3.62735e+09 5.2869e+09 6.01987e+09 9.2544e+09 5.37659e+09 4.10243e+09 4.74115e+09 8.09264e+09 3.86567e+09 4.29038e+09 4.70461e+09 5.29812e+09 4.73154e+09 4.38132e+09 3.8203e+09
threshold=310.50000000000006 13142215.310000002 92.500000000000014 9522891.6925473548 7026933.8200000012 6.5000000000000009 8315193.165000001 556639.87500000012 674.88000000000011 283600.00500000006 31.500000000000004 25671.657655170729 -1562534.2549999997 80.500000000000014 20.500000000000004 521802.94500000001 3.5000000000000004 0.74004856931686214 19441.710844938872 2315327.3050000011 445817.27499999997 159.50000000000003 1495.0000000000002 2659883.6914973119 3760.9534023200013 19121.524541041799 4277791.3471428575 131.58523449908736 33.500000000000007 165.50000000000003
decision_type=2 2 2 2 2 2 2 2 2 2 2 2 2 2 2 2 2 2 2 2 2 2 2 2 2 2 2 2 2 2
left_child=1 2 3 4 5 6 12 8 -7 -9 -8 -10 13 -1 -15 20 17 18 -17 29 21 -14 -23 24 25 -19 -27 -28 -26 -18
right_child=-2 -3 -4 -5 -6 7 10 9 11 -11 -12 -13 15 14 -16 16 19 23 -20 -21 -22 22 -24 -25 28 26 27 -29 -30 -31
leaf_value=-1045.677456011091 8743.9704557872956 -3144.9479414062503 1250.873341623942 -1427.0554606119792 -597.15069580078125 -78.07047258460004 262.15331916809083 466.49657967307348 -1617.1346539306642 -528.9212644577027 1128.8873401460194 -570.67576860700342 13.921425875052307 177.23218447549004 -806.6410806407099 1282.361424560547 105.61166277629573 -290.55252607695911 116.27947439227188 -244.34573870691761 -509.2527171065168 -973.92640399354877 117.45981654575893 -780.83553808303111 211.20832031250004 992.41785583496096 -240.48986294086163 690.41466885521299 -681.31784934997563 685.92005067908258
leaf_weight=28 21 25 24 33 38 46 72 44 20 24 21 21 1633 70 23 20 41 49 114 29 41 33 35 21 20 22 39 21 44 92
leaf_count=28 21 25 24 33 38 46 72 44 20 24 21 21 1633 70 23 20 41 49 114 29 41 33 35 21 20 22 39 21 44 92
internal_value=27.4775 -39.2546 -10.6887 -21.9275 -4.50203 4.0838 20.5827 -258.622 -550.783 115.173 457.867 -1081.14 3.45959 -292.772 -66.0913 19.362 136.36 27.0498 290.322 372.523 -15.0253 -3.11275 -412.183 -136.276 -66.862 97.0666 328.693 85.3267 -402.403 507.028
internal_weight=2764 2743 2718 2694 2661 2623 2468 155 87 68 93 41 2375 121 93 2254 512 350 134 162 1742 1701 68 216 195 131 82 60 64 133
internal_count=2764 2743 2718 2694 2661 2623 2468 155 87 68 93 41 2375 121 93 2254 512 350 134 162 1742 1701 68 216 195 131 82 60 64 133
is_linear=0
shrinkage=0.05


Tree=257
num_leaves=31
num_cat=0
split_feature=37 44 33 32 3 39 33 83 30 103 87 39 33 106 30 79 104 86 109 104 97 29 10 103 22 113 119 80 83 80
split_gain=5.85763e+11 1.3402e+11 3.32859e+10 9.63448e+09 6.30164e+09 9.62814e+09 4.41304e+09 5.76801e+09 4.34686e+09 4.29668e+09 5.35405e+09 4.63045e+09 6.85713e+09 4.1054e+09 6.38974e+09 5.81498e+09 6.42518e+09 5.94749e+09 4.97399e+09 5.82473e+09 8.91756e+09 4.7206e+09 1.23207e+10 1.28663e+10 6.32725e+09 5.69217e+09 6.14057e+09 3.72774e+09 4.78228e+09 4.36365e+09
threshold=104.50000000000001 66.500000000000014 271.00000000000006 148.50000000000003 207.50000000000003 66.500000000000014 201.50000000000003 7026933.8200000012 6.5000000000000009 -76945.779999999781 2982914.2650000006 35.500000000000007 142.50000000000003 521802.94500000001 3.5000000000000004 3015556.6800000002 2434803.3050000002 964152.07585407747 319.50000000000006 1284763.5850000002 5131877.2172328783 1.5000000000000002 15628.455000000002 -293080.15999999997 10.500000000000002 154.50000000000003 63.500000000000007 6077501.6550000012 4192884.9200000004 3772310.6600000006
decision_type=2 2 2 2 2 2 2 2 2 2 2 2 2 2 2 2 2 2 2 2 2 2 2 2 2 2 2 2 2 2
left_child=1 2 3 4 5 6 7 8 13 10 -10 -11 -13 18 27 -16 17 -17 21 20 -20 22 23 -1 -23 26 -24 28 29 -15
right_child=-2 -3 -4 -5 -6 -7 -8 -9 9 11 -12 12 -14 14 15 16 -18 -19 19 -21 -22 24 25 -25 -26 -27 -28 -29 -30 -31
leaf_value=-1913.1662644958496 8551.9823657226571 -3756.0214983622232 2029.0613591003419 -995.26800854492194 875.06556854009636 -851.7925351311178 684.58853308636208 -700.34606394449872 8.1317081996372771 -660.17615950324318 -1007.2833347320557 860.57642065960431 -257.25194657269645 -46.860082949002589 934.20173801731426 -114.93003981454034 -576.83210216703867 616.74163896514153 5.3240702909581801 376.55991719245912 -1102.5305189083783 807.04793898010257 213.28966733492339 -179.15098664656932 5.5751641849216966 567.19184940222544 -952.04758483886735 590.12734941335827 -488.20834373162717 446.90355185768823
leaf_weight=20 20 24 20 25 20 34 23 30 21 22 34 23 34 240 37 42 21 82 34 20 39 25 26 23 1642 33 20 26 49 55
leaf_count=20 20 24 20 25 20 34 23 30 21 22 34 23 34 240 37 42 21 82 34 20 39 25 26 23 1642 33 20 26 49 55
internal_value=26.1037 -36.0383 -3.21494 -18.2688 -9.138 -15.7987 -4.95403 -11.0585 -3.0061 -280.254 -619.579 -44.015 193.802 12.2573 132.16 374.713 231.947 368.917 -22.9106 -379.424 -586.543 -4.37746 -304.606 -985.67 17.5949 66.1001 -293.379 12.8497 -30.7818 45.1975
internal_weight=2764 2744 2720 2700 2675 2655 2621 2598 2568 134 55 79 57 2434 552 182 145 124 1882 93 73 1789 122 43 1667 79 46 370 344 295
internal_count=2764 2744 2720 2700 2675 2655 2621 2598 2568 134 55 79 57 2434 552 182 145 124 1882 93 73 1789 122 43 1667 79 46 370 344 295
is_linear=0
shrinkage=0.05


Tree=258
num_leaves=31
num_cat=0
split_feature=33 31 11 44 106 47 25 25 8 35 110 16 24 19 12 16 103 34 26 91 19 52 105 120 39 8 84 91 76 8
split_gain=5.68066e+11 8.99589e+10 1.16305e+10 2.80833e+10 5.17702e+09 1.48536e+10 1.20902e+10 6.32922e+09 5.09387e+09 6.14316e+09 5.17422e+09 4.47519e+09 7.40144e+09 6.8863e+09 6.07507e+09 8.99679e+09 6.50781e+09 5.5378e+09 4.95682e+09 4.81527e+09 4.65843e+09 5.58907e+09 5.25618e+09 4.96451e+09 6.83628e+09 8.43055e+09 4.43846e+09 4.39813e+09 5.90237e+09 4.22661e+09
threshold=310.50000000000006 43.500000000000007 1449782.5200000003 60.500000000000007 -1787461.2199999997 0.4429848320693392 14.500000000000002 19.500000000000004 2394.7956108174444 51.500000000000007 185.07142857142858 23571.696789843259 8.5000000000000018 20391.740427653756 698.54765775401086 24957.525582289014 -620569.91499999992 35.500000000000007 54.500000000000007 2271117.6900000009 21985.551917484354 30588.373436659949 312724.29500000022 187.50000000000003 20.500000000000004 4418.4999376321639 4245249.5500000007 2031800.4400000002 2660626.8400000003 3539.4490199425695
decision_type=2 2 2 2 2 2 2 2 2 2 2 2 2 2 2 2 2 2 2 2 2 2 2 2 2 2 2 2 2 2
left_child=1 2 3 4 5 -1 27 8 10 11 -6 12 -10 17 15 16 -15 -13 29 26 -17 22 -22 24 -23 -26 -18 28 -7 -14
right_child=-2 -3 -4 -5 7 6 -8 -9 9 -11 -12 13 18 14 -16 20 19 -19 -20 -21 21 23 -24 -25 25 -27 -28 -29 -30 -31
leaf_value=-1320.8066361038773 8217.056003534226 -3297.8894098191035 1159.3652029854911 -1843.2179675874258 1036.8076521555583 -177.58940528420842 -1217.9562767722389 739.02622355143239 -896.50758886718768 -875.20830810546875 18.719744403545672 69.009425495288994 43.671309397690962 359.60845236749878 510.91009631547769 344.25255846823416 -427.34042184012281 745.04530338895495 618.27932202569377 -71.746103696469902 -77.473220923639118 9.5444431124235454 -1101.9833325340635 -625.03093580163045 1461.4280149841309 117.34938741411482 -1302.6475638834636 -250.12268418409295 444.18784373491667 -124.65767068598355
leaf_weight=27 21 21 21 21 24 68 22 30 25 20 26 54 735 21 61 124 28 69 29 27 31 190 21 23 20 28 30 103 87 757
leaf_count=27 21 21 21 21 24 68 22 30 25 20 26 54 735 21 61 124 28 69 29 27 31 190 21 23 20 28 30 103 87 757
internal_value=24.7985 -37.9202 -12.7698 -21.8831 -7.61142 -200.818 -92.8193 17.3841 8.14417 -2.74239 507.402 4.93439 -43.176 107.243 37.8001 -15.3485 -428.588 448.249 -29.1501 -623.319 84.888 -17.8634 -491.218 76.4447 144.234 677.382 -880.085 3.12258 171.408 -41.7342
internal_weight=2764 2743 2722 2701 2680 307 280 2373 2343 2293 50 2273 1546 727 604 543 106 123 1521 85 437 313 52 261 238 48 58 258 155 1492
internal_count=2764 2743 2722 2701 2680 307 280 2373 2343 2293 50 2273 1546 727 604 543 106 123 1521 85 437 313 52 261 238 48 58 258 155 1492
is_linear=0
shrinkage=0.05


Tree=259
num_leaves=31
num_cat=0
split_feature=33 80 23 17 11 40 40 25 16 39 33 118 23 17 66 14 7 8 10 76 109 52 18 50 6 14 8 105 50 28
split_gain=5.12679e+11 8.78827e+10 1.48253e+10 1.90631e+10 4.19334e+09 4.20358e+09 4.2798e+09 3.67407e+09 3.63688e+09 6.87814e+09 4.64069e+09 4.16762e+09 3.65346e+09 7.81373e+09 5.98865e+09 6.23065e+09 5.25984e+09 5.13302e+09 6.68796e+09 5.12244e+09 7.54747e+09 6.256e+09 4.85286e+09 4.54883e+09 5.56824e+09 4.44613e+09 4.41686e+09 6.21718e+09 4.95683e+09 4.68249e+09
threshold=310.50000000000006 13142215.310000002 333.50000000000006 9522891.6925473548 1162974.2950000002 40.500000000000007 37.500000000000007 19.500000000000004 34320.741913837155 3.5000000000000004 16.500000000000004 47.500000000000007 51.500000000000007 2133755.5907708504 0.77756834408811348 2284448.8150000004 3110.5140502793297 1777.7932739857658 11426.530000000002 2333593.9300000006 139.50000000000003 31414.979721132902 23600.773758397259 1.0702439692982459 2.2777724412070115 2223852.1350000002 3557.9606945231303 -944541.75999999966 1.1071844821844825 20.500000000000004
decision_type=2 2 2 2 2 2 2 2 2 2 2 2 2 2 2 2 2 2 2 2 2 2 2 2 2 2 2 2 2 2
left_child=1 2 3 4 5 6 7 8 9 -1 -11 -12 13 -13 16 -16 -14 -18 -19 20 23 25 -23 24 -20 -21 27 -17 -28 -29
right_child=-2 -3 -4 -5 -6 -7 -8 -9 -10 10 11 12 14 -15 15 26 17 18 19 21 -22 22 -24 -25 -26 -27 28 29 -30 -31
leaf_value=-725.21810389432039 7806.2033854166675 -2986.9854523925783 1347.4077568054199 -1251.6898480815273 -592.41074564615883 724.20408477783212 -641.74111422025248 678.03296569824215 610.33718274434409 599.63699970245364 -352.53355213346936 49.649515241354557 776.7117154208097 644.88494405746462 -974.0653432210288 699.74294346400666 -778.26121884300596 589.96652601559958 -161.98668910435268 536.72835135323658 383.69565401077273 816.90443772210028 165.53227272033692 -168.35512749808174 -1191.8493908286096 -34.637372683107664 43.376547088623049 81.716354647549721 -662.00336756850743 -767.8754436990489
leaf_weight=33 21 25 20 31 30 20 26 20 24 32 84 398 22 64 27 28 21 48 21 35 32 36 139 56 35 1252 40 55 66 23
leaf_count=33 21 25 20 31 30 20 26 20 24 32 84 398 22 64 27 28 21 48 21 35 32 36 139 56 35 1252 40 55 66 23
internal_value=23.5586 -36.0242 -8.88146 -18.9355 -4.60651 2.08068 -3.43803 2.96717 -2.28421 -8.05685 1.35696 -6.35657 5.76973 132.106 -24.3788 -258.707 8.62318 -1.46515 8.39744 -8.98445 -293.514 19.0404 299.529 -487.003 -805.651 -19.0991 -167.599 60.6233 -395.822 -168.804
internal_weight=2764 2743 2718 2698 2667 2637 2617 2591 2571 2547 2514 2482 2398 462 1936 239 1697 1675 1654 1606 144 1462 175 112 56 1287 212 106 106 78
internal_count=2764 2743 2718 2698 2667 2637 2617 2591 2571 2547 2514 2482 2398 462 1936 239 1697 1675 1654 1606 144 1462 175 112 56 1287 212 106 106 78
is_linear=0
shrinkage=0.05


Tree=260
num_leaves=31
num_cat=0
split_feature=40 80 42 112 45 33 30 32 93 43 112 83 104 23 17 47 113 10 7 104 23 82 17 90 5 6 16 52 56 79
split_gain=2.00963e+11 4.41068e+10 8.58904e+10 1.12755e+10 1.12855e+10 1.07425e+10 6.91634e+09 8.33904e+09 4.51297e+09 8.6803e+09 4.3146e+09 9.9817e+09 6.95502e+09 3.46452e+09 6.14733e+09 5.26171e+09 4.22796e+09 3.56941e+09 5.732e+09 6.96972e+09 5.76931e+09 5.63479e+09 5.0284e+09 5.24892e+09 4.25528e+09 4.03076e+09 3.89551e+09 5.55596e+09 9.39256e+09 6.69639e+09
threshold=58.500000000000007 13142215.310000002 175.50000000000003 275.50000000000006 74.500000000000014 265.50000000000006 10.500000000000002 128.50000000000003 1469879.4783035715 6.5000000000000009 246.50000000000003 5478779.5750000011 312648.24000000005 37.500000000000007 1624067.6969935407 0.28614982578397213 86.500000000000014 11784.150000000003 4235.2420824559931 -995932.71499999973 65.500000000000014 333191.39768131502 2237346.1363998526 1069635.0279003982 4.5589822495763093 2.2755908352716809 17475.463611232535 25738.216298660365 2.5000000000000004 1880967.9150000003
decision_type=2 2 2 2 2 2 2 2 2 2 2 2 2 2 2 2 2 2 2 2 2 2 2 2 2 2 2 2 2 2
left_child=1 2 3 5 -5 6 7 8 -1 -10 11 13 -13 14 15 -11 -15 -18 19 -19 22 -20 -21 -24 25 -22 -23 28 -28 -30
right_child=-2 -3 -4 4 -6 -7 -8 -9 9 10 -12 12 -14 16 -16 -17 17 18 21 20 24 26 23 -25 -26 -27 27 -29 29 -31
leaf_value=542.79041512625554 -4937.3860677083339 2106.6973505655928 -3310.7415634155277 -69.652767944335935 -1693.6511279296876 1145.6401782226565 -921.33268229166663 734.98819363568282 -937.76411085862389 -449.66941640944708 531.8105517578125 -1055.5713844600477 -175.96654915549539 -496.89457598747094 677.81473686099059 180.39583746065762 223.70616944853242 -1103.5409880264947 725.36945988581738 -592.49834808349613 -1217.3355579723011 223.40584213455006 13.34435157775879 946.00147094726572 81.628251591435188 -397.30888357771209 -1112.9283518066406 31.808812967838385 423.57680969238282 -178.66975114080643
leaf_weight=35 21 24 20 23 20 20 21 37 26 42 35 38 55 47 48 157 143 23 26 20 22 154 48 22 27 47 25 975 51 486
leaf_count=35 21 24 20 23 20 20 21 37 26 42 35 38 55 47 48 157 143 23 26 20 22 154 48 22 27 47 25 975 51 486
internal_value=-64.9433 -27.2837 -46.3017 -21.8764 -825.001 -8.74549 -17.5914 -10.2609 -21.0658 -28.9065 -19.4202 -27.2757 -535.375 -7.27859 169.924 47.4172 -27.9633 -17.311 -35.2058 -282.439 -180.905 -5.11159 106.695 306.465 -450.531 -658.767 -16.3431 -40.3648 -165.577 -121.473
internal_weight=2738 2717 2693 2673 43 2630 2610 2589 2552 2517 2491 2456 93 2363 247 199 2116 2069 1926 209 186 1717 90 70 96 69 1691 1537 562 537
internal_count=2738 2717 2693 2673 43 2630 2610 2589 2552 2517 2491 2456 93 2363 247 199 2116 2069 1926 209 186 1717 90 70 96 69 1691 1537 562 537
is_linear=0
shrinkage=0.05


Tree=261
num_leaves=31
num_cat=0
split_feature=40 80 42 112 45 33 30 32 28 42 1 52 83 35 16 22 76 91 45 16 0 4 104 122 48 10 8 76 56 79
split_gain=1.81369e+11 3.98064e+10 7.75161e+10 1.01762e+10 1.01852e+10 9.69514e+09 6.24199e+09 7.52598e+09 4.08899e+09 6.6559e+09 7.59036e+09 8.63921e+09 6.96517e+09 6.34054e+09 7.99483e+09 6.01098e+09 5.60496e+09 5.59779e+09 5.28163e+09 8.32562e+09 5.15413e+09 4.65533e+09 4.54675e+09 4.58327e+09 5.32084e+09 4.46977e+09 4.14249e+09 6.29041e+09 4.32261e+09 5.31575e+09
threshold=58.500000000000007 13142215.310000002 175.50000000000003 275.50000000000006 74.500000000000014 265.50000000000006 10.500000000000002 128.50000000000003 14.500000000000002 42.500000000000007 136.50000000000003 24516.597071543674 3117675.3450000002 30.500000000000004 12525.628230122356 75.500000000000014 8181664.2700000005 913953.94500000018 8.5000000000000018 22623.937231624634 50.500000000000007 645.50000000000011 124622.45000000043 32.242754339881998 0.065240274599542347 12080.215000000002 3718.2359359347738 4480783.995000001 12.500000000000002 1880967.9150000003
decision_type=2 2 2 2 2 2 2 2 2 2 2 2 2 2 2 2 2 2 2 2 2 2 2 2 2 2 2 2 2 2
left_child=1 2 3 5 -5 6 7 8 18 10 12 -12 17 21 -15 -16 -17 -10 19 -1 -21 -11 23 24 -23 -24 28 -28 -27 -30
right_child=-2 -3 -4 4 -6 -7 -8 -9 9 13 11 -13 -14 14 15 16 -18 -19 -20 20 -22 22 25 -25 -26 26 27 -29 29 -31
leaf_value=-1127.5656729905502 -4690.5166666666664 2001.3625242233277 -3145.204583587647 -66.170122295877206 -1608.9686068725587 1088.3581665039062 -875.26606677827385 698.23878817171669 218.54980199640451 677.24275912580822 -1457.244124069214 -333.01772677490004 485.18905197534809 -1037.9669396294489 -710.63130669844782 -111.05169192540018 768.93111175537115 -348.09400379544218 93.476934682975696 296.63024937022817 -602.40366552734383 -151.33239699854997 652.52172970241975 -33.187294219623915 -1169.4323835100447 349.33896171569825 82.869750590073437 698.78855976305522 624.18273173245518 -187.17692671950985
leaf_weight=23 21 24 20 23 20 20 21 37 55 29 25 54 39 27 38 190 20 210 927 44 25 33 36 220 21 60 152 57 22 245
leaf_count=23 21 24 20 23 20 20 21 37 55 29 25 54 39 27 38 190 20 210 927 44 25 33 36 220 21 60 152 57 22 245
internal_value=-61.6962 -25.9195 -43.9866 -20.7826 -783.751 -8.30821 -16.7118 -9.74785 -20.0125 -71.613 -252.144 -688.786 -138.675 -11.4883 -220.91 -131.956 -27.2438 -230.489 57.616 -303.721 -29.1067 54.33 32.9772 -134.501 -547.26 113.203 76.9798 250.848 -34.1468 -120.323
internal_weight=2738 2717 2693 2673 43 2630 2610 2589 2552 1533 383 79 304 1150 275 248 210 265 1019 92 69 875 846 274 54 572 536 209 327 267
internal_count=2738 2717 2693 2673 43 2630 2610 2589 2552 1533 383 79 304 1150 275 248 210 265 1019 92 69 875 846 274 54 572 536 209 327 267
is_linear=0
shrinkage=0.05


Tree=262
num_leaves=31
num_cat=0
split_feature=40 48 44 23 14 118 25 14 10 20 29 28 14 23 41 12 19 16 16 106 37 7 15 66 13 18 109 105 13 9
split_gain=1.66103e+11 2.28797e+11 9.13133e+10 1.22062e+10 6.79986e+09 4.78045e+09 1.23349e+10 8.15384e+09 5.65161e+09 5.14366e+09 4.15849e+09 4.92966e+09 4.79782e+09 5.13839e+09 8.32784e+09 4.40703e+09 4.45554e+09 9.74362e+09 4.98297e+09 4.62351e+09 4.05435e+09 5.80955e+09 7.06415e+09 5.42551e+09 4.5479e+09 5.25358e+09 4.28523e+09 4.11238e+09 3.99831e+09 3.75319e+09
threshold=50.500000000000007 0.054356779600315173 62.500000000000007 314.50000000000006 10978572.715000002 366.50000000000006 15.500000000000002 5346416.6900000004 16440.985000000004 20.500000000000004 1.0000000180025095e-35 14.500000000000002 3084159.6750000003 65.500000000000014 16.500000000000004 3589.9063966806925 24209.69896816841 27176.656290443087 29407.568479841979 209930.88000000038 22.500000000000004 5316.4510618479881 22859.295208333337 -0.38168922026665864 2566.3496507373011 20285.002323012846 190.50000000000003 3456992.8249999997 625.11720524009957 830.73000000000013
decision_type=2 2 2 2 2 2 2 2 2 2 2 2 2 2 2 2 2 2 2 2 2 2 2 2 2 2 2 2 2 2
left_child=2 -2 3 4 5 9 7 -7 -9 10 -1 12 13 29 -15 16 17 20 -18 -19 21 22 23 -13 25 -23 -27 -22 -14 -12
right_child=1 -3 -4 -5 -6 6 -8 8 -10 -11 11 15 28 14 -16 -17 18 19 -20 -21 27 24 -24 -25 -26 26 -28 -29 -30 -31
leaf_value=-580.1817296346029 -6285.0760820312498 624.9877600628397 3277.5799316406251 -1233.1334613618399 895.54941284179699 -945.65378417968759 -1443.969338262649 722.54561195373537 -224.5975863986545 763.18506033761162 0.15381514464214352 196.58731655707729 192.45087670016002 -1046.6039498465402 253.3587258078835 263.79651502252938 -868.56209550907738 139.1396502685547 19.814963220666957 1201.3814278738839 -23.465562609910439 413.75458048502605 -1434.4654977416994 -751.28159641689729 555.96532870205965 -420.83715069457276 188.23008931477864 -472.61564562762226 802.84689712524414 306.40476115891914
leaf_weight=33 25 23 21 21 20 21 21 28 36 21 628 26 166 28 22 91 38 20 27 21 906 30 20 36 22 146 36 54 32 119
leaf_count=33 25 23 21 21 20 21 21 28 36 21 628 26 166 28 22 91 38 20 27 21 906 30 20 36 22 146 36 54 32 119
internal_value=-58.6114 -2974 -6.58949 -32.4297 -22.9075 -29.8973 -358.833 -90.7408 189.778 -16.0721 -22.6152 -15.1599 70.8198 16.095 -474.62 -73.2385 -95.4311 -75.4863 -499.544 683.215 -99.8646 -255.21 -617.368 -353.788 -128.299 -199.308 -300.362 -48.7303 291.101 48.9408
internal_weight=2738 48 2690 2669 2648 2628 106 85 64 2522 2501 2468 995 797 50 1473 1382 1317 65 41 1276 316 82 62 234 212 182 960 198 747
internal_count=2738 48 2690 2669 2648 2628 106 85 64 2522 2501 2468 995 797 50 1473 1382 1317 65 41 1276 316 82 62 234 212 182 960 198 747
is_linear=0
shrinkage=0.05


Tree=263
num_leaves=31
num_cat=0
split_feature=29 28 35 23 76 45 27 27 23 30 52 17 8 26 104 28 50 91 36 8 105 15 18 56 95 126 91 32 0 3
split_gain=1.17433e+11 3.07888e+11 1.8481e+11 5.6796e+10 3.74084e+10 1.78613e+10 5.73303e+09 3.97433e+09 5.79794e+09 3.41707e+09 3.07431e+09 7.39854e+09 4.81981e+09 3.91984e+09 5.50522e+09 3.23653e+09 3.03689e+09 4.53904e+09 4.4985e+09 3.21257e+09 5.6389e+09 3.38259e+09 1.34334e+10 5.95721e+09 5.16504e+09 4.85226e+09 4.5701e+09 4.66548e+09 5.97733e+09 4.58388e+09
threshold=25.500000000000004 112.50000000000001 61.500000000000007 323.00000000000006 5017235.9250000017 99.500000000000014 128.50000000000003 5.5000000000000009 24.500000000000004 1.0000000180025095e-35 17237.542120879127 4915333.7592282919 2646.8606781891317 20.500000000000004 213230.64500000016 25.500000000000004 1.1710801393728225 1712163.0600000003 9.5000000000000018 2900.5049220350315 -1112498.5149999999 23660.922092478057 19285.367866662218 2.5000000000000004 1699574.5650000002 33.723724384863111 1802829.6200000003 32.500000000000007 123.50000000000001 152.50000000000003
decision_type=2 2 2 2 2 2 2 2 2 2 2 2 2 2 2 2 2 2 2 2 2 2 2 2 2 2 2 2 2 2
left_child=2 4 3 5 -2 6 7 -1 9 -9 11 12 15 14 -14 -10 19 -18 -19 20 -12 23 -23 24 -21 -25 29 28 -28 -27
right_child=1 -3 -4 -5 -6 -7 -8 8 10 -11 16 -13 13 -15 -16 -17 17 18 -20 21 -22 22 -24 25 -26 26 27 -29 -30 -31
leaf_value=-593.47939824422201 -1115.5569953918457 -7320.184191894532 4670.545614987328 -2628.5200206938243 1600.3058576311385 1312.2206570434571 -624.62479293823253 799.15347334917851 39.668475214640303 60.349817631162445 -165.86563478667162 -886.27325272993608 -415.25605845451355 -654.84830705509637 263.57877766064234 760.88764067150305 906.05041679902524 -338.52782869338989 529.28416573660718 -1266.5264700317384 796.76154193878176 742.99048983666216 -13.431006898239026 -557.10296624631303 -143.79952247256324 202.6069726106395 -128.866789757578 -73.463403037260335 -1112.7311664287861 -464.46653313472353
leaf_weight=30 32 20 21 21 21 25 40 34 60 29 29 33 64 43 56 21 22 32 28 20 32 62 1101 49 21 230 38 469 26 29
leaf_count=30 32 20 21 21 21 25 40 34 60 29 29 33 64 43 56 21 22 32 28 20 32 62 1101 49 21 230 38 469 26 29
internal_value=-55.6808 -2034.18 -1.48553 -38.5932 -39.4604 -17.858 -30.657 -21.369 -14.5798 459.069 -26.6852 -183.62 -88.589 -245.242 -98.4665 226.651 -6.8173 291.709 66.4511 -18.4409 339.119 -29.1065 26.8941 -102.948 -691.471 -74.2571 -44.3841 -128.109 -528.562 127.915
internal_weight=2738 73 2665 2644 53 2623 2598 2558 2528 63 2465 277 244 163 120 81 2188 82 60 2106 61 2045 1163 882 41 841 792 533 64 259
internal_count=2738 73 2665 2644 53 2623 2598 2558 2528 63 2465 277 244 163 120 81 2188 82 60 2106 61 2045 1163 882 41 841 792 533 64 259
is_linear=0
shrinkage=0.05


Tree=264
num_leaves=31
num_cat=0
split_feature=40 80 32 83 34 40 22 28 30 84 20 22 23 29 65 32 17 103 59 39 78 66 80 32 27 111 32 1 105 28
split_gain=1.40665e+11 3.62954e+10 6.68281e+10 9.42191e+09 1.9218e+10 1.42947e+10 5.13345e+09 4.79079e+09 3.88647e+09 6.07879e+09 5.14396e+09 4.08112e+09 3.37663e+09 3.57677e+09 3.33469e+09 2.9644e+09 7.05656e+09 7.15192e+09 7.57052e+09 6.60764e+09 4.38284e+09 5.60915e+09 5.51559e+09 5.48708e+09 5.61575e+09 5.34092e+09 5.08142e+09 4.97529e+09 5.17365e+09 4.71935e+09
threshold=58.500000000000007 13142215.310000002 169.50000000000003 6666405.3900000006 94.500000000000014 45.500000000000007 270.50000000000006 75.500000000000014 6.5000000000000009 10095504.730000002 4.5000000000000009 8.5000000000000018 24.500000000000004 3.5000000000000004 -0.99939814596352028 55.500000000000007 3744539.1584290178 147545.82000000009 29.500000000000004 24.500000000000004 5058543.5700000012 -0.65187484896379921 8702848.0100000016 91.500000000000014 94.500000000000014 28.96302799783675 66.500000000000014 231.50000000000003 609556.95499999996 48.500000000000007
decision_type=2 2 2 2 2 2 2 2 2 2 2 2 2 2 2 2 2 2 2 2 2 2 2 2 2 2 2 2 2 2
left_child=1 2 3 5 -5 6 7 8 11 10 -10 -1 13 -13 -14 16 -16 18 -18 -17 25 22 23 24 29 -21 -27 -23 -29 -22
right_child=-2 -3 -4 4 -6 -7 -8 -9 9 -11 -12 12 14 -15 15 19 17 -19 -20 20 21 27 -24 -25 -26 26 -28 28 -30 -31
leaf_value=-562.05977649688725 -4129.3391601562498 1914.4237691243488 -2918.1340042114261 44.289450572666368 -1812.6434442693539 1141.6394314236111 -812.76801269531256 599.35592136383059 -793.81521473760199 -995.81056067148847 39.547686341938224 96.631512532915394 569.35639599609374 806.27789189265332 -14.433122504040288 689.57228267018399 -311.91547517315036 -118.21691934013369 -1494.7600840250652 -557.51877416437321 35.104677522078809 773.37887360499462 703.30122324625654 -631.61132382123901 687.31607281720198 266.91186668078103 -215.94468041980076 -130.52676315307619 570.01818432097741 -722.87223668956767
leaf_weight=32 21 24 20 38 22 27 20 32 23 24 95 56 25 26 1391 41 31 100 24 55 115 52 24 39 27 96 126 60 47 25
leaf_count=32 21 24 20 38 22 27 20 32 23 24 95 56 25 26 1391 41 31 100 24 55 115 52 24 39 27 96 126 60 47 25
internal_value=-52.8968 -21.3895 -38.6414 -17.0964 -636.586 -2.87162 -14.8213 -8.60189 -16.2793 -270.424 -122.887 -1.19216 6.41282 321.641 -4.9343 -11.3068 -50.0917 -370.099 -828.066 73.5043 35.5782 143.815 -14.0472 -97.6217 27.0824 -116.422 -7.14185 372.169 177.189 -100.248
internal_weight=2738 2717 2693 2673 60 2613 2586 2566 2534 142 118 2392 2360 82 2278 2253 1546 155 55 707 666 389 230 206 167 277 222 159 107 140
internal_count=2738 2717 2693 2673 60 2613 2586 2566 2534 142 118 2392 2360 82 2278 2253 1546 155 55 707 666 389 230 206 167 277 222 159 107 140
is_linear=0
shrinkage=0.05


Tree=265
num_leaves=31
num_cat=0
split_feature=33 80 45 33 30 33 23 16 27 17 4 115 22 29 17 14 8 78 27 7 114 53 53 108 34 114 120 65 98 112
split_gain=4.99175e+11 1.59113e+11 4.54276e+10 2.0138e+10 7.35671e+09 1.0836e+10 6.63021e+09 3.37428e+09 5.35911e+09 2.95817e+09 4.53527e+09 5.03711e+09 3.76695e+09 4.79292e+09 6.68241e+09 3.41879e+09 3.1632e+09 5.28696e+09 5.71628e+09 3.80058e+09 6.33441e+09 5.00451e+09 1.56875e+10 4.48351e+09 6.54775e+09 5.03415e+09 8.15332e+09 6.70521e+09 5.49444e+09 5.03284e+09
threshold=318.00000000000006 13856613.415000001 122.50000000000001 258.50000000000006 10.500000000000002 221.50000000000003 273.50000000000006 34320.741913837155 5.5000000000000009 1226603.0043662118 284.50000000000006 39.537770910680401 11.500000000000002 3.5000000000000004 1047336.4481992271 1779378.8350000002 2758.3461649531168 6236671.5850000009 62.500000000000007 4912.5672479838713 304.41071428571439 0.075707735437685317 0.10706743023345582 209.50000000000003 47.500000000000007 153.16071428571431 185.50000000000003 -0.7610972106345526 2240922.2019375903 122.50000000000001
decision_type=2 2 2 2 2 2 2 2 2 2 2 2 2 2 2 2 2 2 2 2 2 2 2 2 2 2 2 2 2 2
left_child=1 2 3 4 5 6 7 8 -1 12 11 15 -10 14 -14 -11 17 18 -12 20 23 -21 -23 25 -25 27 29 -18 -28 -27
right_child=-2 -3 -4 -5 -6 -7 -8 -9 9 10 16 -13 13 -15 -16 -17 19 -19 -20 21 -22 22 -24 24 -26 26 28 -29 -30 -31
leaf_value=-667.1082310830393 7886.5069873046878 -4377.0298688616076 2366.1966461181642 -1336.0613828461746 -943.44833839053217 882.95817556942211 -900.31088532947365 594.63761039402175 849.15211181640632 -1183.3545077237216 215.94173794580885 106.16595290611531 -731.53379407610214 534.77381190249798 393.1371220703125 -301.88007021817293 -841.96111366965567 859.30846378986644 -677.71087624686106 -29.332954308420128 -1003.2478198242188 1257.9772441248742 81.862025028826253 -483.57140955771166 344.34320922264692 -1205.3124801635743 -675.90787900727378 75.94291411913359 113.37257851414059 -435.30846468456213
leaf_weight=31 20 21 20 29 21 34 21 23 21 22 121 29 28 38 25 22 22 26 21 1212 20 31 332 31 104 32 29 208 92 63
leaf_count=31 20 21 20 29 21 34 21 23 21 22 121 29 28 38 25 22 22 26 21 1212 20 31 332 31 104 32 29 208 92 63
internal_value=16.1214 -41.5582 -7.93747 -25.6022 -11.3098 -3.88946 -15.4689 -8.27505 -13.6918 -5.68239 -17.3231 -405.429 245.528 106.23 -201.029 -742.617 -5.23613 203.804 83.7818 -21.3752 -128.347 19.4438 182.302 -98.2298 154.229 -174.647 -347.988 -11.8566 -75.7938 -694.678
internal_weight=2749 2729 2708 2688 2659 2638 2604 2583 2560 2529 2417 73 112 91 53 44 2344 168 142 2176 601 1575 363 581 135 446 216 230 121 95
internal_count=2749 2729 2708 2688 2659 2638 2604 2583 2560 2529 2417 73 112 91 53 44 2344 168 142 2176 601 1575 363 581 135 446 216 230 121 95
is_linear=0
shrinkage=0.05


Tree=266
num_leaves=31
num_cat=0
split_feature=33 80 23 27 40 25 7 95 27 90 36 11 87 97 30 26 107 65 81 29 27 34 38 17 4 9 30 94 39 26
split_gain=4.50506e+11 1.436e+11 3.81528e+10 2.20641e+10 4.4726e+09 3.86489e+09 1.15075e+10 3.80583e+09 6.47471e+09 5.3002e+09 3.35811e+09 5.25811e+09 4.81327e+09 4.11718e+09 6.08996e+09 5.85019e+09 4.73883e+09 3.65821e+09 5.48066e+09 5.44795e+09 5.06563e+09 4.46083e+09 6.44109e+09 3.2551e+09 3.94849e+09 4.37929e+09 3.62567e+09 3.66775e+09 3.5218e+09 3.78087e+09
threshold=318.00000000000006 13856613.415000001 338.00000000000006 148.50000000000003 45.500000000000007 17.500000000000004 5407.4612617102403 3450625.3650000007 107.50000000000001 3049913.2672444484 26.500000000000004 988635.93500000017 3672543.4850000008 4623203.2296371413 5.5000000000000009 43.500000000000007 191.50000000000003 0.99466160899732492 5583520.8750000009 2.5000000000000004 5.5000000000000009 66.500000000000014 160.50000000000003 1226603.0043662118 284.50000000000006 930.61000000000001 1.0000000180025095e-35 736184.64465373708 10.500000000000002 13.500000000000002
decision_type=2 2 2 2 2 2 2 2 2 2 2 2 2 2 2 2 2 2 2 2 2 2 2 2 2 2 2 2 2 2
left_child=1 2 3 4 5 7 -7 10 9 -9 11 12 17 -14 16 -16 -15 18 20 -20 -1 -21 -23 26 25 -25 -22 -28 29 -26
right_child=-2 -3 -4 -5 -6 6 -8 8 -10 -11 -12 -13 13 14 15 -17 -18 -19 19 21 23 22 -24 24 28 -27 27 -29 -30 -31
leaf_value=-625.34808717615465 7492.1816992187496 -4158.1784011114214 1977.1576105753584 -1290.9138171027689 735.83737182617188 -1350.5127966308594 345.62249809265137 515.04569561298081 985.8385537109375 -259.27362706801472 -649.83564104352683 584.96613650851782 419.79486781529022 -809.22721125862824 -1126.8599905787287 -111.39283752441406 -9.913461911476265 -579.82731040672013 925.20520571195163 -39.894158126167632 546.75259241174774 907.9338293778269 -46.904956424597543 -667.45085322062187 -175.08905458192567 128.52526572898583 -512.15131013289738 310.36216837565104 -29.999982548955053 429.37209515682491
leaf_weight=34 20 21 24 34 20 20 20 39 25 51 21 36 21 22 37 23 118 27 26 115 54 38 33 48 37 27 23 33 1616 86
leaf_count=34 20 21 24 34 20 20 20 39 25 51 21 36 21 22 37 23 118 27 26 115 54 38 33 48 37 27 23 33 1616 86
internal_value=15.3154 -39.4803 -7.54059 -25.2875 -9.0493 -14.7138 -502.445 -7.18131 273.998 76.2647 -20.2462 -14.8585 -23.7889 -246.212 -316.143 -737.598 -135.52 -1.41496 5.78188 247.269 -20.3649 152.504 464.136 -9.67392 -25.6889 -380.899 254.428 -27.4559 -10.3693 247.542
internal_weight=2749 2729 2708 2684 2650 2630 40 2590 115 90 2475 2454 2418 221 200 60 140 2197 2170 212 1958 186 71 1924 1814 75 110 56 1739 123
internal_count=2749 2729 2708 2684 2650 2630 40 2590 115 90 2475 2454 2418 221 200 60 140 2197 2170 212 1958 186 71 1924 1814 75 110 56 1739 123
is_linear=0
shrinkage=0.05


Tree=267
num_leaves=31
num_cat=0
split_feature=33 80 45 38 128 3 1 106 43 16 39 3 8 78 105 43 50 88 50 66 91 19 19 87 85 48 98 107 39 16
split_gain=4.06582e+11 1.29599e+11 3.91901e+10 1.82827e+10 5.1233e+10 8.65517e+09 4.49683e+09 1.1132e+10 3.55846e+09 3.13748e+09 6.38433e+09 3.51548e+09 2.7226e+09 4.87437e+09 5.46886e+09 6.41112e+09 3.55502e+09 3.87509e+09 3.42165e+09 5.79683e+09 5.4329e+09 4.02028e+09 3.87748e+09 6.44182e+09 6.41549e+09 5.44784e+09 5.2065e+09 5.35635e+09 5.23025e+09 5.61484e+09
threshold=318.00000000000006 13856613.415000001 122.50000000000001 288.50000000000006 574.00000000000011 207.50000000000003 374.50000000000006 1678937.4650000005 92.500000000000014 34320.741913837155 3.5000000000000004 33.500000000000007 2900.5049220350315 4586493.6700000009 -1510902.9499999993 64.500000000000014 1.0767268445839877 3997700.5750000007 1.1084893847908959 -0.97106408147883394 3214148.9900000007 15025.325033319883 19392.754611090542 3732409.8650000007 7036540.6028571436 0.060996279454319978 1656032.180492345 100.50000000000001 15.500000000000002 25210.050669337314
decision_type=2 2 2 2 2 2 2 2 2 2 2 2 2 2 2 2 2 2 2 2 2 2 2 2 2 2 2 2 2 2
left_child=1 2 3 5 -5 6 8 -8 9 10 -1 -12 13 14 -13 -16 -15 -18 22 -20 21 -21 23 -14 -25 -26 27 -24 -29 -30
right_child=-2 -3 -4 4 -6 -7 7 -9 -10 -11 11 12 18 16 15 -17 17 -19 19 20 -22 -23 26 24 25 -27 -28 28 29 -31
leaf_value=-741.37287709554039 7117.5724731445316 -3950.2694492885043 2197.9642034912113 -2655.6747661424724 804.516745300293 1029.2577711486817 -942.47947638095957 485.39299152919222 555.75133383614673 570.30735752271573 621.66541914506388 -660.7075471100984 241.3004669018685 -49.653336898140289 343.74865149072855 -584.11469993591311 135.42265563964844 1007.877626865932 -931.96542387462796 466.49308537074495 470.10387528582316 -144.30150432586672 -20.775632887620194 -596.61105657724238 -189.89726865254917 570.12234662030198 -114.6968334636023 1115.5664863918139 -278.02848826441272 662.76787632533478
leaf_weight=30 20 21 20 23 20 20 39 21 28 23 22 27 363 23 83 24 20 35 21 28 41 712 156 52 65 37 688 23 29 35
leaf_count=30 20 21 20 23 20 20 39 21 28 23 22 27 363 23 83 24 20 35 21 28 41 712 156 52 65 37 688 23 29 35
internal_value=14.5496 -37.5063 -7.16356 -23.5708 -1046.28 -6.94443 -14.8393 -442.724 -4.83031 -11.0173 -16.3357 -7.57917 -13.202 158.092 -24.8263 135.63 472.335 690.621 -29.3417 -112.192 -90.1493 -121.19 16.5464 126.343 -144.627 85.7961 -44.4257 154.531 468.874 236.47
internal_weight=2749 2729 2708 2688 43 2645 2625 60 2565 2537 2514 2484 2462 212 134 107 78 55 2250 802 781 740 1448 517 154 102 931 243 87 64
internal_count=2749 2729 2708 2688 43 2645 2625 60 2565 2537 2514 2484 2462 212 134 107 78 55 2250 802 781 740 1448 517 154 102 931 243 87 64
is_linear=0
shrinkage=0.05


Tree=268
num_leaves=31
num_cat=0
split_feature=14 23 17 44 33 75 28 23 70 16 39 22 103 32 21 104 5 8 32 23 75 23 79 80 97 65 19 17 91 50
split_gain=4.06288e+11 1.08787e+11 1.65331e+10 3.47321e+10 6.12561e+09 5.70494e+09 4.56938e+09 9.15564e+09 3.06133e+09 2.85323e+09 5.72614e+09 4.15569e+09 2.4641e+09 6.28314e+09 8.28287e+09 3.98424e+09 5.19528e+09 7.38096e+09 3.4146e+09 5.26358e+09 3.82636e+09 5.16362e+09 4.25427e+09 4.20066e+09 7.7948e+09 4.20003e+09 4.30693e+09 5.34369e+09 6.83353e+09 5.28284e+09
threshold=14140236.715000002 350.50000000000006 10149478.950604098 59.500000000000007 235.50000000000003 11332934.655000001 83.000000000000014 261.50000000000006 1.0000000180025095e-35 34320.741913837155 3.5000000000000004 7.5000000000000009 1575603.1250000007 50.500000000000007 8.5000000000000018 2630669.7599999998 4.561523672194185 3726.6005612833128 110.50000000000001 202.50000000000003 7108751.7950000009 171.50000000000003 6622932.5700000012 7287667.7800000003 5139959.6348767132 0.9927395293426734 20647.981549058939 3744539.1584290178 1396323.2150000001 1.1372841673983027
decision_type=2 2 2 2 2 2 2 2 2 2 2 2 2 2 2 2 2 2 2 2 2 2 2 2 2 2 2 2 2 2
left_child=1 2 3 4 5 6 7 8 9 10 -1 -12 15 -14 -15 18 17 -17 19 20 23 -22 -23 25 -25 26 29 -28 -29 -13
right_child=-2 -3 -4 -5 -6 -7 -8 -9 -10 -11 11 12 13 14 -16 16 -18 -19 -20 -21 21 22 -24 24 -26 -27 27 28 -30 -31
leaf_value=-704.3042515055339 6941.8929795764743 -3713.5732604980471 1242.4002540588381 -2100.3845288085936 786.24977722167978 -857.43318908691401 724.83133472260988 -1081.3552865600586 566.84788831627884 541.79197085836665 708.45652893066415 126.5333867058158 -569.47034248683769 1209.1889237837358 134.61415578311252 -1078.8482869466147 144.13702190623565 67.818281488833222 515.67934631347657 -629.65376726422994 578.59022832070639 -515.73353685651512 391.4589184443156 -33.258107807018142 -1073.7438737657337 -495.81197423934941 -43.301209308471684 -1151.8557982177733 -200.42458484203786 -97.870729161553854
leaf_weight=30 21 20 26 20 24 20 21 20 23 23 20 832 23 22 97 36 34 23 30 35 62 28 24 54 27 44 625 25 77 383
leaf_count=30 21 20 26 20 24 20 21 20 23 23 20 832 23 22 97 36 34 23 30 35 62 28 24 54 27 44 625 25 77 383
internal_value=13.8221 -39.5098 -12.3749 -24.539 -8.94289 -16.1774 -9.75069 -15.6907 -7.42013 -12.5917 -17.6295 -9.39274 -15.1795 187.056 333.275 -27.4572 -348.151 -631.843 -14.1782 -21.3514 -11.5895 270.413 -97.0293 -27.1426 -380.087 -12.7476 -1.80281 -98.0637 -433.619 55.7953
internal_weight=2749 2728 2708 2682 2662 2638 2618 2597 2577 2554 2531 2501 2481 142 119 2339 93 59 2246 2216 2181 114 52 2067 81 1986 1942 727 102 1215
internal_count=2749 2728 2708 2682 2662 2638 2618 2597 2577 2554 2531 2501 2481 142 119 2339 93 59 2246 2216 2181 114 52 2067 81 1986 1942 727 102 1215
is_linear=0
shrinkage=0.05


Tree=269
num_leaves=31
num_cat=0
split_feature=37 33 1 27 3 25 11 115 112 6 45 6 112 107 7 17 17 97 40 43 65 18 11 15 18 18 48 83 65 15
split_gain=3.69978e+11 2.04547e+11 3.48393e+10 1.8571e+10 7.13242e+09 6.41078e+09 3.56082e+09 5.44721e+09 2.87077e+09 4.9422e+09 2.76579e+09 3.33201e+09 5.79317e+09 4.00009e+09 2.83222e+09 6.13389e+09 9.10999e+09 8.66719e+09 9.05359e+09 6.3611e+09 4.91886e+09 4.57948e+09 5.43287e+09 5.53084e+09 1.19942e+10 8.4044e+09 4.67588e+09 4.47969e+09 4.59111e+09 4.32739e+09
threshold=104.50000000000001 301.50000000000006 514.50000000000011 149.50000000000003 206.50000000000003 17.500000000000004 988635.93500000017 110.99653761189425 246.50000000000003 2.277148919218893 4.5000000000000009 2.1323096606164302 97.500000000000014 103.50000000000001 4912.5672479838713 4915333.7592282919 4634750.1467996081 4718257.1387808239 24.500000000000004 13.500000000000002 -0.93535928755917819 17450.155956852366 30141.375000000004 23660.922092478057 19125.664682503877 18823.642596915659 0.046179233307946189 4647673.7250000006 0.97310932590074095 24957.072008587147
decision_type=2 2 2 2 2 2 2 2 2 2 2 2 2 2 2 2 2 2 2 2 2 2 2 2 2 2 2 2 2 2
left_child=1 2 3 4 5 6 8 -8 10 -10 -1 12 13 -12 15 16 19 -17 -19 -13 -21 26 23 25 -25 -23 -16 28 -24 -26
right_child=-2 -3 -4 -5 -6 -7 7 -9 9 -11 11 14 -14 -15 21 17 -18 18 -20 20 -22 22 27 24 29 -27 -28 -29 -30 -31
leaf_value=-607.84817077636717 6328.0733787536628 -5078.0855224609377 1934.7874670940896 -1349.3268830519457 747.46589050292971 -651.68703873463164 812.32579374313354 -209.71315862482243 -150.12346402681791 807.20559910365512 251.17447530031205 -876.18497485351566 920.55077294921875 -544.09553309849332 1058.2257178306579 76.468483043852302 797.2399873860677 -1515.0092939649312 -274.65283557522679 -547.59550120035817 -19.856714031787188 -199.02907557449942 163.71808836619061 742.57089150746663 -384.14326452274918 -1257.5596746271308 129.34970114571709 658.26063108701965 -244.83458681891949 -29.402591276925712
leaf_weight=20 23 20 23 26 31 39 32 22 26 28 64 25 25 21 20 42 30 28 31 48 551 127 360 48 97 22 42 37 85 756
leaf_count=20 23 20 23 26 31 39 32 22 26 28 64 25 25 21 20 42 30 28 31 48 551 127 360 48 97 22 42 37 85 756
internal_value=13.131 -40.1499 -2.91456 -19.5255 -6.51277 -15.4135 -5.82144 395.94 -14.3864 346.269 -22.2426 -17.4796 251.481 54.696 -30.0746 -109.849 -53.8426 -472.503 -863.297 -94.76 -62.1463 7.71051 -9.33854 -73.1332 -26.4671 -355.322 428.987 129.633 85.6799 -69.7424
internal_weight=2749 2726 2706 2683 2657 2626 2587 54 2533 54 2479 2459 110 85 2349 755 654 101 59 624 599 1594 1532 1050 901 149 62 482 445 853
internal_count=2749 2726 2706 2683 2657 2626 2587 54 2533 54 2479 2459 110 85 2349 755 654 101 59 624 599 1594 1532 1050 901 149 62 482 445 853
is_linear=0
shrinkage=0.05


Tree=270
num_leaves=31
num_cat=0
split_feature=40 79 35 23 23 83 27 103 14 50 16 8 103 16 50 95 53 26 83 22 107 21 33 7 52 51 91 105 105 5
split_gain=1.04165e+11 1.50302e+11 1.35556e+11 2.34307e+10 5.68314e+09 5.96425e+09 9.09916e+09 4.25486e+09 6.52199e+09 4.04633e+09 3.85741e+09 5.08246e+09 5.83271e+09 5.06173e+09 7.55072e+09 4.80396e+09 4.36929e+09 4.03044e+09 8.74081e+09 3.76812e+09 8.47064e+09 5.6645e+09 6.7301e+09 5.96282e+09 5.17286e+09 7.61137e+09 8.15873e+09 5.26446e+09 4.80177e+09 5.28274e+09
threshold=51.500000000000007 3225149.7200000002 61.500000000000007 323.00000000000006 280.50000000000006 5602027.2100000009 128.50000000000003 1988075.0350000001 7252111.3050000006 1.0657414521705728 14474.521330644477 3233.6958527738825 908031.02000000037 17475.463611232535 1.0481348470806304 507349.25000000006 0.099183759024413815 49.500000000000007 3556582.3000000003 71.500000000000014 110.50000000000001 7.5000000000000009 75.500000000000014 4978.7065584415595 27536.043920500408 26446.569829454991 1180697.8650000002 224802.32999999975 -213555.29499999966 4.4419230462739909
decision_type=2 2 2 2 2 2 2 2 2 2 2 2 2 2 2 2 2 2 2 2 2 2 2 2 2 2 2 2 2 2
left_child=2 -2 3 4 5 7 9 10 -9 -7 11 12 -1 14 -12 -16 -17 19 -19 21 -21 22 -15 -23 25 26 -22 -26 29 -25
right_child=1 -3 -4 -5 -6 6 -8 8 -10 -11 13 -13 -14 17 15 16 -18 18 -20 20 24 23 -24 28 27 -27 -28 -29 -30 -31
leaf_value=-39.779842990267596 289.37785326086959 -5637.2509570312504 3835.3731808869738 -1724.5473555755616 689.37233574308209 319.93747906684877 -1289.7795440492177 1016.0437711275541 -23.201714303758411 -334.67526228162978 988.65869750976572 -863.41910400390634 -892.61590381969108 -89.209781704877969 -619.64817840576177 703.69131583077569 101.08413070250896 -1270.5110572814942 39.811149204799108 932.06307413736977 993.73234096873898 -693.00838357676639 -717.41400029500335 -342.30887452069453 1128.7367271786645 -744.01219615936282 -1.1017263517789313 162.92383229455285 294.36336807284437 155.41620346816271
leaf_weight=226 23 20 23 20 29 32 21 26 36 90 28 25 22 811 20 35 214 20 35 30 22 23 45 85 21 32 326 43 228 143
leaf_count=226 23 20 23 20 29 32 21 26 36 90 28 25 22 811 20 35 214 20 35 30 22 23 45 85 21 32 326 43 228 143
internal_value=-25.5642 -2467.19 13.1632 -19.5417 -6.76053 -14.4103 -328.449 3.58143 412.611 -162.974 -6.83756 -183.931 -115.435 15.5348 207.241 125.904 185.788 -15.0107 -436.67 -2.19082 118.915 -45.1901 -122.235 92.4925 63.9724 -6.06695 61.7901 479.831 132.112 -30.1392
internal_weight=2754 43 2711 2688 2668 2639 143 2496 62 122 2434 273 248 2161 297 269 249 1864 55 1809 474 1335 856 479 444 380 348 64 456 228
internal_count=2754 43 2711 2688 2668 2639 143 2496 62 122 2434 273 248 2161 297 269 249 1864 55 1809 474 1335 856 479 444 380 348 64 456 228
is_linear=0
shrinkage=0.05


Tree=271
num_leaves=31
num_cat=0
split_feature=40 48 44 104 4 75 35 42 27 20 66 24 79 39 42 44 16 8 9 11 33 5 1 75 8 76 48 119 36 27
split_gain=9.4009e+10 1.45306e+11 1.24789e+11 1.23114e+10 7.10075e+09 7.15727e+09 4.29027e+09 4.17318e+09 5.12136e+09 3.36248e+09 3.19051e+09 3.40071e+09 3.62513e+09 2.75206e+09 4.86221e+09 4.22888e+09 3.65498e+09 4.80051e+09 4.59315e+09 6.65226e+09 4.40197e+09 5.81287e+09 5.01722e+09 5.68644e+09 3.91269e+09 4.00358e+09 5.66711e+09 5.3719e+09 3.929e+09 3.88091e+09
threshold=51.500000000000007 0.054356779600315173 60.500000000000007 5099903.7950000009 2282.0000000000005 11332934.655000001 50.500000000000007 122.50000000000001 120.50000000000001 18.500000000000004 -0.98518361333263327 61.500000000000007 7226620.1400000015 55.500000000000007 90.500000000000014 29.500000000000004 14474.521330644477 3233.6958527738825 569.73500000000013 327136.06000000006 92.500000000000014 4.4384155172004478 135.50000000000003 1608221.7800000003 2694.5340643481777 1980133.5950000004 0.10119470914521407 72.500000000000014 6.5000000000000009 23.500000000000004
decision_type=2 2 2 2 2 2 2 2 2 2 2 2 2 2 2 2 2 2 2 2 2 2 2 2 2 2 2 2 2 2
left_child=2 -2 3 4 5 6 7 8 9 10 11 12 -1 14 16 -16 17 20 19 -18 22 -22 23 -12 -20 27 29 28 -26 -27
right_child=1 -3 -4 -5 -6 -7 -8 -9 -10 -11 13 -13 -14 -15 15 -17 18 -19 24 -21 21 -23 -24 -25 25 26 -28 -29 -30 -31
leaf_value=226.82989652263586 -5054.2073369565223 773.09532775878915 3762.8978204900568 -1145.5614178657531 907.7613315945581 -913.38568836558954 -719.56146298363092 532.57889522976348 -578.11574863531655 588.26659088134772 403.56691214821558 -248.53088813194864 993.90671852111814 321.53933831576643 -837.28876971620502 -128.31165889871531 1143.6393509274437 -887.55691196607518 672.17542430332742 109.66007141113283 85.225272342136932 -864.21216430664072 340.93828399882597 -567.18284206390388 -190.80371398031713 153.33370758116246 518.4325612668639 -763.34414762920812 407.62059693336488 -41.389986544432077
leaf_weight=67 23 20 22 24 21 22 21 36 39 24 22 26 20 58 33 58 21 23 21 60 28 38 68 48 192 320 54 36 32 1277
leaf_count=67 23 20 22 24 21 22 21 36 39 24 22 26 20 58 33 58 21 23 21 60 28 38 68 48 192 320 54 36 32 1277
internal_value=-24.286 -2343.83 12.5051 -18.1787 -8.0259 -15.2995 -7.76412 -2.0172 -9.5203 -0.741509 -6.39147 253.221 403.169 -18.6712 -27.1363 -385.413 -12.5813 -202.776 8.86637 377.729 -125.57 -461.421 35.0543 -262.09 -6.59836 -14.0574 14.6621 -196.426 -105.315 -2.37209
internal_weight=2754 43 2711 2689 2665 2644 2622 2601 2565 2526 2502 113 87 2389 2331 91 2240 227 2013 81 204 66 138 70 1932 1911 1651 260 224 1597
internal_count=2754 43 2711 2689 2665 2644 2622 2601 2565 2526 2502 113 87 2389 2331 91 2240 227 2013 81 204 66 138 70 1932 1911 1651 260 224 1597
is_linear=0
shrinkage=0.05


Tree=272
num_leaves=31
num_cat=0
split_feature=40 20 35 23 14 75 118 28 103 14 10 106 98 28 38 116 16 8 18 101 40 89 28 115 21 94 3 1 1 78
split_gain=8.48432e+10 1.32285e+11 1.1473e+11 2.2144e+10 5.13563e+09 4.91123e+09 3.85901e+09 4.52634e+09 6.28806e+09 6.13389e+09 5.04237e+09 5.2826e+09 4.64346e+09 3.20786e+09 6.09684e+09 2.84861e+09 2.78578e+09 5.03735e+09 4.17124e+09 3.37567e+09 6.11239e+09 3.85553e+09 3.78089e+09 5.3908e+09 3.33509e+09 6.22233e+09 4.31853e+09 3.37329e+09 6.33778e+09 4.89654e+09
threshold=51.500000000000007 16.500000000000004 61.500000000000007 323.00000000000006 10978572.715000002 11332934.655000001 438.50000000000006 59.500000000000007 1988075.0350000001 7081283.6150000012 20745.820000000003 2116927.8600000008 2274630.2722636699 1.5000000000000002 18.500000000000004 130.00000000000003 14078.301739260254 3026.1712804933368 15539.177147906519 5084120.3332274528 7.5000000000000009 4141684.9766071434 13.500000000000002 55.519736435064807 12.500000000000002 2244364.9373134975 116.50000000000001 161.50000000000003 135.50000000000003 2667960.8450000002
decision_type=2 2 2 2 2 2 2 2 2 2 2 2 2 2 2 2 2 2 2 2 2 2 2 2 2 2 2 2 2 2
left_child=2 -2 3 4 5 6 7 8 13 -9 11 15 -10 -1 -15 -11 24 -18 -19 -20 21 -21 -22 -24 26 -26 27 28 29 -16
right_child=1 -3 -4 -5 -6 -7 -8 9 12 10 -12 -13 -14 14 16 -17 17 18 19 20 22 -23 23 -25 25 -27 -28 -29 -30 -31
leaf_value=-594.69759004012394 359.43499782396401 -5200.6313122558604 3528.2498842985733 -1675.7382922363283 792.42823669433596 -773.41094767252616 669.35642627534423 -929.35946360270191 84.303537132626502 41.421890059761381 -712.03302935791021 -514.90338217995384 1135.7719845726376 867.96495525360115 8.4727578544616708 837.24734247381048 403.60780362349294 333.26760683169312 -47.43334886672352 -18.577734872066614 867.24149308638141 -898.36550239562985 -431.35785419094947 280.01323664831739 -1190.0438319614957 -75.344571415070561 294.03327636207854 -795.99688637473366 485.09395909463211 -807.66072656968072
leaf_weight=23 23 20 23 20 20 21 21 30 21 23 25 22 21 20 40 22 78 87 1704 33 22 20 31 189 21 31 56 22 31 34
leaf_count=23 23 20 23 20 20 21 21 30 21 23 25 22 21 20 40 22 78 87 1704 33 22 20 31 189 21 31 56 22 31 34
internal_value=-23.0717 -2226.64 11.8798 -18.2082 -5.7829 -11.8117 -5.72353 -11.1635 3.44007 -308.503 -106.05 120.064 610.038 -6.99281 -1.40488 430.492 -8.65265 9.10287 -5.64851 -20.3987 135.76 -350.573 242.272 179.775 -172.155 -525.512 -71.747 -233.036 -115.082 -366.507
internal_weight=2754 43 2711 2688 2668 2648 2627 2606 2484 122 92 67 42 2442 2419 45 2399 2164 2086 1999 295 53 242 220 235 52 183 127 105 74
internal_count=2754 43 2711 2688 2668 2648 2627 2606 2484 122 92 67 42 2442 2419 45 2399 2164 2086 1999 295 53 242 220 235 52 183 127 105 74
is_linear=0
shrinkage=0.05


Tree=273
num_leaves=31
num_cat=0
split_feature=40 48 44 104 28 23 11 28 38 103 32 21 103 10 123 93 119 28 78 2 78 123 10 28 52 86 5 101 103 50
split_gain=7.6571e+10 1.33237e+11 1.06576e+11 1.14683e+10 6.69981e+09 9.60744e+09 1.23114e+10 2.92022e+09 5.46936e+09 2.85429e+09 5.82326e+09 1.0336e+10 3.23e+09 5.74496e+09 7.28844e+09 4.26911e+09 4.14214e+09 3.66418e+09 6.72944e+09 5.10819e+09 5.02636e+09 4.9811e+09 5.2048e+09 5.35096e+09 4.56271e+09 4.19628e+09 3.43494e+09 3.65994e+09 3.09687e+09 3.46069e+09
threshold=51.500000000000007 0.054356779600315173 60.500000000000007 5099903.7950000009 84.500000000000014 252.50000000000003 48564.200000000004 1.5000000000000002 18.500000000000004 1575603.1250000007 50.500000000000007 9.5000000000000018 908031.02000000037 14833.730000000001 138.50000000000003 2809415.742678572 174.50000000000003 47.500000000000007 7845017.6700000009 191.50000000000003 9298370.9800000023 147.50000000000003 16230.960000000001 55.500000000000007 27696.459603427666 2363137.6803076346 4.4754671557950259 4724938.1871773982 293756.20999999967 1.1780497280497284
decision_type=2 2 2 2 2 2 2 2 2 2 2 2 2 2 2 2 2 2 2 2 2 2 2 2 2 2 2 2 2 2
left_child=2 -2 3 4 5 7 -7 -1 -9 12 -11 -12 17 14 -14 -15 26 18 28 -20 -21 -19 23 -23 25 -24 -17 -28 29 -10
right_child=1 -3 -4 -5 -6 6 -8 8 9 10 11 -13 13 15 -16 16 -18 21 19 20 -22 22 24 -25 -26 -27 27 -29 -30 -31
leaf_value=-564.96270539656928 -4710.684972746476 869.3707426452637 3477.2120811982591 -1105.1669451395671 670.20887749989834 14.319714101155601 -1665.3687832641601 824.56671829223637 -66.589353084457514 -536.68996654692148 1398.9099381637575 138.35227257629921 -100.74104371643067 -636.98316829286773 -1348.5692765669392 -287.70522272019161 -209.55144858757654 -912.25887119459082 -116.70271900318288 1109.3481302324465 175.41979028320316 -249.158926827567 -813.07094584147137 854.76408293350892 318.36952468872073 57.366899414062509 954.8491837211277 170.20085283915205 102.58911115228022 187.0556790484498
leaf_weight=23 23 20 22 24 36 24 20 20 1229 21 20 87 25 29 22 21 96 23 27 34 25 21 45 23 20 20 23 42 538 151
leaf_count=23 23 20 22 24 36 24 20 20 1229 21 20 87 25 29 22 21 96 23 27 34 25 21 45 23 20 20 23 42 538 151
internal_value=-21.9181 -2115.31 11.2858 -17.0706 -7.27158 -16.5486 -749.175 -4.07837 0.956892 -5.52312 224.565 373.971 -17.7233 -184.916 -684.831 -73.5606 16.2155 2.28396 20.2357 452.934 713.616 -234.396 -113.537 327.892 -342.041 -545.244 268.234 447.846 0.83422 -38.8354
internal_weight=2754 43 2711 2689 2665 2629 44 2585 2562 2542 128 107 2414 258 47 211 182 2156 2004 86 59 152 129 44 85 65 86 65 1918 1380
internal_count=2754 43 2711 2689 2665 2629 44 2585 2562 2542 128 107 2414 258 47 211 182 2156 2004 86 59 152 129 44 85 65 86 65 1918 1380
is_linear=0
shrinkage=0.05


Tree=274
num_leaves=31
num_cat=0
split_feature=40 79 2 32 28 28 101 5 29 21 32 51 87 19 58 82 88 127 5 37 30 50 21 83 48 22 123 51 86 16
split_gain=6.91053e+10 1.28944e+11 9.30267e+10 7.02189e+09 3.41395e+09 5.73167e+09 1.21409e+10 6.22621e+09 3.7517e+09 4.98953e+09 4.00689e+09 4.32481e+09 7.44898e+09 4.54081e+09 5.02127e+09 5.0294e+09 6.70495e+09 4.81453e+09 4.57862e+09 4.3162e+09 5.87732e+09 4.09464e+09 3.97004e+09 3.68236e+09 4.28707e+09 4.49467e+09 3.33126e+09 3.37003e+09 4.9332e+09 4.83109e+09
threshold=51.500000000000007 3225149.7200000002 538.50000000000011 148.50000000000003 83.000000000000014 65.500000000000014 5074425.4351979503 4.4861828298632442 17.500000000000004 14.500000000000002 98.500000000000014 16954.152190016106 2370975.8500000006 17583.436850897528 146.50000000000003 1043925.0185307127 5914713.0550000006 77.500000000000014 4.5355110421314722 45.500000000000007 4.5000000000000009 1.105352667382743 6.5000000000000009 585532.19000000006 1.0000000180025095e-35 7.5000000000000009 26.500000000000004 29344.276317676773 523851.71601110586 17072.431261677299
decision_type=2 2 2 2 2 2 2 2 2 2 2 2 2 2 2 2 2 2 2 2 2 2 2 2 2 2 2 2 2 2
left_child=2 -2 3 4 5 8 7 -7 10 22 11 12 -1 14 18 16 -16 -17 21 23 -21 -13 -10 -15 -25 -26 -27 29 -29 -28
right_child=1 -3 -4 -5 -6 6 -8 -9 9 -11 -12 13 -14 19 15 17 -18 -19 -20 20 -22 -23 -24 24 25 26 27 28 -30 -31
leaf_value=-111.30508667279067 543.67102156929354 -4945.7428325271612 3325.660892159598 -817.43455358434608 552.35342667191117 -563.10906023297991 -1430.4940895600753 501.03936858000583 600.34694017682762 922.05537999471039 -356.52478771674924 -242.0434330749512 -1071.6051247336648 555.36109387433089 469.88568863799611 168.37047397779384 -357.18614144576225 1080.4794452373799 -441.98724195306954 890.37442036290327 -37.33401103772615 392.11105146408084 -120.68464146931967 -635.88563727017117 722.35907562255863 -482.44027591705327 188.96390590413412 -344.52213813281452 132.28965496939057 -117.82474662376954
leaf_weight=246 23 20 21 27 27 28 22 27 28 24 82 40 22 27 69 23 38 39 44 31 38 70 60 29 20 40 150 61 490 888
leaf_count=246 23 20 21 27 27 28 22 27 28 24 82 40 22 27 69 23 38 39 44 31 38 70 60 29 20 40 150 61 490 888
internal_value=-20.8222 -2009.54 10.7215 -15.1572 -7.02293 -12.7525 -437.79 -40.7089 0.0368374 283.018 -12.9153 -1.00155 -190.136 23.1701 195.6 383.789 176.159 742.116 -10.9182 -8.225 379.463 161.509 108.734 -23.9144 -33.2353 -22.6368 -31.7835 -20.4391 79.5029 -73.4911
internal_weight=2754 43 2711 2690 2663 2636 77 55 2559 112 2447 2365 268 2097 323 169 107 62 154 1774 69 110 88 1705 1678 1649 1629 1589 551 1038
internal_count=2754 43 2711 2690 2663 2636 77 55 2559 112 2447 2365 268 2097 323 169 107 62 154 1774 69 110 88 1705 1678 1649 1629 1589 551 1038
is_linear=0
shrinkage=0.05


Tree=275
num_leaves=31
num_cat=0
split_feature=0 38 36 10 66 12 61 7 7 33 38 34 109 111 45 66 36 32 33 27 15 65 103 7 112 18 12 110 112 87
split_gain=2.06287e+11 7.41617e+10 2.59998e+10 2.76466e+10 6.34258e+09 7.00322e+09 4.18055e+09 7.11392e+09 5.31703e+09 3.60815e+09 1.16553e+10 4.34224e+09 8.68511e+09 2.93432e+09 6.51245e+09 5.33392e+09 4.25932e+09 4.14171e+09 4.08905e+09 3.42797e+09 3.34097e+09 3.29114e+09 6.91528e+09 4.72895e+09 6.73962e+09 4.6424e+09 4.51228e+09 3.63889e+09 4.39481e+09 5.16827e+09
threshold=674.50000000000011 342.00000000000006 28.500000000000004 17625.215000000004 -0.99626127116974506 3714.2067093542923 -0.93301270189221908 4754.8800039930311 4513.5614095252258 253.50000000000003 262.00000000000006 109.50000000000001 218.50000000000003 85.166636371304364 14.500000000000002 -0.99271195016773384 3.5000000000000004 123.50000000000001 53.500000000000007 110.50000000000001 24684.821458129849 0.79877197597864635 1575603.1250000007 6407.9296367410489 67.500000000000014 21731.694076232798 2650.8455889908259 242.35714285714286 158.50000000000003 3027261.6200000006
decision_type=2 2 2 2 2 2 2 2 2 2 2 2 2 2 2 2 2 2 2 2 2 2 2 2 2 2 2 2 2 2
left_child=1 2 4 -4 5 -1 7 8 -6 10 11 13 -13 15 -15 -8 -16 19 -18 21 -21 -17 23 25 -25 26 27 28 29 -23
right_child=-2 -3 3 -5 6 -7 9 -9 -10 -11 -12 12 -14 14 16 17 18 -19 -20 20 -22 22 -24 24 -26 -27 -28 -29 -30 -31
leaf_value=1185.4876106262207 -4841.9500511863016 2979.0280389694944 -15.009671297940342 -2583.5648103332519 142.08322365500712 82.837484063042538 -803.44427200317386 363.90392092791473 -824.61664941406252 -684.57845214843746 1191.7464938354494 -1285.8938623046877 88.812043818721065 -1037.5946701049804 493.06017512568724 -11.325770163327196 -736.43903198242197 733.08091934204106 -85.91833805333485 -904.27119262695305 -20.658739305579147 235.24805413679644 910.01086382184712 -259.91491722693809 703.85787110010779 -331.58815340042116 835.45506103515618 -365.98406818669019 658.69436842974494 -671.5178534074264
leaf_weight=24 22 21 22 20 33 36 20 176 25 20 20 20 27 20 27 1598 28 20 176 20 23 55 28 26 60 80 20 41 34 22
leaf_count=24 22 21 22 20 33 36 20 176 25 20 20 20 27 20 27 1598 28 20 176 20 23 55 28 26 60 80 20 41 34 22
internal_value=-19.5887 19.1027 -3.74123 -1238.13 15.6109 523.898 3.96631 205.643 -274.598 -15.8208 -10.1654 -20.4162 -496.169 -10.6858 -172.037 9.09874 -97.0965 17.1159 -175.205 9.98126 -431.641 19.6502 154.895 92.341 412.485 -16.9144 129.445 36.5494 185.233 -23.8279
internal_weight=2764 2742 2721 42 2679 60 2619 234 58 2385 2365 2345 47 2298 251 2047 231 2027 204 2007 43 1964 366 338 86 252 172 152 111 77
internal_count=2764 2742 2721 42 2679 60 2619 234 58 2385 2365 2345 47 2298 251 2047 231 2027 204 2007 43 1964 366 338 86 252 172 152 111 77
is_linear=0
shrinkage=0.05


Tree=276
num_leaves=31
num_cat=0
split_feature=0 38 44 33 45 43 28 12 9 10 10 65 22 29 28 52 37 19 19 120 50 81 6 84 14 23 18 8 78 18
split_gain=1.86174e+11 6.69309e+10 2.42422e+10 5.42785e+09 9.29805e+09 4.45001e+09 4.0289e+09 4.45484e+09 5.72921e+09 4.44318e+09 4.7648e+09 3.95073e+09 4.40628e+09 3.63348e+09 5.08433e+09 3.48656e+09 6.34621e+09 4.35799e+09 4.02231e+09 6.6322e+09 5.4879e+09 6.31403e+09 6.07715e+09 6.00431e+09 5.76913e+09 7.07551e+09 5.73578e+09 5.36234e+09 6.87907e+09 6.24942e+09
threshold=674.50000000000011 342.00000000000006 58.500000000000007 235.50000000000003 95.500000000000014 93.500000000000014 67.500000000000014 2097.7095804109595 631.71000000000015 20108.615000000002 20745.820000000003 0.98930504265984687 64.500000000000014 1.0000000180025095e-35 4.5000000000000009 31414.979721132902 18.500000000000004 21076.181171179589 19726.697613082735 319.50000000000006 1.1386051763071046 4412069.7600000007 2.3034660117358929 4586659.0450000009 3116089.2150000003 87.500000000000014 17508.136942874782 2394.7956108174444 3417156.7300000004 24824.632275525761
decision_type=2 2 2 2 2 2 2 2 2 2 2 2 2 2 2 2 2 2 2 2 2 2 2 2 2 2 2 2 2 2
left_child=1 2 3 4 5 6 7 13 -9 11 -11 12 -10 -1 -15 18 -17 -18 20 27 21 24 23 -22 -16 -26 -27 28 -20 -29
right_child=-2 -3 -4 -5 -6 -7 -8 8 9 10 -12 -13 -14 14 15 16 17 -19 19 -21 22 -23 -24 -25 25 26 -28 29 -30 -31
leaf_value=-595.27181401933944 -4599.8523370916191 2830.0766462053575 -1553.3763886718752 658.13308620452881 -872.23631856282555 505.96011610243062 -513.56575861750423 11.391167717464901 210.48119112650554 1212.6123291015626 270.67925288759432 -248.85400471687319 1000.5594641113281 349.33138386986474 -41.94839905478738 -53.59301916868791 1049.1825172061012 256.17686497852054 994.66756480823869 -1001.6586354573569 -831.12278365513384 -74.371040907076434 93.491209532574914 -126.08912222726006 822.24662393598419 739.2256431070964 -85.362886708219293 -168.11132168720167 -111.07997334798176 -1034.6263405539773
leaf_weight=28 22 21 25 32 30 45 37 472 150 25 29 40 20 88 110 230 21 99 22 24 58 378 82 63 67 30 71 384 39 22
leaf_count=28 22 21 25 32 30 45 37 472 150 25 29 40 20 88 110 230 21 99 22 24 58 378 82 63 67 30 71 384 39 22
internal_value=-18.6093 18.1476 -3.55417 10.8173 3.04176 13.0108 4.4427 11.953 115.721 302.251 706.759 198.234 303.432 -30.1028 -21.2523 -40.4355 100.194 394.953 -76.895 -191.05 -11.6444 58.6585 -238.83 -464.039 239.54 423.848 159.564 -149.392 287.714 -215.065
internal_weight=2764 2742 2721 2696 2664 2634 2589 2552 736 264 54 210 170 1816 1788 1700 350 120 1350 491 859 656 203 121 278 168 101 467 61 406
internal_count=2764 2742 2721 2696 2664 2634 2589 2552 736 264 54 210 170 1816 1788 1700 350 120 1350 491 859 656 203 121 278 168 101 467 61 406
is_linear=0
shrinkage=0.05


Tree=277
num_leaves=31
num_cat=0
split_feature=34 96 28 36 31 23 12 53 63 19 23 44 52 107 28 25 5 44 18 86 16 58 106 112 106 105 109 19 16 30
split_gain=1.10115e+11 1.72618e+11 7.96643e+10 1.88297e+10 5.8805e+09 9.11614e+09 4.40432e+09 7.38547e+09 3.9231e+09 3.78597e+09 3.50966e+09 7.0613e+09 3.28043e+09 5.37552e+09 4.3218e+09 9.49045e+09 8.92608e+09 6.41599e+09 5.67429e+09 9.48412e+09 7.91131e+09 6.50896e+09 5.30541e+09 5.27292e+09 5.07945e+09 4.69748e+09 4.62377e+09 4.18387e+09 4.22826e+09 4.12692e+09
threshold=159.50000000000003 13810864.740000002 110.50000000000001 29.500000000000004 37.500000000000007 293.50000000000006 2235.4570754319761 0.12515849762326425 0.6078576107927941 26074.540381567789 271.00000000000006 45.500000000000007 31414.979721132902 63.500000000000007 10.500000000000002 2.5000000000000004 4.1688961729270035 11.500000000000002 21876.68766628973 688824.66567598737 23787.729140307605 214.50000000000003 -1394772.3749999998 86.500000000000014 -1958628.9200000002 -75015.374999999985 188.50000000000003 18935.572180653933 21950.976448353333 2.5000000000000004
decision_type=2 2 2 2 2 2 2 2 2 2 2 2 2 2 2 2 2 2 2 2 2 2 2 2 2 2 2 2 2 2
left_child=2 -2 3 4 5 6 10 8 -8 -9 11 12 14 -14 15 16 -1 24 20 -20 22 23 -19 -21 -16 -22 -23 28 -24 -26
right_child=1 -3 -4 -5 -6 -7 7 9 -10 -11 -12 -13 13 -15 17 -17 -18 18 19 21 25 26 27 -25 29 -27 -28 -29 -30 -31
leaf_value=-1157.0211956787109 662.58638122558602 -5906.6224414062499 3164.5933099365234 -1316.4945398401333 -843.58895202636722 1054.6204880487353 254.01133695116232 60.157479488358518 806.12574605738871 -569.38323944091803 -673.29925215584899 847.42721358589506 -186.12322801419393 208.54077371610489 273.41608636474615 392.9499870936076 -24.637996394598662 234.77153180130131 -1153.8792700405779 -1009.7935197753907 28.439620027087983 911.4660848999024 -114.21094459109837 -153.48395757675172 -666.50666435099095 739.39122157830468 -150.80543459937687 -327.76341391642887 289.73061309041856 -104.42061017624877
leaf_weight=20 20 20 20 27 20 21 102 534 47 25 21 23 123 289 25 144 134 123 29 25 42 20 360 64 107 52 21 180 79 47
leaf_count=20 20 20 20 27 20 21 102 534 47 25 21 23 123 289 25 144 134 123 29 25 42 20 360 64 107 52 21 180 79 47
internal_value=-17.6788 -2622.02 20.5641 -2.6906 10.5603 16.9897 8.72334 115.377 428.168 32.0027 -30.4418 -23.3627 -33.9933 90.7163 -68.8985 101.151 -171.701 -112.063 -62.4853 -336.276 -10.4126 -153.888 -65.1587 -394.02 -387.646 421.732 367.376 -124.757 -41.5199 -494.961
internal_weight=2764 40 2724 2704 2677 2657 2636 708 149 559 1928 1907 1884 412 1472 298 154 1174 995 159 836 130 742 89 179 94 41 619 439 154
internal_count=2764 40 2724 2704 2677 2657 2636 708 149 559 1928 1907 1884 412 1472 298 154 1174 995 159 836 130 742 89 179 94 41 619 439 154
is_linear=0
shrinkage=0.05


Tree=278
num_leaves=31
num_cat=0
split_feature=0 38 44 33 45 43 32 66 108 6 97 42 13 15 50 15 28 19 50 26 75 44 23 2 106 25 119 6 106 91
split_gain=1.59131e+11 6.0711e+10 2.14004e+10 4.57707e+09 8.18927e+09 4.10169e+09 3.68306e+09 4.83041e+09 5.44437e+09 5.30859e+09 3.92544e+09 4.26186e+09 3.89761e+09 5.8201e+09 5.25138e+09 6.53917e+09 5.12176e+09 4.76238e+09 3.81176e+09 4.82064e+09 3.56847e+09 3.49909e+09 3.63069e+09 3.73676e+09 3.47806e+09 3.34805e+09 5.02799e+09 3.36634e+09 3.89231e+09 3.18212e+09
threshold=674.50000000000011 342.00000000000006 58.500000000000007 235.50000000000003 95.500000000000014 93.500000000000014 94.500000000000014 -0.97502841500522164 266.50000000000006 2.3193256731550904 5139959.6348767132 96.500000000000014 1024.696753179184 19121.524541041799 1.143061809250921 14795.400363339459 50.500000000000007 16348.514235169912 1.1128012338538655 18.500000000000004 4972846.370000001 22.500000000000004 114.50000000000001 193.50000000000003 425700.26499999996 1.0000000180025095e-35 125.50000000000001 2.1323096606164302 -427183.93499999988 2771158.9750000006
decision_type=2 2 2 2 2 2 2 2 2 2 2 2 2 2 2 2 2 2 2 2 2 2 2 2 2 2 2 2 2 2
left_child=1 2 3 4 5 6 12 -8 10 -10 -9 -12 25 14 17 -16 21 -14 -19 -20 -21 22 29 -24 -7 26 -1 28 -27 -15
right_child=-2 -3 -4 -5 -6 24 7 8 9 -11 11 -13 13 16 15 -17 -18 18 19 20 -22 -23 23 -25 -26 27 -28 -29 -30 -31
leaf_value=24.850835204124451 -4252.2607421875 2695.2747558593751 -1459.6311679687501 604.44529380798338 -818.55279215494795 92.333876220703132 -954.76143127441412 -35.361058906886889 -138.49705477396648 898.01508207775305 -246.73485081990563 -1235.0042047119141 513.98646661667601 143.3645250607494 22.570305820933562 781.79598316865815 982.65657232375384 -103.93933479495166 -103.59863963407629 -1326.548953910496 -425.05355362665091 -97.620474688926436 1002.397029622396 206.45047752774997 976.96060791015634 843.56419219970712 -901.62950292516643 -31.104906692340336 34.270701794746593 794.80267318725589
leaf_weight=32 22 21 25 32 30 25 20 46 30 21 24 20 21 299 171 34 21 123 34 23 21 89 30 29 20 24 27 1391 39 20
leaf_count=32 22 21 25 32 30 25 20 46 30 21 24 20 21 299 171 34 21 123 34 23 21 89 30 29 20 24 27 1391 39 20
internal_value=-16.7949 17.1877 -3.48109 10.0218 2.88156 12.2373 4.01139 -227.579 -124.432 288.302 -358.315 -695.948 19.3681 100.83 -33.9797 148.491 218.788 -202.477 -277.332 -550.758 -896.29 184.439 250.849 611.169 485.501 -29.8966 -399.132 -14.9139 342.573 184.207
internal_weight=2764 2742 2721 2696 2664 2634 2589 161 141 51 90 44 2428 915 427 205 488 222 201 78 44 467 378 59 45 1513 59 1454 63 319
internal_count=2764 2742 2721 2696 2664 2634 2589 161 141 51 90 44 2428 915 427 205 488 222 201 78 44 467 378 59 45 1513 59 1454 63 319
is_linear=0
shrinkage=0.05


Tree=279
num_leaves=31
num_cat=0
split_feature=0 23 33 30 33 45 43 40 99 21 97 22 77 6 104 18 51 87 64 11 19 16 19 16 64 24 19 52 18 52
split_gain=1.43616e+11 5.6889e+10 2.6863e+10 5.03346e+09 7.54622e+09 5.4335e+09 4.97787e+09 3.63654e+09 3.0525e+09 2.65636e+09 6.61405e+09 5.25489e+09 2.78015e+09 4.64524e+09 3.07345e+09 3.49184e+09 2.85174e+09 5.94475e+09 4.96397e+09 4.60676e+09 3.79847e+09 4.33738e+09 7.55334e+09 6.73711e+09 5.19893e+09 6.37357e+09 4.19087e+09 6.74065e+09 6.95112e+09 4.76823e+09
threshold=674.50000000000011 338.00000000000006 258.50000000000006 10.500000000000002 235.50000000000003 95.500000000000014 93.500000000000014 37.500000000000007 1130540.7650000004 1.0000000180025095e-35 4039546.1882852069 6.5000000000000009 1659467.0450000002 2.161762511195676 446988.91999999998 24978.9528749112 18976.262889266753 2293112.9300000006 1.0000000180025095e-35 19288.375000000004 15637.644645516042 20789.470060996227 18167.650244557157 21950.976448353333 -0.22252093395631442 56.500000000000007 19002.84631994239 28096.300569540483 19866.367080736018 26417.652192621874
decision_type=2 2 2 2 2 2 2 2 2 2 2 2 2 2 2 2 2 2 2 2 2 2 2 2 2 2 2 2 2 2
left_child=1 2 3 4 5 6 7 9 -8 10 -1 -11 13 -13 15 -15 17 -14 -19 20 -18 24 -23 -24 -22 -26 -25 28 29 -28
right_child=-2 -3 -4 -5 -6 -7 8 -9 -10 11 -12 12 16 14 -16 -17 19 18 -20 -21 21 22 23 26 25 -27 27 -29 -30 -31
leaf_value=-1053.2557935333252 -4039.6477650035517 2181.7112947591149 -1672.9966842651368 -783.0097525787354 980.74581855773931 -713.39057593712448 129.71466735839846 -667.18228271484384 1003.2852779388428 804.32268008277538 137.24707369123186 791.60142505787042 -31.877258389883668 69.056635793050134 321.04928943722751 -596.5634978637695 491.79919174656726 -185.41954781668528 -1019.5627561507687 126.92992153871378 92.875111999511716 314.37019440311718 -559.92700096717249 239.53323959600732 -1310.6120147705078 -313.91169673778393 -417.91458285147684 3.4946455099476887 -776.39123456401217 258.45681934356691
leaf_weight=20 22 30 24 20 20 26 20 20 20 21 28 27 274 93 86 25 33 42 31 637 55 149 65 122 20 81 57 586 62 48
leaf_count=20 22 30 24 20 20 26 20 20 20 21 28 27 274 93 86 25 33 42 31 637 55 149 65 122 20 81 57 586 62 48
internal_value=-15.9551 16.3283 -7.62502 7.24437 13.1683 5.86032 12.9925 4.41762 566.5 9.6604 -358.796 16.6954 10.0607 175.289 93.7177 -71.9646 -6.81269 -138.699 -539.645 17.0852 -37.6653 -51.6993 -16.3771 -68.804 -298.275 -511.278 -32.3206 -76.366 -356.596 -108.716
internal_weight=2764 2742 2712 2688 2668 2648 2622 2582 40 2562 48 2514 2493 231 204 118 2262 347 73 1915 1278 1245 1089 940 156 101 875 753 167 105
internal_count=2764 2742 2712 2688 2668 2648 2622 2582 40 2562 48 2514 2493 231 204 118 2262 347 73 1915 1278 1245 1089 940 156 101 875 753 167 105
is_linear=0
shrinkage=0.05


Tree=280
num_leaves=31
num_cat=0
split_feature=33 40 27 42 23 41 3 26 34 35 81 27 2 4 25 48 18 89 85 39 98 3 0 33 7 18 2 10 81 98
split_gain=1.45003e+11 2.8348e+10 1.08051e+10 7.34676e+09 7.63935e+09 3.93747e+09 8.50578e+09 8.35398e+09 4.84507e+09 5.91487e+09 4.08415e+09 3.99545e+09 5.3277e+09 7.60081e+09 4.44516e+09 4.32338e+09 6.5602e+09 4.74776e+09 5.8623e+09 4.1144e+09 3.85357e+09 3.79033e+09 4.4345e+09 4.49151e+09 7.97786e+09 4.96197e+09 4.42352e+09 4.34331e+09 5.6116e+09 3.76674e+09
threshold=301.50000000000006 50.500000000000007 149.50000000000003 136.50000000000003 271.00000000000006 29.500000000000004 143.50000000000003 35.500000000000007 70.500000000000014 23.500000000000004 5221533.9085714296 29.500000000000004 104.50000000000001 450.50000000000006 7.5000000000000009 0.075352392297002205 23064.157203015511 4100447.3708928577 3554256.9132142859 19.500000000000004 1628004.427453934 97.500000000000014 171.50000000000003 75.500000000000014 6028.4498439831777 18680.225977968425 119.50000000000001 15995.695000000002 4646726.8935714299 2244359.1759890136
decision_type=2 2 2 2 2 2 2 2 2 2 2 2 2 2 2 2 2 2 2 2 2 2 2 2 2 2 2 2 2 2
left_child=1 2 3 4 5 6 8 10 11 -10 -8 14 13 -13 -1 21 17 18 -17 -16 -7 26 23 25 -25 -23 -14 28 -24 -22
right_child=-2 -3 -4 -5 -6 20 7 -9 9 -11 -12 12 15 -15 19 16 -18 -19 -20 -21 29 22 27 24 -26 -27 -28 -29 -30 -31
leaf_value=27.844472470555548 -3478.0844856770836 1727.7916239420574 -871.01031354631709 866.33328112792969 -944.69219563802096 -522.7619121204724 -559.43015985903537 -1103.6436548723493 43.123269073486334 922.18457267515123 372.96497955322269 171.5371251989294 -55.073464662482948 -881.11548802396089 141.67074035008747 -297.86611511230467 -950.29336685672888 -377.21852527839553 912.74303771972666 997.78923764436149 442.69845285723289 369.21284287281526 125.3274673910702 -1310.6350090662638 23.82064906529018 -271.60617576712997 459.6019277300154 195.41593744984741 -547.30321516070455 94.790683077964459
leaf_weight=929 30 24 35 25 21 22 23 35 50 31 24 27 83 47 36 20 31 69 20 23 93 39 68 24 21 134 84 197 57 476
leaf_count=929 30 24 35 25 21 22 23 35 50 31 24 27 83 47 36 20 31 69 20 23 93 39 68 24 21 134 84 197 57 476
internal_value=-20.6205 16.852 1.88751 13.1653 5.21846 12.7093 -19.7614 -518.82 0.802811 379.554 -83.3135 -15.2678 -90.188 -497.04 54.5717 -54.6425 -308.497 -125.968 307.438 475.412 126.549 -4.37418 -68.7556 -242.894 -687.889 -127.144 203.805 49.1395 -181.392 151.654
internal_weight=2798 2768 2744 2709 2684 2663 2072 82 1990 81 47 1909 921 74 988 847 140 109 40 59 591 707 540 218 45 173 167 322 125 569
internal_count=2798 2768 2744 2709 2684 2663 2072 82 1990 81 47 1909 921 74 988 847 140 109 40 59 591 707 540 218 45 173 167 322 125 569
is_linear=0
shrinkage=0.05


Tree=281
num_leaves=31
num_cat=0
split_feature=33 40 3 21 32 2 24 86 14 17 0 0 32 5 95 106 95 103 45 26 20 97 30 83 26 33 82 15 18 86
split_gain=1.30866e+11 2.55841e+10 9.34486e+09 4.58203e+09 7.65623e+09 5.41723e+09 4.22702e+09 5.26895e+09 4.16876e+09 4.45326e+09 4.36297e+09 4.52286e+09 3.9478e+09 3.67003e+09 4.64846e+09 4.22406e+09 3.30066e+09 3.90389e+09 4.04966e+09 5.34886e+09 3.72188e+09 5.35652e+09 3.70837e+09 2.99033e+09 3.17774e+09 6.09882e+09 5.20357e+09 2.26523e+09 3.38618e+09 2.53164e+09
threshold=301.50000000000006 50.500000000000007 219.50000000000003 40.500000000000007 138.50000000000003 400.50000000000006 101.50000000000001 592000.74415142275 9581969.9700000007 7237796.667473482 315.50000000000006 304.50000000000006 99.500000000000014 4.6004201680672274 1616484.2850000001 2070341.5700000005 1659534.6150000002 -941732.29500000004 60.500000000000007 23.500000000000004 4.5000000000000009 5161694.6756849317 3.5000000000000004 409462.74500000005 5.5000000000000009 17.500000000000004 598359.10397469485 11868.845115960859 15401.361266768678 1138413.4753083934
decision_type=2 2 2 2 2 2 2 2 2 2 2 2 2 2 2 2 2 2 2 2 2 2 2 2 2 2 2 2 2 2
left_child=1 2 3 4 5 6 8 -8 9 10 11 23 -12 15 -15 16 20 -18 19 -19 -9 -22 -20 -1 -25 26 -26 -27 -29 -30
right_child=-2 -3 -4 -5 -6 -7 7 13 -10 -11 12 -13 -14 14 -16 -17 17 18 22 -21 21 -23 -24 24 25 27 -28 28 29 -31
leaf_value=556.20050101902177 -3304.180133463542 1641.4020202636721 -1075.0513861083984 -726.01425548735119 904.48388280868539 -812.36570892333987 -362.62275359324923 452.10233367919921 585.8360869308998 -655.76714680989585 1004.478578491211 -639.44998189991929 11.024829711914064 1074.7396216256279 198.84212729714136 -529.9530090332031 -163.23430574735005 351.3487558274042 783.42285308837893 1479.8606724330357 -731.25724836077006 230.32334737141929 -89.851698450888364 -601.52382573666785 84.399543518066423 -447.20354018672828 1166.4360813903809 385.77923209994447 -83.403676467437265 28.121411407258776
leaf_weight=23 30 24 20 21 24 20 39 30 29 27 20 29 20 28 33 20 24 21 20 21 28 30 31 23 25 31 20 51 1001 1035
leaf_count=23 30 24 20 21 24 20 39 30 29 27 20 29 20 28 33 20 24 21 20 21 28 30 31 23 25 31 20 51 1001 1035
internal_value=-19.5895 16.0094 1.79313 9.69948 15.4153 7.45057 13.6169 182.559 -9.90752 -17.4028 -9.83657 -19.0875 507.752 256.902 600.893 163.641 231.309 405.306 552.026 915.605 -0.0276423 -233.888 252.609 -10.9433 -16.9105 -10.6941 565.305 -22.932 -16.6299 -26.7099
internal_weight=2798 2768 2744 2724 2703 2679 2659 325 2334 2305 2278 2238 40 286 61 225 205 117 93 42 88 58 51 2209 2186 2163 45 2118 2087 2036
internal_count=2798 2768 2744 2724 2703 2679 2659 325 2334 2305 2278 2238 40 286 61 225 205 117 93 42 88 58 51 2209 2186 2163 45 2118 2087 2036
is_linear=0
shrinkage=0.05


Tree=282
num_leaves=31
num_cat=0
split_feature=28 28 3 3 33 24 39 1 76 89 27 34 30 48 24 85 76 91 96 34 36 117 36 119 104 56 39 1 24 10
split_gain=1.29815e+11 1.92213e+10 2.32521e+10 1.28984e+10 7.96072e+09 3.71502e+09 1.61663e+10 7.04592e+09 5.31222e+09 4.70712e+09 3.94978e+09 6.43758e+09 4.50835e+09 3.48e+09 3.44248e+09 4.30632e+09 7.22168e+09 7.97428e+09 5.72818e+09 4.65252e+09 4.48859e+09 4.16745e+09 3.69077e+09 3.36142e+09 4.98518e+09 4.95807e+09 5.29949e+09 6.06985e+09 4.39737e+09 4.06927e+09
threshold=123.50000000000001 98.500000000000014 219.50000000000003 206.50000000000003 229.50000000000003 77.500000000000014 54.500000000000007 295.50000000000006 8448341.7050000019 8006445.3403571444 25.500000000000004 19.500000000000004 2.5000000000000004 0.027297565822155988 12.500000000000002 3442754.1996428575 3316201.7200000002 1057196.3100000003 7030318.330000001 53.500000000000007 5.5000000000000009 296.50000000000006 6.5000000000000009 76.500000000000014 -245470.95999999993 19.500000000000004 6.5000000000000009 68.500000000000014 7.5000000000000009 15546.355000000001
decision_type=2 2 2 2 2 2 2 2 2 2 2 2 2 2 2 2 2 2 2 2 2 2 2 2 2 2 2 2 2 2
left_child=1 2 3 4 5 6 7 10 9 13 12 -12 23 -7 -13 16 17 20 -18 21 -16 -19 -23 28 25 26 -25 29 -1 -28
right_child=-2 -3 -4 -5 -6 8 -8 -9 -10 -11 11 14 -14 -15 15 -17 18 19 -20 -21 -22 22 -24 24 -26 -27 27 -29 -30 -31
leaf_value=-820.6849684143067 -3844.2812766335228 1292.215154818831 -1551.3024304707847 1217.6168448708274 -945.21118857643819 -504.22042458274149 -1438.0429278564454 751.08183118184411 775.28402457401671 -550.56170654296875 -764.95793706720531 548.75120451554017 354.71835395943407 136.63131799614368 -211.68984359741214 -18.517206273389899 -1243.6499851771764 -205.74374032020569 -301.15394203286422 289.21583896050089 713.71630690725226 -388.46664294288274 -1337.5309936523438 563.49333612060548 519.19506465031554 -586.36974272892394 -938.06148140647201 214.51397608529152 -53.265373091186795 -126.85525923508865
leaf_weight=20 22 29 24 22 22 22 20 30 29 28 33 23 117 571 20 920 28 64 38 26 38 21 20 50 65 29 22 113 280 52
leaf_count=20 22 29 24 22 22 22 20 30 29 28 33 23 117 571 20 920 28 64 38 26 38 21 20 50 65 29 22 113 280 52
internal_value=-18.61 11.7087 -1.80956 11.8474 2.02622 9.80495 -23.5208 -9.43894 113.833 82.9435 -20.9678 -76.0302 69.6496 112.856 -57.0531 -68.9114 -250.726 -93.4867 -701.001 -309.591 394.611 -457.867 -851.425 16.7922 126.658 30.7376 106.249 -16.0093 -104.427 -368.025
internal_weight=2798 2776 2747 2723 2701 2679 2029 2009 650 621 1979 1231 748 593 1198 1175 255 189 66 131 58 105 41 631 331 266 237 187 300 74
internal_count=2798 2776 2747 2723 2701 2679 2029 2009 650 621 1979 1231 748 593 1198 1175 255 189 66 131 58 105 41 631 331 266 237 187 300 74
is_linear=0
shrinkage=0.05


Tree=283
num_leaves=31
num_cat=0
split_feature=28 28 3 3 1 24 39 1 76 8 48 125 86 82 36 16 36 31 3 112 93 78 5 5 31 28 83 17 95 16
split_gain=1.17158e+11 1.73472e+10 2.0985e+10 1.16408e+10 6.79858e+09 3.23223e+09 1.45901e+10 6.35894e+09 3.8549e+09 5.56002e+09 4.31812e+09 5.00444e+09 4.48296e+09 4.24516e+09 4.00727e+09 5.70331e+09 4.98252e+09 4.71067e+09 4.4198e+09 4.24943e+09 4.68301e+09 4.22325e+09 4.88664e+09 4.10062e+09 3.83376e+09 3.78287e+09 3.83331e+09 5.37578e+09 7.34214e+09 6.15482e+09
threshold=123.50000000000001 98.500000000000014 219.50000000000003 206.50000000000003 431.50000000000006 77.500000000000014 54.500000000000007 295.50000000000006 8448341.7050000019 2394.7956108174444 0.076362383375742179 298.14285714285717 608022.38375528448 918544.19743952632 8.5000000000000018 20087.32640878587 11.500000000000002 6.5000000000000009 140.50000000000003 162.50000000000003 3736956.3174107145 8315193.165000001 4.6071822442790191 4.5030665915281309 15.500000000000002 14.500000000000002 3647744.5800000005 4985195.9123749891 1525352.5800000003 17969.345026715109
decision_type=2 2 2 2 2 2 2 2 2 2 2 2 2 2 2 2 2 2 2 2 2 2 2 2 2 2 2 2 2 2
left_child=1 2 3 4 5 6 7 25 9 -7 11 12 -11 -12 15 -14 19 18 -18 20 -16 22 23 24 -19 -1 27 29 -29 -27
right_child=-2 -3 -4 -5 -6 8 -8 -9 -10 10 13 -13 14 -15 16 -17 17 21 -20 -21 -22 -23 -24 -25 -26 26 -28 28 -30 -31
leaf_value=52.464490208383339 -3652.0673583984376 1227.6043667497306 -1473.7373039881388 1156.7360117132014 -916.51358886718754 841.3281876273777 -1366.1407922363283 713.52773691813161 649.77270824678487 -351.98932764085674 43.574317646026614 -439.46638089899437 91.97870977352828 871.47338633219408 -382.32267843106899 1048.0076604989861 232.34996014763328 -233.08559155221715 1169.0780187988282 -749.63222798665367 447.89241206728178 506.04022990901296 450.09810960557729 -628.29144866943363 505.7130838623047 168.91757855815274 67.92129415597293 -64.737063162667411 -1231.5805390578053 -188.89828042712168
leaf_weight=944 22 29 24 22 20 23 20 30 31 59 32 57 39 30 41 26 34 59 20 30 29 41 36 40 25 155 291 28 26 535
leaf_count=944 22 29 24 22 20 23 20 30 31 59 32 57 39 30 41 26 34 59 20 30 29 41 36 40 25 155 291 28 26 535
internal_value=-17.6795 11.1233 -1.71909 11.255 1.92491 8.77637 -22.3447 -8.96699 105.624 78.4605 49.1195 3.42324 56.1262 444.171 113.457 474.39 47.3703 164.674 579.286 -251.753 -38.3764 53.2851 -62.7334 -211.62 -13.205 -19.9194 -85.9391 -146.118 -626.551 -108.519
internal_weight=2798 2776 2747 2723 2701 2681 2029 2009 652 621 598 536 479 62 420 65 355 255 54 100 70 201 160 124 84 1979 1035 744 54 690
internal_count=2798 2776 2747 2723 2701 2681 2029 2009 652 621 598 536 479 62 420 65 355 255 54 100 70 201 160 124 84 1979 1035 744 54 690
is_linear=0
shrinkage=0.05


Tree=284
num_leaves=31
num_cat=0
split_feature=28 23 37 40 40 89 83 43 17 94 48 40 106 6 106 8 48 22 28 42 23 4 105 1 116 40 38 50 43 119
split_gain=1.05735e+11 1.93294e+10 1.74439e+10 6.61836e+09 4.46367e+09 4.30194e+09 5.91923e+09 8.72197e+09 8.59136e+09 5.78915e+09 5.10672e+09 4.30765e+09 3.18675e+09 4.50597e+09 3.83673e+09 3.7219e+09 4.34109e+09 3.01397e+09 2.99128e+09 4.55942e+09 7.98041e+09 5.23128e+09 3.98424e+09 3.87534e+09 4.89849e+09 4.42914e+09 4.21579e+09 3.87233e+09 4.76353e+09 3.95097e+09
threshold=123.50000000000001 338.00000000000006 87.500000000000014 43.500000000000007 38.500000000000007 8219806.4537500003 5627809.955000001 89.500000000000014 7740984.626887179 3382011.9114045324 0.061752228418895092 26.500000000000004 2388986.5899999999 2.3160588417430898 1678937.4650000005 3406.0912988341256 0.049667415532355409 57.500000000000007 14.500000000000002 42.500000000000007 96.500000000000014 645.50000000000011 949358.06499999983 120.50000000000001 30.500000000000004 9.5000000000000018 85.500000000000014 1.0370995995995997 26.500000000000004 89.500000000000014
decision_type=2 2 2 2 2 2 2 2 2 2 2 2 2 2 2 2 2 2 2 2 2 2 2 2 2 2 2 2 2 2
left_child=1 2 3 4 5 6 7 12 10 11 -8 -7 14 -14 18 -16 -17 -11 22 20 23 -21 -1 24 -20 -25 -27 -26 29 -29
right_child=-2 -3 -4 -5 -6 9 8 -9 -10 17 -12 -13 13 -15 15 16 -18 -19 19 21 -22 -23 -24 25 27 26 -28 28 -30 -31
leaf_value=31.511555237612249 -3469.464023659446 1521.7609584263394 -1242.5870701381139 776.55672264099121 -583.15468330383305 300.84347848074776 -472.23389416164821 744.76292854309088 -1312.0339300537109 270.0074244005927 387.80306668962754 1170.558179219564 -640.95137513626457 252.58108287992934 -168.38850900209869 -61.975623203516015 833.02976597377244 -496.4329656186311 327.53492456580204 751.44445137355649 -889.67409748278169 -13.279561148598644 409.39831614176433 542.75757839805203 288.62193717956546 126.93287319607205 -610.42920853751048 -725.23239831924445 -869.49870874932481 -57.507826321654854
leaf_weight=997 22 21 28 28 32 35 45 40 20 29 28 24 43 21 26 20 42 23 30 23 38 808 75 38 20 63 28 32 47 72
leaf_count=997 22 21 28 28 32 35 45 40 20 29 28 24 43 21 26 20 42 23 30 23 38 808 75 38 20 63 28 32 47 72
internal_value=-16.7955 10.5671 -0.951975 11.7968 3.86297 10.9063 -2.3271 12.4582 -393.9 315.632 -142.357 654.626 0.369019 -347.761 9.81384 333.746 544.318 -68.9951 -2.73835 -56.9981 -203.516 7.88609 57.9495 -124.504 -261.771 89.3763 -99.9478 -365.158 -451.751 -262.962
internal_weight=2798 2776 2755 2727 2699 2667 2556 2463 93 111 73 59 2423 64 2359 88 62 52 2271 1199 368 831 1072 330 201 129 91 171 151 104
internal_count=2798 2776 2755 2727 2699 2667 2556 2463 93 111 73 59 2423 64 2359 88 62 52 2271 1199 368 831 1072 330 201 129 91 171 151 104
is_linear=0
shrinkage=0.05


Tree=285
num_leaves=31
num_cat=0
split_feature=30 0 23 33 35 100 33 52 11 25 80 3 19 16 40 44 79 120 45 24 19 51 65 52 79 34 42 23 23 23
split_gain=3.02459e+11 1.96974e+11 2.1974e+10 2.39863e+10 5.10026e+09 1.0983e+10 5.94153e+09 3.62838e+09 3.20464e+09 3.24607e+09 6.29754e+09 4.56222e+09 3.08771e+09 4.59273e+09 3.91039e+09 5.24084e+09 4.66549e+09 3.73606e+09 3.71952e+09 4.43555e+09 3.67011e+09 4.55691e+09 3.75269e+09 3.54958e+09 5.12829e+09 3.49428e+09 4.82477e+09 3.47802e+09 3.25541e+09 7.47391e+09
threshold=11.500000000000002 658.00000000000011 338.00000000000006 258.50000000000006 46.500000000000007 15837270.375000002 209.50000000000003 38381.334713900142 1103782.5650000002 1.0000000180025095e-35 1512472.5000000002 33.500000000000007 24498.883780042819 27336.502743769477 21.500000000000004 37.500000000000007 7906318.5000000009 339.50000000000006 52.500000000000007 73.500000000000014 22045.217878970172 34531.060096277288 0.098819223632317002 32563.967873718299 2056217.8000000003 36.500000000000007 34.500000000000007 66.500000000000014 51.500000000000007 57.500000000000007
decision_type=2 2 2 2 2 2 2 2 2 2 2 2 2 2 2 2 2 2 2 2 2 2 2 2 2 2 2 2 2 2
left_child=1 2 3 4 6 -6 7 8 9 10 -1 -11 13 14 15 23 17 -16 -18 -20 -15 22 -22 24 -13 26 27 -14 -26 -30
right_child=-2 -3 -4 -5 5 -7 -8 -9 -10 11 -12 12 25 20 16 -17 18 -19 19 -21 21 -23 -24 -25 28 -27 -28 -29 29 -31
leaf_value=-850.60931968688965 5288.0490166558156 -4973.9282373046881 1617.5380179087322 -1689.3696300688243 257.80722793910815 -1287.3847121528959 783.42907519531263 500.48114426071584 -585.76253874405575 689.72758496093752 34.573490736219618 242.77410887693748 -97.945718383789071 934.77648090180901 113.60017260106405 -790.09291556965218 977.2908720703125 -439.4315252865062 -284.92003440856934 550.52591624158492 423.81227035522465 720.8731842567181 -360.02135719093121 -349.30557438151044 121.37212193328419 -695.03680703299392 440.92223279616411 -721.54095066615514 -511.83180541992192 -31.425505769912434
leaf_weight=32 27 20 21 21 23 23 25 37 23 25 54 195 111 21 300 22 25 34 24 47 26 29 37 75 279 28 34 28 88 1012
leaf_count=32 27 20 21 21 23 23 25 37 23 25 54 195 111 21 300 22 25 34 24 47 26 29 37 75 279 28 34 28 88 1012
internal_value=22.1082 -30.1832 6.45067 -6.18295 7.12037 -514.789 16.3152 8.89922 1.76366 7.11327 -294.797 17.7544 10.7981 27.833 11.132 -23.471 145.601 57.3035 452.801 268.122 338.354 202.214 -36.5345 -13.2432 2.76999 -176.84 -92.9697 -223.562 -31.1682 -69.858
internal_weight=2746 2719 2699 2678 2657 46 2611 2586 2549 2526 86 2440 2415 2214 2101 1671 430 334 96 71 113 92 63 1649 1574 201 173 139 1379 1100
internal_count=2746 2719 2699 2678 2657 46 2611 2586 2549 2526 86 2440 2415 2214 2101 1671 430 334 96 71 113 92 63 1649 1574 201 173 139 1379 1100
is_linear=0
shrinkage=0.05


Tree=286
num_leaves=31
num_cat=0
split_feature=30 38 23 37 113 52 3 1 33 25 80 3 112 112 31 81 31 111 26 23 96 32 1 116 15 79 23 23 23 92
split_gain=2.7297e+11 1.7974e+11 2.28616e+10 2.32558e+10 4.03079e+09 3.22213e+09 2.9884e+09 5.2747e+09 2.9643e+09 2.71273e+09 5.82047e+09 4.1777e+09 2.70734e+09 4.31031e+09 2.61302e+09 2.39937e+09 2.27677e+09 6.804e+09 4.16814e+09 2.21412e+09 3.81671e+09 3.66721e+09 3.51402e+09 3.22365e+09 2.85956e+09 4.37601e+09 3.15227e+09 5.21248e+09 4.48104e+09 4.18996e+09
threshold=11.500000000000002 359.00000000000006 338.00000000000006 87.500000000000014 654.50000000000011 38381.334713900142 210.50000000000003 411.50000000000006 201.50000000000003 1.0000000180025095e-35 1512472.5000000002 33.500000000000007 26.500000000000004 21.000000000000004 33.500000000000007 3061269.8714285716 22.500000000000004 34.9336061808064 47.500000000000007 37.500000000000007 7419340.7350000003 20.500000000000004 68.500000000000014 37.500000000000007 31768.878725711314 4692637.2500000009 51.500000000000007 57.500000000000007 40.500000000000007 4911652.370000001
decision_type=2 2 2 2 2 2 2 2 2 2 2 2 2 2 2 2 2 2 2 2 2 2 2 2 2 2 2 2 2 2
left_child=1 2 3 4 5 6 7 8 9 10 -1 -11 13 -13 16 -12 19 -18 -19 20 21 -14 23 -21 26 -26 28 -28 -24 -29
right_child=-2 -3 -4 -5 -6 -7 -8 -9 -10 11 15 12 14 -15 -16 -17 17 18 -20 22 -22 -23 24 -25 25 -27 27 29 -30 -31
leaf_value=-808.07885532379157 5023.6466209129057 -4751.2004736328126 1690.5186163330081 -1704.8604412841796 -667.46087590997877 475.45708543932119 614.38549087524416 -770.06595902876427 585.35253073952424 655.24122314453132 -335.29818757375085 124.73848295665924 -115.2165702280372 -876.73034425215292 -542.60799909319201 330.60860713835689 1078.2266136932374 -290.87067031860352 542.60983530680346 -17.927866337217136 720.83649450231485 357.62360020228795 -347.99876970563616 -763.44860987169989 468.2815666847759 -288.4978959303636 -365.11073408647019 -408.90281754751055 269.76081637497788 7.1462644493719756
leaf_weight=32 27 20 20 20 22 37 20 22 22 25 24 21 99 22 21 31 20 40 24 29 27 70 35 29 72 26 110 63 182 1534
leaf_count=32 27 20 20 20 22 37 20 22 22 25 24 21 99 22 21 31 20 40 24 29 27 70 35 29 72 26 110 63 182 1534
internal_value=21.0028 -28.6741 6.32057 -6.25277 6.52352 12.1464 5.55318 0.833553 7.46365 2.45042 -271.917 12.1973 5.5652 -387.641 12.6664 40.0311 17.6074 273.242 21.6845 8.17268 168.825 80.6344 -6.96575 -390.688 4.04112 267.503 -9.37847 -32.1972 170.122 -9.26644
internal_weight=2746 2719 2699 2679 2659 2637 2600 2580 2558 2536 87 2449 2424 43 2381 55 2360 84 64 2276 196 169 2080 58 2022 98 1924 1707 217 1597
internal_count=2746 2719 2699 2679 2659 2637 2600 2580 2558 2536 87 2449 2424 43 2381 55 2360 84 64 2276 196 169 2080 58 2022 98 1924 1707 217 1597
is_linear=0
shrinkage=0.05


Tree=287
num_leaves=31
num_cat=0
split_feature=37 41 43 38 28 11 16 95 1 24 106 10 15 44 30 90 17 23 17 85 53 50 18 10 117 85 85 111 24 5
split_gain=2.57443e+11 1.91866e+11 5.02746e+10 2.62906e+10 4.81861e+09 6.28194e+09 3.0518e+09 3.19111e+09 6.02712e+09 5.94224e+09 3.34844e+09 3.49463e+09 6.02055e+09 3.70773e+09 2.95902e+09 3.88583e+09 3.75691e+09 4.41653e+09 4.35059e+09 4.357e+09 3.53192e+09 3.31623e+09 3.76215e+09 3.08459e+09 2.95011e+09 2.83916e+09 5.19317e+09 2.73563e+09 2.69147e+09 2.67828e+09
threshold=104.50000000000001 78.500000000000014 124.00000000000001 285.00000000000006 84.500000000000014 1141067.2100000002 31767.748721006661 3170589.6600000006 392.50000000000006 96.500000000000014 1114294.5200000003 18186.635000000002 25476.555853932587 25.500000000000004 5.5000000000000009 2802234.0101562743 6709758.6249191752 169.50000000000003 5241424.5380387809 4938518.3171428582 0.013393883553128441 1.055081990897927 22379.839669652218 18461.810000000001 568.00000000000011 1325809.5100000002 1461220.198214286 86.622133696652142 16.500000000000004 4.4115275142315005
decision_type=2 2 2 2 2 2 2 2 2 2 2 2 2 2 2 2 2 2 2 2 2 2 2 2 2 2 2 2 2 2
left_child=1 2 3 4 5 6 7 8 14 10 11 13 -13 -9 16 21 17 18 25 20 -20 -16 24 -18 27 -1 -27 29 -8 -23
right_child=-2 -3 -4 -5 -6 -7 28 9 -10 -11 -12 12 -14 -15 15 -17 23 -19 19 -21 -22 22 -24 -25 -26 26 -28 -29 -30 -31
leaf_value=433.36583545014668 5287.6410379161007 -4903.7894732666018 2289.8152015686037 -1814.8921435546877 695.62687095642093 -746.75479583740241 102.1334376525879 118.13763490874192 -839.88910605690694 982.27907354181468 -413.81961388221157 -638.15614511171987 536.45410064697262 958.28903045654306 -704.33509066581735 -705.28060676820814 919.29532043457039 -356.54363026391894 -255.0138235586661 946.04530871709198 621.63815795898438 332.76496144170346 462.88074522018434 112.14839561725485 410.93032520294196 -810.3129858398438 -0.40529113270701606 -777.69398849487311 780.93272618832805 -300.38787260211888
leaf_weight=37 23 20 24 20 25 28 40 29 22 22 26 24 20 24 20 31 20 84 27 24 20 23 32 29 20 20 1908 20 23 61
leaf_count=37 23 20 24 20 25 28 40 29 22 22 26 24 20 24 20 31 20 84 27 24 20 23 32 29 20 20 1908 20 23 61
internal_value=19.9527 -24.5412 11.5612 -8.84865 4.73573 -1.8217 6.18218 -2.33426 -16.1072 225.442 90.0728 225.137 -104.242 498.584 -8.47961 -189.099 8.75795 -1.24632 13.4123 397.922 118.03 -98.181 -20.4689 441.596 -145.204 -0.480926 -8.80682 -252.153 349.949 -127.025
internal_weight=2746 2723 2703 2679 2659 2634 2606 2543 2398 145 123 97 44 53 2376 207 2169 2120 2036 71 47 176 156 49 124 1965 1928 104 63 84
internal_count=2746 2723 2703 2679 2659 2634 2606 2543 2398 145 123 97 44 53 2376 207 2169 2120 2036 71 47 176 156 49 124 1965 1928 104 63 84
is_linear=0
shrinkage=0.05


Tree=288
num_leaves=31
num_cat=0
split_feature=30 0 23 33 35 100 27 51 116 45 107 48 101 20 32 39 45 6 32 1 19 16 117 112 23 23 64 17 15 12
split_gain=2.46854e+11 1.66053e+11 1.81528e+10 2.08724e+10 4.35216e+09 9.30793e+09 5.57908e+09 2.82696e+09 3.05373e+09 2.7569e+09 3.04275e+09 5.73912e+09 6.3552e+09 2.57038e+09 4.15951e+09 3.32245e+09 2.8155e+09 2.53144e+09 5.13569e+09 3.15361e+09 3.0618e+09 6.58401e+09 3.9544e+09 3.3867e+09 3.27819e+09 7.26433e+09 4.87196e+09 4.2314e+09 4.15326e+09 8.81214e+09
threshold=11.500000000000002 658.00000000000011 338.00000000000006 258.50000000000006 46.500000000000007 15837270.375000002 140.50000000000003 37512.939485294126 26.500000000000004 86.500000000000014 355.50000000000006 0.059718002905824866 4934608.065416147 1.0000000180025095e-35 8.5000000000000018 11.500000000000002 8.5000000000000018 2.1323096606164302 32.500000000000007 75.500000000000014 22909.847746795826 26548.727859266251 102.00000000000001 31.500000000000004 51.500000000000007 58.500000000000007 1.0000000180025095e-35 2017899.7376241907 19121.524541041799 1682.6857778042204
decision_type=2 2 2 2 2 2 2 2 2 2 2 2 2 2 2 2 2 2 2 2 2 2 2 2 2 2 2 2 2 2
left_child=1 2 3 4 6 -6 7 9 -9 10 13 12 -12 15 -15 -1 -16 18 19 -18 21 22 -19 -24 27 -26 -27 -25 -28 -30
right_child=-2 -3 -4 -5 5 -7 -8 8 -10 -11 11 -13 -14 14 16 -17 17 20 -20 -21 -22 -23 23 24 25 26 28 -29 29 -31
leaf_value=-800.72110450051059 4776.2734004267941 -4567.4458496093748 1469.671916471209 -1576.2680373418898 235.40408510954487 -1187.0809002420178 846.66251647949218 6.7803018569946296 822.32453412142661 429.7773355432459 -84.802577174793598 314.21323519620029 -1300.8422665550597 731.13394470214848 -340.11364569413035 -69.783481468344633 305.85388061523435 649.7612105051677 809.132377726237 -504.70288436889655 -129.12159146077215 496.75079687980764 -552.08051945368459 41.624551176081951 -419.27844138512251 104.22915211445451 -323.68820560079229 481.70455351238007 -112.29746859913142 437.30188650651411
leaf_weight=22 27 20 21 21 23 23 20 24 22 37 22 22 21 20 57 53 30 24 30 20 354 73 27 177 104 717 142 79 426 88
leaf_count=22 27 20 21 21 23 23 20 24 22 37 22 22 21 20 57 53 30 24 30 20 354 73 27 177 104 717 142 79 426 88
internal_value=18.955 -28.2857 5.35013 -6.1326 6.2772 -475.838 14.771 8.34961 396.823 1.32809 -4.99274 -342.625 -678.682 3.99053 13.1179 -284.192 7.00195 15.6382 291.944 -18.3688 5.64067 31.3304 12.2857 3.59289 12.2502 -16.3795 14.1387 177.43 -84.3291 -18.2026
internal_weight=2746 2719 2699 2678 2657 46 2611 2591 46 2545 2508 65 43 2443 2368 75 2348 2291 80 50 2211 1857 1784 1760 1733 1477 1373 256 656 514
internal_count=2746 2719 2699 2678 2657 46 2611 2591 46 2545 2508 65 43 2443 2368 75 2348 2291 80 50 2211 1857 1784 1760 1733 1477 1373 256 656 514
is_linear=0
shrinkage=0.05


Tree=289
num_leaves=31
num_cat=0
split_feature=37 41 43 38 3 39 16 116 97 17 44 42 23 97 97 119 23 32 11 17 14 122 109 10 52 103 58 42 23 0
split_gain=2.38512e+11 1.70305e+11 4.49959e+10 2.46816e+10 4.2476e+09 6.2405e+09 2.64639e+09 2.78129e+09 2.5283e+09 2.5148e+09 2.80052e+09 4.17881e+09 5.43289e+09 3.96524e+09 3.63153e+09 3.39824e+09 2.80686e+09 4.02242e+09 3.39162e+09 3.0939e+09 4.44872e+09 3.3018e+09 3.1686e+09 3.31463e+09 4.76609e+09 4.38277e+09 3.65242e+09 3.59131e+09 2.7215e+09 6.55991e+09
threshold=104.50000000000001 78.500000000000014 124.00000000000001 285.00000000000006 206.50000000000003 66.500000000000014 31767.748721006661 28.500000000000004 2834745.4356438359 8005303.6203494826 37.500000000000007 103.50000000000001 207.50000000000003 4684866.1015899675 5176960.7574931523 250.50000000000003 196.50000000000003 90.500000000000014 892312.70000000007 5918992.0314961793 5664708.4600000009 52.029523968983057 431.50000000000006 11922.965000000002 14941.402769119248 95671.775000000387 340.50000000000006 36.500000000000007 93.500000000000014 171.50000000000003
decision_type=2 2 2 2 2 2 2 2 2 2 2 2 2 2 2 2 2 2 2 2 2 2 2 2 2 2 2 2 2 2
left_child=1 2 3 4 5 6 8 -8 -1 10 11 12 16 -12 -15 -13 17 18 19 20 22 -21 23 24 26 27 -10 -26 -25 -30
right_child=-2 -3 -4 -5 -6 -7 7 -9 9 -11 13 15 -14 14 -16 -17 -18 -19 -20 21 -22 -23 -24 28 25 -27 -28 -29 29 -31
leaf_value=447.65674458165324 5088.3182450004251 -4621.7471115112303 2164.5250305175782 -1760.0192590332031 711.33668532598585 -630.379005471254 -0.046779727935791021 664.47257808562244 -592.60061080367484 414.17855259486606 177.05243194103241 12.304117202758789 -658.55937690734868 -918.39041200835129 -161.78130414690293 846.64741938664361 514.02082096980166 -461.30042777508498 619.06661099520602 -873.19053664434523 238.55873885880348 13.456107584635417 -644.66000549316414 7.3289842346037162 -276.12996657799033 805.79119377136237 298.8806406593323 450.90338685570697 -445.54514797579861 -27.258297509203359
leaf_weight=31 23 20 24 20 21 39 32 31 27 35 32 23 32 29 35 26 26 48 22 21 184 21 20 1286 29 40 20 41 124 384
leaf_count=31 23 20 24 20 21 39 32 31 27 35 32 23 32 29 35 26 26 48 22 21 184 21 20 1286 29 40 20 41 124 384
internal_value=18.0073 -24.8195 9.19407 -10.1146 3.04752 -2.59087 6.82958 326.939 -1.12267 -6.67642 -12.64 -1.93374 -11.5641 -277.396 -504.62 455.017 -2.53494 -8.45927 1.3363 -4.84944 3.43397 -429.867 -18.5158 -12.0971 208.206 388.281 -213.247 149.704 -31.3767 -129.36
internal_weight=2746 2723 2703 2679 2659 2638 2599 63 2536 2505 2470 2374 2325 96 64 49 2293 2267 2219 2197 2155 42 1971 1951 157 110 47 70 1794 508
internal_count=2746 2723 2703 2679 2659 2638 2599 63 2536 2505 2470 2374 2325 96 64 49 2293 2267 2219 2197 2155 42 1971 1951 157 110 47 70 1794 508
is_linear=0
shrinkage=0.05


Tree=290
num_leaves=31
num_cat=0
split_feature=45 26 41 38 21 14 22 18 17 22 15 95 92 82 78 89 23 14 45 11 58 86 42 40 2 33 91 85 77 28
split_gain=2.41064e+11 7.77887e+10 2.54356e+10 2.26445e+10 2.93677e+09 8.08806e+09 4.40286e+09 2.863e+09 7.02709e+09 3.25782e+09 2.75325e+09 2.49068e+09 4.52792e+09 5.42275e+09 4.51195e+09 3.71511e+09 3.28786e+09 9.91329e+09 4.83938e+09 5.05834e+09 5.05222e+09 6.90128e+09 4.68162e+09 3.81566e+09 3.51247e+09 5.79323e+09 5.57747e+09 5.52813e+09 4.9183e+09 5.55829e+09
threshold=134.50000000000003 67.500000000000014 77.500000000000014 288.50000000000006 1.0000000180025095e-35 2056000.8950000003 6.5000000000000009 28452.055141417368 2924027.9283717405 12.500000000000002 32661.83222943723 3170589.6600000006 13934953.805000002 1599779.9312161999 11006738.980000002 8247612.6489285724 93.500000000000014 4341257.7400000012 30.500000000000004 21725.000000000004 274.50000000000006 1338500.3537581817 82.500000000000014 16.500000000000004 118.50000000000001 75.500000000000014 1762284.8200000003 3492515.2067857147 3435976.0100000002 12.500000000000002
decision_type=2 2 2 2 2 2 2 2 2 2 2 2 2 2 2 2 2 2 2 2 2 2 2 2 2 2 2 2 2 2
left_child=1 2 3 4 5 -1 -6 10 9 -9 11 16 13 -13 15 -14 17 24 19 -18 -20 22 -22 -21 28 27 -27 -26 -8 -30
right_child=-2 -3 -4 -5 6 -7 7 8 -10 -11 -12 12 14 -15 -16 -17 18 -19 20 23 21 -23 -24 -25 25 26 -28 -29 29 -31
leaf_value=-1131.9640060424806 5351.7308698381703 -2438.6720777107007 1659.2538860818615 -1425.0819575718472 715.06617750688031 290.01214431762696 44.817268737539131 -412.82448029694734 -965.48664715106679 305.49362327174134 313.10139406331382 75.440351562499998 -278.31974365234373 1239.7807769775391 -642.49419197082523 392.73630805738048 -854.42178536439553 829.51677277393833 -7.4092130332068056 237.47032032012942 -578.27487792968748 -1209.885005405971 434.39405143374489 -642.9025949096681 25.973529164112399 149.40292631856514 -447.14179983956478 456.86275501836303 -11.241132672201068 -466.38885314816338
leaf_weight=20 21 33 23 28 22 20 541 27 26 38 75 20 30 20 20 66 39 39 827 32 25 21 21 20 137 89 70 163 149 122
leaf_count=20 21 33 23 28 22 20 541 27 26 38 75 20 30 20 20 66 39 39 827 32 25 21 21 20 137 89 70 163 149 122
internal_value=14.9163 -25.6458 3.52263 -10.5453 4.23898 -420.976 10.6841 4.76263 -270.771 7.11533 14.6888 5.55747 198.882 657.611 40.6993 183.031 -7.58352 44.3106 -76.6001 -423.972 -41.2412 -458.839 -115.969 -101.135 20.2169 130.771 -113.227 260.09 -42.2761 -216.142
internal_weight=2784 2763 2730 2707 2679 40 2639 2617 91 65 2526 2451 156 40 116 96 2295 1310 985 91 894 67 46 52 1271 459 159 300 812 271
internal_count=2784 2763 2730 2707 2679 40 2639 2617 91 65 2526 2451 156 40 116 96 2295 1310 985 91 894 67 46 52 1271 459 159 300 812 271
is_linear=0
shrinkage=0.05


Tree=291
num_leaves=31
num_cat=0
split_feature=30 3 11 44 95 24 24 17 11 30 50 44 10 14 120 23 14 47 34 12 53 52 14 48 86 9 113 78 76 64
split_gain=2.32004e+11 1.25986e+11 2.19149e+10 1.32682e+10 4.76753e+09 6.16617e+09 4.8528e+09 4.63374e+09 1.40402e+10 4.54375e+09 3.27875e+09 3.19027e+09 7.19215e+09 5.55697e+09 2.51449e+09 3.17903e+09 8.82089e+09 5.5576e+09 4.2634e+09 5.02922e+09 7.28112e+09 7.74493e+09 6.98049e+09 7.16836e+09 5.1941e+09 4.33367e+09 3.97712e+09 3.86743e+09 3.61667e+09 4.63486e+09
threshold=12.500000000000002 232.50000000000003 1449782.5200000003 60.500000000000007 3170589.6600000006 99.500000000000014 61.500000000000007 8298934.6693056589 52431.130000000012 2.5000000000000004 1.0781460579514828 2.5000000000000004 18491.150000000005 853742.67500000016 490.00000000000006 93.500000000000014 4341257.7400000012 0.28614982578397213 112.50000000000001 113.9989686766974 0.0095192462192869379 20200.873891227089 4315459.120000001 0.03189947579401789 1036798.8676579379 708.6450000000001 245.50000000000003 2393654.0000000005 4758971.0650000004 1.0000000180025095e-35
decision_type=2 2 2 2 2 2 2 2 2 2 2 2 2 2 2 2 2 2 2 2 2 2 2 2 2 2 2 2 2 2
left_child=1 2 3 4 7 6 9 11 -9 -6 -8 12 -1 -13 15 16 -15 -17 19 22 -21 24 26 -24 -22 28 -19 -25 -23 -30
right_child=-2 -3 -4 -5 5 -7 10 8 -10 -11 -12 13 -14 14 -16 17 -18 18 -20 20 21 25 23 27 -26 -27 -28 -29 29 -31
leaf_value=-1057.3976421702992 5379.9981372070315 -3631.5436721801761 1655.9884722900392 -1175.618144861857 -90.772546005249026 979.25522378774792 -510.69050488471987 210.43826567551187 -1511.5931613159182 869.9295619010926 168.33442495346071 747.57929037475594 252.68188892364503 17.175669529670831 453.22556091308599 -903.03897094726562 728.34897555881082 -1188.2066487630209 -618.82171764951772 771.30841849190847 -901.10938546316959 70.445230518687865 -895.65866816594053 539.22495922512485 -133.10610009350825 -410.17920669029502 -246.00237223307292 -81.525268336014008 149.66088831465819 806.56402091598511
leaf_weight=22 20 24 20 24 20 26 32 29 20 32 40 25 20 1403 30 20 45 24 33 35 28 143 26 27 103 29 21 355 58 50
leaf_count=22 20 24 20 24 20 26 32 29 20 32 40 25 20 1403 30 20 45 24 33 35 28 143 26 27 103 29 21 355 58 50
internal_value=14.1705 -24.6561 6.93711 -5.18827 5.23099 279.161 132.368 -10.9079 -492.432 500.429 -133.454 -1.45868 -433.55 5.93352 -1.69658 -7.3831 39.277 -78.3536 -60.6565 -40.1677 79.0175 20.0633 -157.511 -92.3273 -297.259 168.525 -748.511 -37.6503 235.387 453.783
internal_weight=2784 2764 2740 2720 2696 150 124 2546 49 52 72 2497 42 2455 2430 2400 1448 952 932 899 446 411 453 408 131 280 45 382 251 108
internal_count=2784 2764 2740 2720 2696 150 124 2546 49 52 72 2497 42 2455 2430 2400 1448 952 932 899 446 411 453 408 131 280 45 382 251 108
is_linear=0
shrinkage=0.05


Tree=292
num_leaves=31
num_cat=0
split_feature=37 26 3 37 36 30 95 19 5 10 39 16 7 64 48 37 37 28 18 20 104 56 115 28 114 110 123 34 81 106
split_gain=2.14095e+11 1.36473e+11 2.95109e+10 2.36073e+10 6.28686e+09 7.02098e+09 2.90735e+09 4.02707e+09 6.20688e+09 4.81833e+09 3.43216e+09 2.7773e+09 2.62626e+09 5.91058e+09 4.35452e+09 3.18378e+09 2.39944e+09 2.6252e+09 4.70292e+09 3.48567e+09 3.61245e+09 5.38006e+09 4.76769e+09 4.07421e+09 6.17258e+09 4.30726e+09 4.54316e+09 3.33471e+09 3.27979e+09 3.17657e+09
threshold=103.50000000000001 76.500000000000014 224.50000000000003 87.500000000000014 28.500000000000004 10.500000000000002 3170589.6600000006 18097.343050627434 4.4264135886912914 18186.635000000002 67.500000000000014 22677.058818367947 7506.9542138501756 -0.22252093395631442 0.06030057413036137 3.5000000000000004 4.5000000000000009 10.500000000000002 28100.753152828747 4.5000000000000009 1372202.5050000001 12.500000000000002 65.365799445302954 34.500000000000007 244.32142857142858 206.6428571428572 176.50000000000003 112.50000000000001 4520410.1400000006 -2029482.0600000001
decision_type=2 2 2 2 2 2 2 2 2 2 2 2 2 2 2 2 2 2 2 2 2 2 2 2 2 2 2 2 2 2
left_child=1 2 3 4 5 6 10 9 -9 -8 12 -10 15 14 -14 -1 -17 29 19 20 23 -22 -23 25 -25 28 -27 -21 -19 -18
right_child=-2 -3 -4 -5 -6 -7 7 8 11 -11 -12 -13 13 -15 -16 16 17 18 -20 27 21 22 -24 24 -26 26 -28 -29 -30 -31
leaf_value=605.49463445490062 5168.0318185424803 -4139.1386169433599 1789.6452190896741 -1604.0096838909649 810.32126820882161 -913.19057675316219 912.09218087332601 -523.62746833352492 -20.9348064884995 -60.768386840820312 -579.89514512282153 622.9711122400621 -1202.0444607689267 185.46180454799108 -171.16554809570312 -518.52478831898077 -433.64822771990742 -131.18052075383582 -645.48530069986987 55.537336323436605 785.06522748028794 467.85073997860866 -536.65693023116501 -1260.0103840255738 -81.523809387207038 402.83815880639213 -371.17627129187952 -497.36853188105988 -591.47702122178191 121.31707234124656
leaf_weight=22 20 20 23 23 24 21 35 34 33 20 26 34 21 35 20 22 27 387 30 1047 27 21 27 20 25 70 26 28 43 573
leaf_count=22 20 20 23 23 24 21 35 34 33 20 26 34 21 35 20 22 27 387 30 1047 27 21 27 20 25 70 26 28 43 573
internal_value=13.4619 -23.836 6.15896 -8.91644 4.68146 -2.54941 4.65883 214.069 26.6023 558.325 -8.42404 305.823 -2.41099 -291.777 -699.177 6.77141 1.22067 6.0843 -24.8441 -14.0252 -105.818 220.425 -97.1848 -148.67 -605.296 -109.605 193.209 41.1361 -177.21 96.3436
internal_weight=2784 2764 2744 2721 2698 2674 2653 156 101 55 2497 67 2471 76 41 2395 2373 2351 1751 1721 646 75 48 571 45 526 96 1075 430 600
internal_count=2784 2764 2744 2721 2698 2674 2653 156 101 55 2497 67 2471 76 41 2395 2373 2351 1751 1721 646 75 48 571 45 526 96 1075 430 600
is_linear=0
shrinkage=0.05


Tree=293
num_leaves=31
num_cat=0
split_feature=45 32 44 40 4 11 42 1 16 106 17 6 83 120 6 6 7 23 14 48 8 91 15 103 48 35 17 21 105 44
split_gain=2.25166e+11 7.90189e+10 9.68176e+09 1.18924e+10 4.40375e+09 8.41652e+09 2.93291e+09 3.20957e+09 9.43643e+09 2.83948e+09 4.16401e+09 3.98189e+09 3.80432e+09 2.78189e+09 4.46503e+09 2.60066e+09 4.73095e+09 6.87763e+09 3.81123e+09 3.77008e+09 3.68254e+09 3.9953e+09 3.41264e+09 3.34132e+09 3.89601e+09 3.51822e+09 3.1782e+09 5.5432e+09 3.18765e+09 4.65773e+09
threshold=134.50000000000003 174.50000000000003 62.500000000000007 46.500000000000007 2140.5000000000005 54825.340000000004 125.50000000000001 366.50000000000006 17663.000484713051 2388986.5899999999 7604026.5977076003 2.3096839928842137 4123490.3100000005 34.500000000000007 2.2872925143938203 2.2755908352716809 7506.9542138501756 23.500000000000004 1256998.405 0.053261601501497204 3225.3905137304937 1153314.2000000004 16737.377824317497 696738.49000000011 0.041600106496272639 24.500000000000004 6585881.3140773894 22.500000000000004 -729570.49999999965 32.500000000000007
decision_type=2 2 2 2 2 2 2 2 2 2 2 2 2 2 2 2 2 2 2 2 2 2 2 2 2 2 2 2 2 2
left_child=1 2 3 4 6 -6 7 9 -9 10 13 12 -11 14 -1 16 17 -15 -19 20 21 -20 -23 25 -25 -22 27 28 -17 -30
right_child=-2 -3 -4 -5 5 -7 -8 8 -10 11 -12 -13 -14 15 -16 26 -18 18 19 -21 23 22 -24 24 -26 -27 -28 -29 29 -31
leaf_value=-915.43457467215399 5170.6309198288691 -3157.8445977783203 -1099.6629370117187 1219.226117553711 200.03081020355228 -1250.5311749267578 494.88804667154949 -1234.9528295898438 197.9799262152778 -995.42390551757819 699.24377940784802 185.44153355189735 -123.14899748229981 760.59661597174568 56.666030205620658 -135.73314958740684 -579.25741396303533 -479.31169335149957 -114.41637855529785 -7.3207082150091658 133.23696542084218 360.51380282315341 1118.4834780092594 -511.66446174621581 205.31291291978624 648.81371706912398 -486.98703464817356 654.76804656982426 1.0042944060834491 574.99866173202929
leaf_weight=21 21 20 20 20 20 20 30 20 27 25 22 28 25 37 27 476 27 31 20 524 256 33 27 40 36 38 37 30 789 37
leaf_count=21 21 20 20 20 20 20 30 20 27 25 22 28 25 37 27 476 27 31 20 524 256 33 27 40 36 38 37 30 789 37
internal_value=12.7889 -26.413 -3.58082 4.46973 -4.51848 -525.25 3.30325 -2.29779 -411.779 5.14443 14.3842 -291.948 -559.286 8.32345 -368.628 15.745 74.1846 91.1164 66.4689 83.8397 189.991 497.596 701.6 123.482 -172.044 199.876 -29.8883 -17.1911 -32.6741 26.7159
internal_weight=2784 2763 2743 2723 2703 40 2663 2633 47 2586 2508 78 50 2486 48 2438 1069 1042 1005 974 450 80 60 370 76 294 1369 1332 1302 826
internal_count=2784 2763 2743 2723 2703 40 2663 2633 47 2586 2508 78 50 2486 48 2438 1069 1042 1005 974 450 80 60 370 76 294 1369 1332 1302 826
is_linear=0
shrinkage=0.05


Tree=294
num_leaves=31
num_cat=0
split_feature=30 3 44 40 21 14 24 16 19 9 38 103 107 8 97 98 63 29 108 105 98 19 27 51 94 105 16 126 110 16
split_gain=2.11946e+11 1.23035e+11 2.00259e+10 3.71762e+10 2.53772e+09 7.20138e+09 2.98411e+09 2.51925e+09 7.94148e+09 6.0347e+09 5.58064e+09 9.16046e+09 5.28912e+09 4.63144e+09 4.53321e+09 4.51058e+09 4.70092e+09 3.22331e+09 6.97718e+09 3.1975e+09 3.84855e+09 5.1872e+09 6.50649e+09 4.71011e+09 4.12575e+09 3.88139e+09 5.84452e+09 4.41209e+09 4.27067e+09 3.81844e+09
threshold=12.500000000000002 232.50000000000003 65.500000000000014 46.500000000000007 1.0000000180025095e-35 2056000.8950000003 5.5000000000000009 21271.429491488005 18097.343050627434 663.07000000000005 220.50000000000003 868580.94499999995 399.00000000000006 3535.1997963770705 5157201.2333835624 3159575.0674600666 0.6078576107927941 1.5000000000000002 127.50000000000001 4387777.3250000002 2244359.1759890136 24209.69896816841 26.500000000000004 33814.243685200672 2941318.4181176652 802561.61499999987 23527.907656939791 49.081806858475531 95.642857142857153 24265.666430170331
decision_type=2 2 2 2 2 2 2 2 2 2 2 2 2 2 2 2 2 2 2 2 2 2 2 2 2 2 2 2 2 2
left_child=1 2 3 4 5 -1 -6 10 13 15 12 14 17 -9 -12 16 -10 18 -8 20 21 25 -23 -24 -22 26 -11 -27 -28 -26
right_child=-2 -3 -4 -5 6 -7 7 8 9 19 11 -13 -14 -15 -16 -17 -18 -19 -20 -21 24 22 23 -25 29 27 28 -29 -30 -31
leaf_value=-1064.7351762390138 5140.7875073242194 -3589.3458292643227 -1531.8451097215925 2065.1832902388137 615.83771972656257 277.03462707519532 -1116.0028804234096 961.92095394134526 274.03068374848704 -239.14243205080754 -426.53175455729172 251.07093842605065 784.51036834716797 248.90209105286419 -1381.7712708846384 -270.16791330973308 1029.5289643386316 -18.606809271300605 131.95808779398601 589.93459995814726 -177.71108841415452 43.266803550720219 -1040.061945368449 -63.723999895368308 11.768884057090396 189.26846022495005 -17.559661948162578 1004.770947152597 437.74726084358673 751.74030040394177
leaf_weight=20 20 24 21 22 20 20 21 32 71 93 27 29 20 79 23 24 29 1090 24 21 506 112 30 21 84 43 92 27 117 22
leaf_count=20 20 24 21 22 20 20 21 32 71 93 27 29 20 79 23 24 29 1090 24 21 506 112 30 21 84 43 92 27 117 22
internal_value=12.1494 -24.9609 6.26003 18.1395 1.44131 -393.85 7.39225 2.77758 48.6107 13.7431 -49.3325 -455.899 -21.5241 454.457 -865.942 345.391 493.125 -35.7273 -450.424 -21.4661 -32.66 65.297 -169.903 -638.04 -118.292 168.355 90.5983 503.819 237.325 165.348
internal_weight=2784 2764 2740 2719 2697 40 2657 2637 1403 1292 1234 79 1155 111 50 124 100 1135 45 1168 1147 535 163 51 612 372 302 70 209 106
internal_count=2784 2764 2740 2719 2697 40 2657 2637 1403 1292 1234 79 1155 111 50 124 100 1135 45 1168 1147 535 163 51 612 372 302 70 209 106
is_linear=0
shrinkage=0.05


Tree=295
num_leaves=31
num_cat=0
split_feature=41 44 40 30 20 1 104 105 122 103 101 119 16 53 19 82 50 19 9 9 16 104 76 87 43 14 82 80 92 13
split_gain=4.30683e+11 9.75403e+10 3.1507e+10 1.59553e+10 7.20449e+09 5.61225e+09 3.93252e+09 7.72753e+09 5.04328e+09 5.98813e+09 4.36925e+09 4.75437e+09 3.95969e+09 6.41356e+09 5.60304e+09 5.18478e+09 5.10737e+09 4.74154e+09 4.25779e+09 5.54287e+09 3.99699e+09 5.57861e+09 4.32275e+09 5.2329e+09 4.19197e+09 7.18033e+09 3.84523e+09 4.74287e+09 3.79907e+09 3.76784e+09
threshold=85.500000000000014 64.500000000000014 47.500000000000007 10.500000000000002 20.500000000000004 431.50000000000006 -382797.90999999986 1912920.7350000006 59.988093992494399 957023.57499999984 4325079.6711195121 216.50000000000003 21271.429491488005 0.030835942859864962 18713.065106150632 1218720.4123454245 1.0870680044593091 20763.956828432329 686.08000000000015 694.06500000000017 22406.573222025025 840925.95999999985 3763238.0600000005 3159963.5200000005 27.500000000000004 4315459.120000001 707421.83548050886 3378391.1250000005 14378989.640000002 2890.9589910388395
decision_type=2 2 2 2 2 2 2 2 2 2 2 2 2 2 2 2 2 2 2 2 2 2 2 2 2 2 2 2 2 2
left_child=1 2 3 4 5 6 7 10 12 -10 11 -1 15 14 18 -8 -17 -15 -14 -20 21 -16 24 -24 -22 26 27 -26 -25 -19
right_child=-2 -3 -4 -5 -6 -7 8 -9 9 -11 -12 -13 13 17 20 16 -18 29 19 -21 22 -23 23 28 25 -27 -28 -29 -30 -31
leaf_value=-1038.9743291219077 6986.9473269375885 -2872.3405533854166 1837.1919657831609 -1208.6349051339287 693.72432577345114 -852.82601993560786 -47.785708085092011 -1074.5379650878906 178.11215805148487 1095.445198364258 -48.612556644606464 -53.741211547851563 -48.84001304919903 1051.2516686757406 24.421819272248641 -1143.2378369418059 -159.72115936279297 -23.111819274902345 1253.5107904052736 304.99507089871082 25.214188384313655 -1117.3732098388671 473.58381224545565 -321.20274974476206 -744.78100216773248 84.782145242130071 -1026.2298674121048 202.85779695925507 394.26078927176343 653.29288949148997
leaf_weight=24 22 30 23 28 36 20 658 20 161 20 732 25 52 24 23 22 33 50 20 67 274 20 88 55 31 68 33 23 28 35
leaf_count=24 22 30 23 28 36 20 658 20 161 20 732 25 52 24 23 22 33 50 20 67 274 20 88 55 31 68 33 23 28 35
internal_value=19.2325 -37.0619 -5.47696 -21.3501 -8.76726 -18.4717 -12.0188 -104.063 29.2848 279.475 -79.2104 -536.304 1.05265 71.3283 21.2452 -86.7672 -553.128 430.639 309.102 523.045 -40.982 -506.646 -7.60945 204.962 -92.3408 -300.148 -601.012 -341.157 -79.8416 255.408
internal_weight=2745 2723 2693 2670 2642 2606 2586 801 1785 181 781 49 1604 891 782 713 55 109 139 87 643 43 600 171 429 155 87 54 83 85
internal_count=2745 2723 2693 2670 2642 2606 2586 801 1785 181 781 49 1604 891 782 713 55 109 139 87 643 43 600 171 429 155 87 54 83 85
is_linear=0
shrinkage=0.05


Tree=296
num_leaves=31
num_cat=0
split_feature=45 27 27 27 38 15 23 0 11 45 27 111 80 19 16 16 75 79 19 16 117 7 7 51 103 96 19 63 47 7
split_gain=4.03816e+11 1.12002e+11 1.25277e+10 2.26853e+10 9.37847e+09 3.66759e+09 1.00884e+10 5.27064e+09 4.83017e+09 5.43047e+09 4.13672e+09 4.09283e+09 7.31877e+09 5.09612e+09 5.4022e+09 5.39206e+09 6.14202e+09 4.95419e+09 4.14948e+09 3.85002e+09 3.99169e+09 3.65921e+09 4.10552e+09 4.79188e+09 3.87541e+09 8.00971e+09 3.46278e+09 3.41326e+09 3.39438e+09 3.33061e+09
threshold=134.50000000000003 181.50000000000003 162.50000000000003 149.50000000000003 272.50000000000006 24015.979403074711 250.50000000000003 395.50000000000006 39525.000000000007 39.500000000000007 25.500000000000004 88.997458434857279 1222225.5950000002 23539.798156603883 28163.375243097704 26548.727859266251 1933233.7500000002 2817553.1850000001 19392.754611090542 23043.721251437728 301.50000000000006 5827.3175796387522 5531.5301296414864 23485.560045601316 -1562534.2549999997 8203614.8550000014 25938.114129091115 1.0000000180025095e-35 0.98151564848981832 5607.2800051449158
decision_type=2 2 2 2 2 2 2 2 2 2 2 2 2 2 2 2 2 2 2 2 2 2 2 2 2 2 2 2 2 2
left_child=1 2 3 4 5 6 21 8 11 10 -10 12 28 15 -15 18 -17 -13 29 -20 -21 22 24 -24 25 -1 -16 -27 -7 -14
right_child=-2 -3 -4 -5 -6 7 -8 -9 9 -11 -12 17 13 14 26 16 -18 -19 19 20 -22 -23 23 -25 -26 27 -28 -29 -30 -31
leaf_value=-1177.2556143719219 6765.151120827416 -3673.6442545572918 1180.311406360973 -1695.3717143249514 905.13654033115927 1111.8613696289065 -1182.5001873779297 856.34996017456058 409.92653508127472 910.24917125701904 -93.855230582632672 -1019.1351165771484 535.90962747335436 -749.88076186761634 147.46892539010921 -264.97366145207337 629.9687314177213 -133.4642255859375 -563.77717341468451 -217.09042254753831 160.52877074584961 -455.6921271571407 929.08601339588995 45.182799961255945 -32.601460288915192 163.76532773104583 -351.76773435368261 -577.50619684855144 281.50951795578004 57.002648807052005
leaf_weight=23 22 21 22 20 28 20 20 20 81 28 82 20 48 41 71 26 73 75 42 159 125 54 23 46 1238 44 68 24 32 149
leaf_count=23 22 21 22 20 28 20 20 20 81 28 82 20 48 41 71 26 73 75 42 159 125 54 23 46 1238 44 68 24 32 149
internal_value=18.2709 -36.2394 -7.96939 -17.7239 -5.11004 -14.7935 -67.1888 51.6943 37.5776 266.989 156.49 -8.59481 26.0375 -11.2338 -245.528 56.5684 394.933 -319.921 -7.48158 -116.963 -50.8848 -51.8264 -36.2264 339.817 -55.7502 -370.674 -96.762 -97.8599 600.876 173.691
internal_weight=2745 2723 2702 2680 2660 2632 1472 1160 1140 191 163 949 854 802 180 622 99 95 523 326 284 1452 1398 69 1329 91 139 68 52 197
internal_count=2745 2723 2702 2680 2660 2632 1472 1160 1140 191 163 949 854 802 180 622 99 95 523 326 284 1452 1398 69 1329 91 139 68 52 197
is_linear=0
shrinkage=0.05


Tree=297
num_leaves=31
num_cat=0
split_feature=39 26 36 27 123 38 104 17 101 21 108 16 19 53 15 8 98 9 19 107 78 19 5 109 40 8 6 16 52 58
split_gain=3.93344e+11 1.27306e+11 5.12021e+10 2.11246e+10 3.95824e+10 7.56878e+09 3.02226e+09 4.77685e+09 4.51785e+09 4.01461e+09 3.73582e+09 3.58128e+09 4.90262e+09 5.31699e+09 4.37751e+09 6.35636e+09 9.72587e+09 4.27154e+09 3.46854e+09 3.57157e+09 4.93215e+09 6.47849e+09 3.3934e+09 3.77564e+09 6.49701e+09 3.95949e+09 3.37028e+09 3.27268e+09 3.21703e+09 5.70579e+09
threshold=102.00000000000001 76.500000000000014 30.500000000000004 147.00000000000003 230.50000000000003 267.50000000000006 -382797.90999999986 6368300.6096897433 4325079.6711195121 22.500000000000004 220.50000000000003 21314.141396495055 18590.09350422792 0.041296446052641815 22770.399227268241 3653.9800483978329 2684449.2898127618 678.87000000000012 18129.904899232544 250.50000000000003 5302518.9700000016 17406.031309963018 4.6300183150183161 324.50000000000006 21.500000000000004 2394.7956108174444 2.2666942756204524 22623.937231624634 27992.167046648883 162.50000000000003
decision_type=2 2 2 2 2 2 2 2 2 2 2 2 2 2 2 2 2 2 2 2 2 2 2 2 2 2 2 2 2 2
left_child=1 2 3 5 -5 6 7 8 10 11 -1 14 27 28 22 16 -16 -15 19 20 21 -10 23 25 -25 -8 -17 -13 29 -14
right_child=-2 -3 -4 4 -6 -7 9 -9 18 -11 -12 12 13 17 15 26 -18 -19 -20 -21 -22 -23 -24 24 -26 -27 -28 -29 -30 -31
leaf_value=-982.65571797688813 7003.7582751464843 -3822.0323652787647 2399.2160100763494 -2685.3549355643136 259.2048974609375 879.61818348566692 408.76144442350972 -836.97777390252986 -25.750554968386282 336.52485596961583 -117.57721760823176 228.50045482347596 74.515705343393179 797.92223609718121 -1451.9679730224609 519.33960332455842 -200.71773294588417 103.0999374112216 -106.28397027850151 773.03250579833991 -482.58538480816469 716.47060483296718 214.90236333421441 -1188.8428747558594 -70.310888176995363 -78.008443649627353 -368.14024291992189 845.11392726898202 41.797450846026983 -488.53636312591902
leaf_weight=24 20 22 22 21 25 24 46 21 98 97 26 106 91 37 25 23 41 55 544 20 33 42 121 20 37 455 20 27 513 89
leaf_count=24 20 22 22 21 25 24 46 21 98 97 26 106 91 37 25 23 41 55 544 20 33 42 121 20 37 455 20 27 513 89
internal_value=17.3573 -33.919 -3.08717 -22.8002 -1085.05 -4.25619 -12.3807 -92.7379 -72.8789 23.6308 -532.815 5.84022 72.9586 25.3973 -72.351 -366.483 -674.676 382.539 -41.6756 140.433 67.3 196.916 -25.134 -77.1849 -462.778 -33.315 106.558 353.678 -22.0155 -203.882
internal_weight=2745 2725 2703 2681 46 2635 2611 808 787 1803 50 1706 918 785 788 109 66 92 737 193 173 140 679 558 57 501 43 133 693 180
internal_count=2745 2725 2703 2681 46 2635 2611 808 787 1803 50 1706 918 785 788 109 66 92 737 193 173 140 679 558 57 501 43 133 693 180
is_linear=0
shrinkage=0.05


Tree=298
num_leaves=31
num_cat=0
split_feature=21 43 11 41 40 33 20 83 34 23 112 78 14 65 88 83 28 21 92 75 27 2 39 8 8 42 81 95 38 94
split_gain=3.6967e+11 1.25013e+11 2.59959e+10 1.87664e+10 1.74081e+10 2.31093e+10 6.11383e+09 2.83759e+09 3.96049e+09 3.34889e+09 5.04138e+09 4.41158e+09 4.01052e+09 3.2863e+09 2.52391e+09 4.21323e+09 2.26485e+09 3.03869e+09 5.02935e+09 3.35373e+09 2.50741e+09 5.80695e+09 6.71943e+09 6.08718e+09 6.69308e+09 4.045e+09 5.89938e+09 4.47445e+09 4.1265e+09 3.96782e+09
threshold=45.500000000000007 147.00000000000003 1449782.5200000003 73.500000000000014 44.500000000000007 229.50000000000003 20.500000000000004 585532.19000000006 8.5000000000000018 24.500000000000004 27.500000000000004 1832484.5000000002 1284791.2300000002 -0.2760944163666606 17140436.180000003 4971189.4100000011 73.500000000000014 22.500000000000004 10678621.800000003 6507369.995000001 23.500000000000004 118.50000000000001 23.500000000000004 4543.9355122058541 4114.975280452275 47.500000000000007 4428218.521428572 1176694.6200000003 84.500000000000014 1123246.7026875971
decision_type=2 2 2 2 2 2 2 2 2 2 2 2 2 2 2 2 2 2 2 2 2 2 2 2 2 2 2 2 2 2
left_child=1 2 3 4 5 6 7 -1 -9 11 -11 -10 13 -12 16 -16 17 20 -19 -20 -14 -22 29 24 25 26 27 -24 -29 -23
right_child=-2 -3 -4 -5 -6 -7 -8 8 9 10 12 -13 14 -15 15 -17 -18 18 19 -21 21 22 23 -25 -26 -27 -28 28 -30 -31
leaf_value=447.27744036587802 6624.9456266857342 -3972.96970703125 1790.6291619873045 -1507.5377319335939 1333.5532396952312 -1671.1926219395227 772.26022314453121 -633.30976506746731 49.622491611578532 -645.43440399169924 -830.90285576714416 962.9900388336182 92.486542239612604 -26.782435607910159 -890.58499407087061 99.541889814897019 -514.3815877278646 -151.74145991007489 1124.8524896240235 288.97374430338544 -213.16585941368427 -255.15768416967148 -701.04717178344731 -869.64856026389396 483.38429936726891 -20.709530958063098 -864.61987092759887 533.36816853841151 -242.37716117858886 283.74747757443515
leaf_weight=33 21 20 20 21 24 21 25 26 39 32 27 20 518 24 21 22 21 36 20 30 355 39 24 22 60 843 36 30 40 275
leaf_count=33 21 20 20 21 24 21 25 26 39 32 27 20 518 24 21 22 21 36 20 30 355 39 24 22 60 843 36 30 40 275
internal_value=16.4894 -34.4568 -5.32579 -18.7085 -6.96779 -19.159 -5.90736 -13.4099 -19.3485 -13.049 -21.9237 359.239 -13.7565 -452.493 -4.40221 -384.008 2.54673 7.20975 298.879 623.325 -3.97827 -32.9625 13.7667 -46.6662 -29.139 -60.7437 -320.35 -111.906 90.0851 216.813
internal_weight=2745 2724 2704 2684 2663 2639 2618 2593 2560 2534 2475 59 2443 51 2392 43 2349 2328 86 50 2242 1724 1369 1055 1033 973 130 94 70 314
internal_count=2745 2724 2704 2684 2663 2639 2618 2593 2560 2534 2475 59 2443 51 2392 43 2349 2328 86 50 2242 1724 1369 1055 1033 973 130 94 70 314
is_linear=0
shrinkage=0.05


Tree=299
num_leaves=31
num_cat=0
split_feature=17 23 11 37 52 88 11 18 17 65 101 51 3 22 29 115 80 92 51 80 9 18 52 52 19 78 50 56 80 19
split_gain=3.78831e+11 7.34516e+10 1.4961e+10 1.40774e+10 2.95666e+09 5.84545e+09 5.47829e+09 5.05138e+09 4.09495e+09 4.91477e+09 3.8799e+09 3.99023e+09 6.04403e+09 4.58086e+09 5.17302e+09 4.65136e+09 5.30235e+09 4.66924e+09 4.01156e+09 4.49756e+09 3.78589e+09 3.70441e+09 5.78887e+09 4.83612e+09 3.31498e+09 4.21033e+09 3.72536e+09 3.25237e+09 3.23867e+09 6.94696e+09
threshold=12317822.278103312 350.50000000000006 1449782.5200000003 87.500000000000014 25738.216298660365 16141183.795000002 39525.000000000007 17694.307106811226 4778111.1997032324 0.68391308835034159 5170295.4117646785 23485.560045601316 200.50000000000003 113.50000000000001 14.500000000000002 44.950482411328473 2782313.9000000004 7027362.3200000012 22533.42340184905 2013860.0700000003 693.50000000000011 25887.990928397889 34477.698598247815 33815.25310997443 23387.615237885657 3800220.7000000007 1.0213909860443835 19.500000000000004 3081865.9650000003 17005.835764164633
decision_type=2 2 2 2 2 2 2 2 2 2 2 2 2 2 2 2 2 2 2 2 2 2 2 2 2 2 2 2 2 2
left_child=1 2 3 4 5 10 7 -6 9 20 11 12 18 15 -15 16 -13 -17 -1 -20 -8 22 24 -23 26 -26 -9 -11 -28 -30
right_child=-2 -3 -4 -5 6 -7 8 21 -10 27 -12 13 -14 14 -16 17 -18 -19 19 -21 -22 23 -24 -25 25 -27 28 -29 29 -31
leaf_value=-48.592880373550841 6871.9683618164072 -3053.6081091308597 1317.0435942150298 -1228.2582631429038 785.95710327148436 -912.33407287597663 659.01352469461017 688.04097900390627 811.6582621912803 -516.80762076522376 -742.25964477539071 -79.105923897879464 872.63922210693363 603.9350689370292 -374.50436583432287 199.03552265469992 -1108.1063937279487 -300.74383141111934 -234.03139139811196 417.71239512634276 82.736121328253503 -950.88162899925601 787.23140462239587 -132.23434480726721 -80.291578928629562 -875.95178345390002 -130.93297842337606 291.23779098510744 952.78902060768814 46.140613830380325
leaf_weight=798 20 20 21 24 20 20 57 21 31 33 20 21 20 35 22 63 31 181 36 100 57 21 24 128 60 23 263 20 22 533
leaf_count=798 20 20 21 24 20 20 57 21 31 33 20 21 20 35 22 63 31 181 36 100 57 21 24 128 60 23 263 20 22 533
internal_value=15.665 -34.6565 -12.3352 -22.7365 -11.8596 -63.9045 41.533 -1.5053 283.895 185.927 -51.1173 -40.5413 12.6014 -184.162 226.292 -263.202 -692.549 -171.702 -5.81478 245.192 370.875 -15.8882 20.6099 -247.614 0.654455 -300.776 30.4741 -211.885 13.5928 82.0798
internal_weight=2745 2725 2705 2684 2660 1347 1313 1115 198 167 1327 1307 954 353 57 296 52 244 934 136 114 1095 946 149 922 83 839 53 818 555
internal_count=2745 2725 2705 2684 2660 1347 1313 1115 198 167 1327 1307 954 353 57 296 52 244 934 136 114 1095 946 149 922 83 839 53 818 555
is_linear=0
shrinkage=0.05


Tree=300
num_leaves=31
num_cat=0
split_feature=44 37 39 38 80 27 27 93 27 103 103 81 112 42 56 3 11 44 21 111 82 5 3 42 79 90 30 80 39 42
split_gain=2.58311e+11 1.5453e+11 3.4795e+10 1.34365e+10 5.20067e+09 2.80252e+09 4.37323e+09 2.93096e+09 5.11699e+09 4.98446e+09 3.12862e+09 4.18997e+09 4.57392e+09 3.66773e+09 3.29084e+09 4.29161e+09 3.56409e+09 3.11439e+09 3.68951e+09 3.47472e+09 4.39186e+09 4.72468e+09 3.08641e+09 5.14877e+09 3.39074e+09 4.12172e+09 3.59714e+09 4.57826e+09 3.86601e+09 2.89019e+09
threshold=69.500000000000014 95.500000000000014 87.500000000000014 272.50000000000006 11205167.445000002 139.50000000000003 128.50000000000003 3767697.3075892865 16.500000000000004 -2045130.3849999995 -362694.74500000005 3270534.2121428577 105.50000000000001 112.50000000000001 20.500000000000004 105.50000000000001 537262.28500000003 36.500000000000007 18.500000000000004 18.652843510330772 648860.56784482067 4.6004201680672274 162.50000000000003 79.500000000000014 6547171.1700000009 1370158.1088559406 3.5000000000000004 4972846.370000001 20.500000000000004 46.500000000000007
decision_type=2 2 2 2 2 2 2 2 2 2 2 2 2 2 2 2 2 2 2 2 2 2 2 2 2 2 2 2 2 2
left_child=1 2 3 4 5 6 7 9 -9 -1 11 -10 -13 17 22 -16 -17 19 -19 -12 21 29 23 24 25 -14 27 28 -27 -21
right_child=-2 -3 -4 -5 -6 -7 -8 8 10 -11 13 12 14 -15 15 16 -18 18 -20 20 -22 -23 -24 -25 -26 26 -28 -29 -30 -31
leaf_value=-809.9960752941314 5302.5464886209238 -3648.944809065194 2000.7609006014736 -1014.2633197307587 706.84602095992477 584.66388695126489 -616.77829573495046 755.2617624136119 428.2375240418969 -32.737573869680539 -208.20949537570661 -413.86255997367527 562.14671979631692 712.41713953018188 405.93690314914875 -493.52706739736163 207.19248856254245 68.235255501188078 -801.98848935081844 -234.8002868652344 94.002202142758733 1029.1130218505859 563.69469358382685 -733.10637649536136 640.48293736164396 -149.300855022928 333.32932071685792 149.15553025638357 -1056.4540617624918 445.07872159039539
leaf_weight=21 23 29 22 32 27 21 28 26 41 1160 78 92 28 24 23 86 23 29 21 22 639 26 31 20 26 23 32 34 24 54
leaf_count=21 23 29 22 32 27 21 28 26 41 1160 78 92 28 24 23 86 23 29 21 22 639 26 31 20 26 23 32 34 24 54
internal_value=25.8324 -18.4289 20.3787 4.1883 16.445 9.36257 4.73548 11.4728 60.3564 -46.5584 47.2259 -55.2896 -100.142 102.674 -17.6779 -214.707 -345.669 85.834 -297.259 109.222 142.636 447.31 101.624 25.0243 115.818 19.0718 -115.495 -292.809 -612.528 248.272
internal_weight=2765 2742 2713 2691 2659 2632 2611 2583 1402 1181 1376 483 442 893 350 132 109 869 50 819 741 102 218 187 167 141 113 81 47 76
internal_count=2765 2742 2713 2691 2659 2632 2611 2583 1402 1181 1376 483 442 893 350 132 109 869 50 819 741 102 218 187 167 141 113 81 47 76
is_linear=0
shrinkage=0.05


end of trees

feature_importances:
line_revenue_sum=986
line_cogs_sum=479
category_Streetwear_count=419
discount_amount_sum=388
unit_price_std=238
line_revenue_std=204
line_cogs_std=180
quantity_mean=148
segment_Everyday_count=136
segment_Performance_count=130
discount_amount_mean=125
region_EAST_count=124
revenue_per_customer=124
unit_price_max=119
product_id_nunique=113
source_organic_search_count=113
Revenue_diff_28=113
source_direct_count=112
Revenue_diff_1=109
payment_paypal_count=107
region_CENTRAL_count=106
source_social_media_count=106
revenue_per_order=105
quantity_sum=101
unit_price_mean=101
Revenue_lag_365=99
line_cogs_mean=97
region_WEST_count=97
payment_credit_card_count=97
category_Outdoor_count=96
day_of_year_cos=96
discount_amount_std=94
segment_Balanced_count=94
Revenue_diff_7=91
category_GenZ_count=89
source_referral_count=86
unit_price_min=85
Revenue_diff_365=84
source_paid_search_count=76
discount_ratio=76
line_revenue_mean=73
payment_cod_count=73
category_Casual_count=72
source_email_campaign_count=71
order_item_id_count=69
return_ratio=69
quantity_std=68
order_id_nunique=67
items_per_order=65
payment_apple_pay_count=62
payment_bank_transfer_count=62
Revenue_lag_28=61
segment_Activewear_count=56
segment_Standard_count=56
Revenue_lag_56=56
segment_All-weather_count=55
day_of_year_sin=55
legacy_ratio=53
segment_Premium_count=52
Revenue_expanding_std=51
Revenue_rolling_std_7=50
Revenue_rolling_min_7=48
order_id_nunique_lag_1=47
Revenue_expanding_mean=46
order_id_nunique_lag_28=46
customer_id_nunique=45
day=44
Revenue_lag_1=44
Revenue_lag_7=44
Revenue_rolling_std_365=41
Revenue_rolling_mean_365=40
Revenue_rolling_std_14=39
Revenue_rolling_min_28=37
day_of_year=36
Revenue_rolling_mean_7=35
order_id_nunique_rolling_min_7=33
Revenue_rolling_min_14=32
Revenue_rolling_mean_14=31
Revenue_rolling_mean_56=31
customer_id_nunique_lag_1=30
Revenue_rolling_min_56=29
Revenue_rolling_max_14=28
Revenue_rolling_std_56=28
order_id_nunique_rolling_mean_7=28
order_id_nunique_rolling_max_7=27
segment_Trendy_count=26
Revenue_lag_14=26
order_id_nunique_lag_7=26
customer_id_nunique_lag_28=26
Revenue_rolling_max_7=24
order_id_nunique_rolling_std_28=24
Revenue_rolling_mean_28=23
Revenue_rolling_max_28=23
Revenue_rolling_max_56=23
Revenue_rolling_std_28=22
order_id_nunique_rolling_std_7=22
order_id_nunique_rolling_min_28=21
customer_id_nunique_rolling_std_7=21
day_of_week=18
day_of_week_cos=16
order_id_nunique_rolling_mean_28=16
day_of_week_sin=15
month_cos=12
customer_id_nunique_rolling_mean_28=12
order_id_nunique_rolling_max_28=11
customer_id_nunique_lag_7=11
customer_id_nunique_rolling_min_7=11
customer_id_nunique_rolling_std_28=11
week_of_year=7
month_sin=7
Revenue_rolling_min_365=7
Revenue_rolling_max_365=7
customer_id_nunique_rolling_mean_7=7
customer_id_nunique_rolling_min_28=6
year=5
month=4
customer_id_nunique_rolling_max_28=4
customer_id_nunique_rolling_max_7=3
is_quarter_start=2
week_of_month=2
is_month_start=1

parameters:
[boosting: gbdt]
[objective: regression]
[metric: rmse]
[tree_learner: serial]
[device_type: cpu]
[data_sample_strategy: bagging]
[data: ]
[valid: ]
[num_iterations: 2000]
[learning_rate: 0.05]
[num_leaves: 31]
[num_threads: -1]
[seed: 42]
[deterministic: 0]
[force_col_wise: 0]
[force_row_wise: 0]
[histogram_pool_size: -1]
[max_depth: -1]
[min_data_in_leaf: 20]
[min_sum_hessian_in_leaf: 0.001]
[bagging_fraction: 0.8]
[pos_bagging_fraction: 1]
[neg_bagging_fraction: 1]
[bagging_freq: 5]
[bagging_seed: 400]
[bagging_by_query: 0]
[feature_fraction: 0.8]
[feature_fraction_bynode: 1]
[feature_fraction_seed: 30056]
[extra_trees: 0]
[extra_seed: 12879]
[early_stopping_round: 0]
[early_stopping_min_delta: 0]
[first_metric_only: 0]
[max_delta_step: 0]
[lambda_l1: 0]
[lambda_l2: 0]
[linear_lambda: 0]
[min_gain_to_split: 0]
[drop_rate: 0.1]
[max_drop: 50]
[skip_drop: 0.5]
[xgboost_dart_mode: 0]
[uniform_drop: 0]
[drop_seed: 17869]
[top_rate: 0.2]
[other_rate: 0.1]
[min_data_per_group: 100]
[max_cat_threshold: 32]
[cat_l2: 10]
[cat_smooth: 10]
[max_cat_to_onehot: 4]
[top_k: 20]
[monotone_constraints: ]
[monotone_constraints_method: basic]
[monotone_penalty: 0]
[feature_contri: ]
[forcedsplits_filename: ]
[refit_decay_rate: 0.9]
[cegb_tradeoff: 1]
[cegb_penalty_split: 0]
[cegb_penalty_feature_lazy: ]
[cegb_penalty_feature_coupled: ]
[path_smooth: 0]
[interaction_constraints: ]
[verbosity: -1]
[saved_feature_importance_type: 0]
[use_quantized_grad: 0]
[num_grad_quant_bins: 4]
[quant_train_renew_leaf: 0]
[stochastic_rounding: 1]
[linear_tree: 0]
[max_bin: 255]
[max_bin_by_feature: ]
[min_data_in_bin: 3]
[bin_construct_sample_cnt: 200000]
[data_random_seed: 175]
[is_enable_sparse: 1]
[enable_bundle: 1]
[use_missing: 1]
[zero_as_missing: 0]
[feature_pre_filter: 1]
[pre_partition: 0]
[two_round: 0]
[header: 0]
[label_column: ]
[weight_column: ]
[group_column: ]
[ignore_column: ]
[categorical_feature: ]
[forcedbins_filename: ]
[precise_float_parser: 0]
[parser_config_file: ]
[objective_seed: 16083]
[num_class: 1]
[is_unbalance: 0]
[scale_pos_weight: 1]
[sigmoid: 1]
[boost_from_average: 1]
[reg_sqrt: 0]
[alpha: 0.9]
[fair_c: 1]
[poisson_max_delta_step: 0.7]
[tweedie_variance_power: 1.5]
[lambdarank_truncation_level: 30]
[lambdarank_norm: 1]
[label_gain: ]
[lambdarank_position_bias_regularization: 0]
[eval_at: ]
[multi_error_top_k: 1]
[auc_mu_weights: ]
[num_machines: 1]
[local_listen_port: 12400]
[time_out: 120]
[machine_list_filename: ]
[machines: ]
[gpu_platform_id: -1]
[gpu_device_id: -1]
[gpu_use_dp: 0]
[num_gpu: 1]

end of parameters

pandas_categorical:[]
